-- MariaDB dump 10.17  Distrib 10.4.15-MariaDB, for Linux (x86_64)
--
-- Host: mysql.hostinger.ro    Database: u574849695_25
-- ------------------------------------------------------
-- Server version	10.4.15-MariaDB-cll-lve

/*!40101 SET @OLD_CHARACTER_SET_CLIENT=@@CHARACTER_SET_CLIENT */;
/*!40101 SET @OLD_CHARACTER_SET_RESULTS=@@CHARACTER_SET_RESULTS */;
/*!40101 SET @OLD_COLLATION_CONNECTION=@@COLLATION_CONNECTION */;
/*!40101 SET NAMES utf8mb4 */;
/*!40103 SET @OLD_TIME_ZONE=@@TIME_ZONE */;
/*!40103 SET TIME_ZONE='+00:00' */;
/*!40014 SET @OLD_UNIQUE_CHECKS=@@UNIQUE_CHECKS, UNIQUE_CHECKS=0 */;
/*!40014 SET @OLD_FOREIGN_KEY_CHECKS=@@FOREIGN_KEY_CHECKS, FOREIGN_KEY_CHECKS=0 */;
/*!40101 SET @OLD_SQL_MODE=@@SQL_MODE, SQL_MODE='NO_AUTO_VALUE_ON_ZERO' */;
/*!40111 SET @OLD_SQL_NOTES=@@SQL_NOTES, SQL_NOTES=0 */;

--
-- Table structure for table `contacts`
--

DROP TABLE IF EXISTS `contacts`;
/*!40101 SET @saved_cs_client     = @@character_set_client */;
/*!40101 SET character_set_client = utf8 */;
CREATE TABLE `contacts` (
  `contacts_name` varchar(145) COLLATE utf8mb4_unicode_ci DEFAULT NULL,
  `contacts_email` varchar(200) COLLATE utf8mb4_unicode_ci DEFAULT NULL,
  `contacts_phones` bigint(20) DEFAULT NULL,
  `vacancy_id_vacancy` int(11) NOT NULL,
  `hr_users_hr_id` int(10) unsigned NOT NULL,
  KEY `fk_contacts_vacancy1_idx` (`vacancy_id_vacancy`),
  KEY `fk_contacts_hr_users1_idx` (`hr_users_hr_id`),
  CONSTRAINT `fk_contacts_hr_users1` FOREIGN KEY (`hr_users_hr_id`) REFERENCES `hr_users` (`hr_id`) ON DELETE NO ACTION ON UPDATE NO ACTION,
  CONSTRAINT `fk_contacts_vacancy1` FOREIGN KEY (`vacancy_id_vacancy`) REFERENCES `vacancy` (`id_vacancy`) ON DELETE NO ACTION ON UPDATE NO ACTION
) ENGINE=InnoDB DEFAULT CHARSET=utf8mb4 COLLATE=utf8mb4_unicode_ci;
/*!40101 SET character_set_client = @saved_cs_client */;

--
-- Dumping data for table `contacts`
--

LOCK TABLES `contacts` WRITE;
/*!40000 ALTER TABLE `contacts` DISABLE KEYS */;
INSERT INTO `contacts` VALUES ('Shanny Halvorson','maci.hilll@example.org',79747915270,75,21),('Serena Nitzsche Jr.','daryl.feil@example.net',79090251225,50,29),('Lydia Tillman','simone.schroeder@example.com',79735696096,93,23),('Abdullah Predovic','shayna.grimes@example.org',79954290387,47,51),('Prof. Daron Runolfsdottir Sr.','ceichmann@example.org',79336931183,71,95),('Lillian Goodwin','alek07@example.org',79391905839,89,33),('Ian Kutch II','tracey.torp@example.net',79640087551,40,90),('Demario Hand','qparker@example.net',79432490269,96,32),('Miss Ashtyn Miller Sr.','harvey.brendon@example.com',79577791887,7,76),('Marlene Cronin','clotilde.toy@example.net',79749328000,57,20),('Mr. Emmet Lynch IV','baylee.hackett@example.net',79659378028,71,45),('Prof. Grayce Purdy','fmonahan@example.com',79982641887,63,69),('Bettie Hoppe','sonny.sanford@example.org',79106266924,100,34),('Laurie Carroll','izabella15@example.org',79163813873,69,68),('Enrico Corkery III','reta33@example.com',79332035898,10,18),('Toney Johnston','xparisian@example.net',79535173420,94,25),('Ulises Strosin','trudie96@example.org',79212531295,93,59),('Aliza Rogahn','alexys.abbott@example.org',79559435761,26,65),('Mrs. Shany Toy','treutel.green@example.com',79513378807,32,10),('Lorena Zemlak V','egaylord@example.net',79722796385,86,92),('Robbie Abernathy PhD','treutel.bria@example.net',79997444035,91,69),('Thurman Marvin','darron.wilkinson@example.com',79355514832,17,61),('Maximillian Blanda','yazmin.mosciski@example.org',79347316013,47,4),('Millie Koss','hilll.letitia@example.org',79012824379,50,82),('Elisha Bartell III','trace.gorczany@example.org',79356827368,87,6),('Mr. Maxwell Farrell V','gcollins@example.com',79123677808,20,30),('Mrs. Emmanuelle Rath','elwin.schmeler@example.net',79659263059,36,40),('Chaim Boyle','catherine33@example.org',79384285300,88,2),('Carleton Parisian','florine08@example.com',79779957387,48,52),('Sabrina Graham','little.izaiah@example.net',79904867648,12,89),('Caroline Buckridge IV','ischumm@example.net',79709987164,97,12),('Dr. Salvador Morar DVM','alindgren@example.com',79505875471,67,73),('Carissa Satterfield','kory54@example.com',79089705680,20,18),('Dr. Jalon Hyatt MD','gusikowski.wayne@example.net',79671820270,78,35),('Alicia Feest','runolfsdottir.orville@example.org',79390395508,16,23),('Lukas Hintz I','xhyatt@example.net',79909642485,60,12),('Dessie Leuschke','eva.johnston@example.org',79421050237,99,67),('Dameon Wiegand','krajcik.ilene@example.org',79817956784,5,12),('Lucius Reilly','erling86@example.net',79180748310,58,44),('Dagmar Cummerata I','frederic.hand@example.net',79933933892,82,43),('Ms. Cathrine Kiehn','trantow.rollin@example.org',79231096774,2,32),('Marielle Kuphal','bailee92@example.net',79946831871,71,89),('Stephan Green','feeney.juliana@example.net',79146250256,96,11),('Domenico Bode','wolf.serena@example.org',79028784941,36,66),('Prof. Alvis Schultz','olga19@example.org',79460596276,12,56),('Mrs. Alessandra Schaefer PhD','kylee.hodkiewicz@example.net',79203984553,84,29),('Kelley Lubowitz','alexis81@example.org',79516574526,17,91),('Dr. Ophelia Murphy Jr.','abigayle83@example.net',79836106004,39,14),('Dr. Otis Wolf IV','kondricka@example.net',79643466320,93,93),('Makayla Kirlin','eleazar75@example.net',79917302441,86,100),('Taylor Crooks','jett39@example.net',79582707861,64,6),('Katarina Ernser','herzog.tania@example.org',79618543238,41,62),('Amanda Feest','ahamill@example.com',79086744251,1,61),('Conrad Schoen Jr.','io\'keefe@example.com',79322757311,78,10),('Prof. Filiberto Pfannerstill DVM','goldner.skye@example.net',79372407323,26,43),('Dr. Ignatius Kemmer','marquis29@example.com',79303822107,81,66),('Mr. Alex Zboncak','salma.ziemann@example.org',79375046972,2,39),('Dr. Vicenta Connelly','tyrel19@example.net',79940101034,86,83),('Prof. Lyric Gerlach','cassin.madelynn@example.org',79676068843,64,67),('Ernie Sipes','vroberts@example.org',79977227265,2,91),('Ambrose Collins','goldner.leonora@example.org',79687534058,82,72),('Mireya Gorczany Sr.','loma.halvorson@example.net',79926720628,26,79),('Miss Sadye Koepp','cmedhurst@example.net',79573032756,12,63),('Aaron Kling','hirthe.riley@example.net',79237961667,80,89),('Prof. Chase Runolfsson DDS','giovani.schulist@example.net',79810353993,34,13),('Prof. Ernest Wilkinson','brody.bailey@example.net',79797492343,33,85),('Bridgette Kiehn','weimann.vaughn@example.net',79103370150,57,1),('Jacinto Pagac DVM','qjenkins@example.org',79588132686,73,79),('Kyler Huel','stark.rosie@example.com',79905564408,80,97),('Carlotta Baumbach','candido.rutherford@example.org',79140807719,93,45),('Mr. Murphy Graham','scotty91@example.net',79066424454,68,21),('Brice Gleason','blake40@example.net',79732379978,62,29),('Delaney Brakus I','tbecker@example.net',79312105991,95,33),('Dr. Raheem Hyatt','mitchell.karen@example.com',79025868952,21,32),('Gust Nikolaus','reed43@example.com',79336060743,7,94),('Kavon Daugherty','lurline02@example.com',79182053321,62,89),('Arvel Baumbach','destiny16@example.org',79793517867,85,61),('Prof. Caleb Aufderhar','loyal.marks@example.org',79427967590,54,85),('Milan Purdy','witting.rogelio@example.org',79451820298,46,3),('Aaliyah Satterfield','ondricka.janiya@example.org',79064544803,3,53),('Donato Gutkowski','jarvis.quigley@example.org',79892528384,51,85),('Miss Leslie Jacobi','amos.purdy@example.net',79749728600,92,9),('Prof. Mercedes Pacocha MD','kasandra10@example.org',79180772166,91,15),('Mrs. Christa Lang Sr.','cummings.erling@example.org',79657924854,68,45),('Akeem Wiza','reece.carter@example.org',79491894027,18,18),('Dr. Karina Reichel','cordia16@example.org',79372790488,56,58),('Ladarius Wuckert','jazmin98@example.org',79579790185,64,10),('Prof. Chadd Willms V','seamus04@example.net',79600982828,57,57),('Vella Douglas','mohamed02@example.com',79810416041,55,40),('Genesis O\'Connell','gracie.homenick@example.org',79572358269,83,77),('Prof. Jeffry Murray','maybell72@example.org',79567155390,58,47),('Mervin Kuhic IV','welch.donny@example.net',79297516293,4,12),('Mr. Dorcas Bradtke PhD','naomie23@example.org',79381747344,29,55),('Gardner Littel','crystal55@example.com',79263219369,92,9),('Rickey Hudson','easter.bartell@example.com',79399257807,20,1),('Bette Ruecker','runolfsdottir.favian@example.net',79956747428,24,68),('Roxanne Emard','purdy.milan@example.com',79931905379,76,94),('Brice Rolfson','judge65@example.org',79418265002,74,1),('Brooke Wilkinson','ziemann.gabrielle@example.net',79442470454,86,47),('Ms. Kelly Tremblay','brook25@example.com',79223292285,22,90);
/*!40000 ALTER TABLE `contacts` ENABLE KEYS */;
UNLOCK TABLES;

--
-- Table structure for table `counters`
--

DROP TABLE IF EXISTS `counters`;
/*!40101 SET @saved_cs_client     = @@character_set_client */;
/*!40101 SET character_set_client = utf8 */;
CREATE TABLE `counters` (
  `id_vacancy_counters` int(11) NOT NULL AUTO_INCREMENT,
  `counters_views` bigint(20) DEFAULT NULL,
  `counters_responses` bigint(20) DEFAULT NULL,
  `counters_unread_responses` bigint(20) DEFAULT NULL,
  `counters_resumes_in_progress` bigint(20) DEFAULT NULL,
  `counters_invitations` bigint(20) DEFAULT NULL,
  `vacancy_id_vacancy` int(11) NOT NULL,
  PRIMARY KEY (`id_vacancy_counters`),
  KEY `fk_counters_vacancy1_idx` (`vacancy_id_vacancy`),
  CONSTRAINT `fk_counters_vacancy1` FOREIGN KEY (`vacancy_id_vacancy`) REFERENCES `vacancy` (`id_vacancy`) ON DELETE NO ACTION ON UPDATE NO ACTION
) ENGINE=InnoDB AUTO_INCREMENT=701 DEFAULT CHARSET=utf8mb4 COLLATE=utf8mb4_unicode_ci;
/*!40101 SET character_set_client = @saved_cs_client */;

--
-- Dumping data for table `counters`
--

LOCK TABLES `counters` WRITE;
/*!40000 ALTER TABLE `counters` DISABLE KEYS */;
INSERT INTO `counters` VALUES (601,0,812653426,65,835410224,434,46),(602,564987,81351050,190,2834472,337588233,25),(603,2,94,64338947,48,82709,20),(604,12845,799456,783,74121,14258,46),(605,3,86840652,5,230242,2544,59),(606,900690,95429,0,29,142,63),(607,26357245,7,150449189,0,681,65),(608,0,633046142,94,828210716,3269441,48),(609,936614,932,7147856,5918,265432,26),(610,223,2674025,121,3011919,25,30),(611,80,59353,38,48312113,85,23),(612,8266092,54098407,362,0,9,33),(613,7819,37781,42,9671,51521007,31),(614,30590,3821924,58442057,1060054,10078824,37),(615,7,420,4,77109510,85406,14),(616,98,3,304599,3781,81,80),(617,3221,821776,299149,1313,302,41),(618,84519708,7976391,96065,7,6838,57),(619,219118435,5,312385,0,4903,17),(620,184135,0,817052,24,411,91),(621,685,4903540,53750588,676944,45924,94),(622,563833568,59525426,9385354,1210,0,90),(623,39412,40,397492562,66536910,0,76),(624,8422518,9,31,44469455,0,83),(625,8777,504673971,5,360,5,90),(626,0,49568,68,807407,894,76),(627,185320314,0,37625,187944439,26206,30),(628,42,344541,2,12085,209101281,46),(629,270615,81978,30682777,81,13591,59),(630,20321983,1515,5639,389729257,52169770,21),(631,24210,0,5847587,69616650,5003,47),(632,5899222,88,7298154,43280498,44638853,34),(633,3392,83847985,0,39,814755,86),(634,0,736397913,359,28,281096,26),(635,801355,14194356,310,9816043,21,92),(636,3040237,50,84,714,50796800,93),(637,50,255050,7507,73678299,1479354,18),(638,93702888,6860861,226100163,45,90,49),(639,6,1,8238725,3,5,20),(640,5338,0,3,0,530257,69),(641,0,56395,812,61,126019874,34),(642,0,17,0,3,878,77),(643,0,0,136107,772,5296,23),(644,8403440,33113,90598546,4577,91,13),(645,46,4168,30,93314527,482638,95),(646,6,0,34168,4055,13771445,4),(647,0,74672495,3,0,87805,98),(648,65443,0,854,697,22,4),(649,10,2,8296897,93678,71735,33),(650,13,1655,57846651,43,0,90),(651,0,94835,37970186,4082594,3982,76),(652,5,8497,934688740,2205,38589,72),(653,15207,6889324,3937932,47163770,82931,72),(654,994,0,3009,7705719,257447,100),(655,85,9,5110598,1,47,60),(656,44179992,6,2063501,978467,3340693,72),(657,0,777938,94,383086625,2421434,91),(658,7,75,0,257,325,48),(659,48,66733,949,7,3004,16),(660,0,73,56572,5533718,26,71),(661,45653,8,217607054,7966,18780,72),(662,2583850,2765948,287135797,26567858,193539,58),(663,5078,0,35235,633439,345671,34),(664,1281,110,56539637,7241,949,85),(665,5,7072,0,51907,4097284,28),(666,543,0,4985,1206967,5,75),(667,69300659,68194,83,4750,321,57),(668,53,3335,6,4549,74546933,74),(669,839,95185047,0,919886007,618,72),(670,29552815,691501488,338732,668,816,28),(671,27025661,7,84,715481,9,10),(672,544385,724,585,60675,105104970,4),(673,5191,7909,78,69,84361818,85),(674,42690,5180,3799748,4,19789,83),(675,47943044,518,9177686,4990,43100,35),(676,6636563,79,707917285,9579580,655,92),(677,3952,2,4,23674108,9412,7),(678,387380477,98100,5241,42646353,62661,86),(679,0,0,453563,0,3,38),(680,330589,3,9,8736,1,26),(681,8,22114665,0,868,5196,72),(682,2495,883,14,3800374,1,17),(683,546,99273,93589181,105771,22990693,31),(684,748482,470482,935796878,614944883,4282,48),(685,6,945612208,8,804,35,63),(686,7334,84,7955638,36871593,758053,5),(687,0,9604,0,26423093,1,99),(688,718167,0,253,215,9844,29),(689,196641,31936839,6,0,0,34),(690,52,502567,45,6957393,30830,11),(691,7859,0,0,5849298,0,84),(692,592,925,9198,24698,8988,52),(693,21,34974929,5,82875619,30,30),(694,627,76,3,665,8569951,83),(695,484608197,421079,51217,8,42,17),(696,6391,4,98,5,8,37),(697,939,604,106972716,35450178,7926,1),(698,9733,65,3,5,5064,19),(699,0,19943,40797,44494,1,61),(700,685292520,62449262,19,109251,21204720,94);
/*!40000 ALTER TABLE `counters` ENABLE KEYS */;
UNLOCK TABLES;

--
-- Table structure for table `hr_available_permissions`
--

DROP TABLE IF EXISTS `hr_available_permissions`;
/*!40101 SET @saved_cs_client     = @@character_set_client */;
/*!40101 SET character_set_client = utf8 */;
CREATE TABLE `hr_available_permissions` (
  `id_hr_permissions` int(11) NOT NULL AUTO_INCREMENT,
  `permissions_name` enum('Администратор','Пользователь') COLLATE utf8mb4_unicode_ci NOT NULL,
  `hr_users_hr_id` int(10) unsigned NOT NULL,
  PRIMARY KEY (`id_hr_permissions`),
  KEY `fk_hr_available_permissions_hr_users_idx` (`hr_users_hr_id`),
  CONSTRAINT `fk_hr_available_permissions_hr_users` FOREIGN KEY (`hr_users_hr_id`) REFERENCES `hr_users` (`hr_id`) ON DELETE NO ACTION ON UPDATE NO ACTION
) ENGINE=InnoDB AUTO_INCREMENT=101 DEFAULT CHARSET=utf8mb4 COLLATE=utf8mb4_unicode_ci;
/*!40101 SET character_set_client = @saved_cs_client */;

--
-- Dumping data for table `hr_available_permissions`
--

LOCK TABLES `hr_available_permissions` WRITE;
/*!40000 ALTER TABLE `hr_available_permissions` DISABLE KEYS */;
INSERT INTO `hr_available_permissions` VALUES (1,'Администратор',74),(2,'Администратор',11),(3,'Администратор',98),(4,'Пользователь',85),(5,'Администратор',42),(6,'Администратор',33),(7,'Администратор',41),(8,'Пользователь',92),(9,'Администратор',56),(10,'Администратор',32),(11,'Администратор',83),(12,'Администратор',45),(13,'Пользователь',4),(14,'Пользователь',100),(15,'Администратор',87),(16,'Администратор',35),(17,'Администратор',12),(18,'Администратор',27),(19,'Администратор',91),(20,'Администратор',30),(21,'Пользователь',14),(22,'Администратор',32),(23,'Администратор',16),(24,'Администратор',53),(25,'Пользователь',34),(26,'Пользователь',68),(27,'Пользователь',28),(28,'Администратор',6),(29,'Администратор',66),(30,'Администратор',7),(31,'Пользователь',46),(32,'Администратор',39),(33,'Пользователь',18),(34,'Администратор',43),(35,'Пользователь',24),(36,'Администратор',59),(37,'Пользователь',76),(38,'Администратор',64),(39,'Пользователь',51),(40,'Пользователь',31),(41,'Пользователь',96),(42,'Администратор',34),(43,'Администратор',76),(44,'Пользователь',100),(45,'Администратор',34),(46,'Администратор',62),(47,'Пользователь',35),(48,'Пользователь',45),(49,'Администратор',88),(50,'Администратор',25),(51,'Администратор',75),(52,'Администратор',2),(53,'Администратор',56),(54,'Пользователь',90),(55,'Пользователь',54),(56,'Администратор',90),(57,'Администратор',58),(58,'Администратор',81),(59,'Администратор',95),(60,'Пользователь',23),(61,'Пользователь',88),(62,'Пользователь',41),(63,'Пользователь',62),(64,'Пользователь',6),(65,'Администратор',83),(66,'Администратор',86),(67,'Администратор',65),(68,'Пользователь',59),(69,'Пользователь',50),(70,'Администратор',16),(71,'Администратор',89),(72,'Администратор',45),(73,'Администратор',50),(74,'Администратор',64),(75,'Пользователь',44),(76,'Администратор',83),(77,'Пользователь',26),(78,'Администратор',78),(79,'Пользователь',27),(80,'Администратор',14),(81,'Пользователь',2),(82,'Пользователь',2),(83,'Администратор',15),(84,'Администратор',58),(85,'Администратор',91),(86,'Администратор',69),(87,'Администратор',47),(88,'Пользователь',48),(89,'Администратор',50),(90,'Администратор',42),(91,'Пользователь',71),(92,'Пользователь',38),(93,'Администратор',82),(94,'Администратор',33),(95,'Администратор',43),(96,'Администратор',65),(97,'Пользователь',19),(98,'Администратор',8),(99,'Администратор',23),(100,'Администратор',68);
/*!40000 ALTER TABLE `hr_available_permissions` ENABLE KEYS */;
UNLOCK TABLES;

--
-- Table structure for table `hr_profiles`
--

DROP TABLE IF EXISTS `hr_profiles`;
/*!40101 SET @saved_cs_client     = @@character_set_client */;
/*!40101 SET character_set_client = utf8 */;
CREATE TABLE `hr_profiles` (
  `id_hr_profiles` int(11) NOT NULL AUTO_INCREMENT,
  `hr_firstname` varchar(255) COLLATE utf8mb4_unicode_ci NOT NULL,
  `hr_lastname` varchar(255) COLLATE utf8mb4_unicode_ci NOT NULL,
  `hr_post` varchar(255) COLLATE utf8mb4_unicode_ci NOT NULL,
  `hr_permissions` varchar(255) COLLATE utf8mb4_unicode_ci DEFAULT NULL,
  `hr_phone` bigint(20) NOT NULL,
  `hr_additional_phone` bigint(20) DEFAULT NULL,
  `hr_users_hr_id` int(10) unsigned NOT NULL,
  PRIMARY KEY (`id_hr_profiles`),
  KEY `fk_hr_profiles_hr_users1_idx` (`hr_users_hr_id`),
  CONSTRAINT `fk_hr_profiles_hr_users1` FOREIGN KEY (`hr_users_hr_id`) REFERENCES `hr_users` (`hr_id`) ON DELETE NO ACTION ON UPDATE NO ACTION
) ENGINE=InnoDB AUTO_INCREMENT=101 DEFAULT CHARSET=utf8mb4 COLLATE=utf8mb4_unicode_ci;
/*!40101 SET character_set_client = @saved_cs_client */;

--
-- Dumping data for table `hr_profiles`
--

LOCK TABLES `hr_profiles` WRITE;
/*!40000 ALTER TABLE `hr_profiles` DISABLE KEYS */;
INSERT INTO `hr_profiles` VALUES (1,'Monica','Lemke','Директор по персоналу',' Пользователь',79619573229,79281578053,36),(2,'Terrence','Erdman',' Руководитель отдела',' Пользователь',79825317205,79476442402,26),(3,'Michel','Monahan',' Руководитель отдела','Администратор',79443197919,79759909302,75),(4,'Carley','McClure',' Менеджер',' Пользователь',79689061918,79384126004,88),(5,'Lucile','Ruecker',' Ведущий менеджер',' Пользователь',79335047164,79798055496,43),(6,'Thalia','Willms',' Специалист',' Пользователь',79929135392,79712588428,99),(7,'Jovani','Christiansen','Директор по персоналу',' Пользователь',79365054644,79063049316,84),(8,'Raymundo','Sipes',' Ведущий менеджер','Администратор',79639080273,79615187481,7),(9,'Tristian','Corkery',' Менеджер','Администратор',79083152197,79268622997,45),(10,'Viviane','Lynch',' Руководитель отдела','Администратор',79916200402,79829415209,59),(11,'Coby','McGlynn','Директор по персоналу',' Пользователь',79667781813,79396947115,5),(12,'Emmalee','Littel',' Менеджер','Администратор',79872556911,79170771501,83),(13,'Karen','Dickens',' Специалист',' Пользователь',79408947436,79587089257,1),(14,'Delta','Considine',' Ведущий менеджер',' Пользователь',79065494360,79873169920,14),(15,'Cody','Abshire',' Руководитель отдела','Администратор',79441404973,79865946365,6),(16,'Kailee','Lehner',' Ведущий менеджер',' Пользователь',79204935703,79521595489,55),(17,'Luther','Lockman',' Менеджер','Администратор',79580842223,79810133775,98),(18,'Myron','Harris',' Специалист',' Пользователь',79719638658,79343928615,83),(19,'Antoinette','Boyer',' Специалист','Администратор',79182683380,79535808149,25),(20,'Jayce','Lebsack',' Руководитель отдела','Администратор',79878044741,79170072066,2),(21,'Santina','Turner',' Ведущий менеджер',' Пользователь',79685609649,79717909858,97),(22,'Aglae','McKenzie',' Ведущий менеджер',' Пользователь',79824156315,79675013870,41),(23,'Grady','Kilback',' Ведущий менеджер','Администратор',79959476955,79018390045,19),(24,'Tiffany','Bogisich',' Менеджер',' Пользователь',79224189628,79671768105,3),(25,'Margot','Tremblay',' Специалист',' Пользователь',79485238025,79392811356,57),(26,'Gaetano','Jast','Директор по персоналу','Администратор',79987558006,79061437459,88),(27,'Tyshawn','Jaskolski',' Ведущий менеджер',' Пользователь',79787963698,79171155855,92),(28,'Edyth','Wisoky',' Руководитель отдела','Администратор',79160466629,79471065802,23),(29,'Wiley','Adams',' Руководитель отдела','Администратор',79039090027,79732690380,56),(30,'Jaqueline','Kovacek',' Специалист',' Пользователь',79040575227,79044125617,10),(31,'Modesta','Langworth','Директор по персоналу','Администратор',79343876882,79171381126,44),(32,'Roselyn','Gleichner','Директор по персоналу','Администратор',79242285219,79965749265,92),(33,'Randal','Reilly','Директор по персоналу',' Пользователь',79224658595,79072825009,36),(34,'Rafaela','Leuschke',' Руководитель отдела',' Пользователь',79767049908,79375155385,18),(35,'Raquel','Reinger',' Ведущий менеджер',' Пользователь',79693035620,79582901855,79),(36,'Bell','Jones',' Менеджер','Администратор',79284188448,79249519732,78),(37,'Chasity','Haley',' Ведущий менеджер','Администратор',79441910143,79306802839,17),(38,'Orie','Keebler',' Руководитель отдела',' Пользователь',79095256223,79657310144,63),(39,'Otto','Yost',' Специалист','Администратор',79313569388,79365626002,84),(40,'Karlee','Tremblay',' Ведущий менеджер',' Пользователь',79625017691,79634001823,62),(41,'Selena','Sporer','Директор по персоналу','Администратор',79378153524,79284773149,21),(42,'Casandra','Lynch','Директор по персоналу','Администратор',79665183976,79519733581,89),(43,'Elisha','Turcotte',' Специалист','Администратор',79566805058,79283147007,44),(44,'Bernhard','Wisoky',' Менеджер','Администратор',79036244451,79236158884,22),(45,'Mercedes','Conn',' Менеджер',' Пользователь',79015510406,79943572194,2),(46,'Jayne','Ankunding',' Ведущий менеджер',' Пользователь',79663639348,79479578955,50),(47,'Norene','Turner',' Менеджер','Администратор',79721165585,79155743540,76),(48,'Eve','Bailey',' Ведущий менеджер','Администратор',79378833006,79156446179,100),(49,'Darrel','Ratke',' Менеджер','Администратор',79103199440,79187326267,33),(50,'Gaston','Donnelly','Директор по персоналу',' Пользователь',79388240538,79840236010,100),(51,'Brandt','Mann',' Руководитель отдела','Администратор',79063105665,79192475681,2),(52,'Sabryna','Effertz',' Руководитель отдела',' Пользователь',79536398376,79194898986,30),(53,'Libbie','Lynch','Директор по персоналу','Администратор',79292372414,79985001321,40),(54,'Luisa','Willms',' Менеджер','Администратор',79163487194,79481766834,20),(55,'Litzy','Mills',' Специалист',' Пользователь',79020212735,79219057918,32),(56,'Santina','Dietrich',' Руководитель отдела','Администратор',79298052743,79832241631,97),(57,'Sylvan','Block',' Специалист',' Пользователь',79095647478,79102299266,7),(58,'Alexane','Marks',' Ведущий менеджер','Администратор',79827534490,79715637332,23),(59,'Celia','Boehm',' Руководитель отдела','Администратор',79122024827,79386747302,19),(60,'Cristopher','Flatley','Директор по персоналу','Администратор',79711226751,79350293371,63),(61,'Erich','Hagenes',' Руководитель отдела',' Пользователь',79871878542,79673497095,33),(62,'Estel','Grady',' Специалист',' Пользователь',79117592316,79659897505,62),(63,'Eda','Marks','Директор по персоналу','Администратор',79433295744,79764174153,54),(64,'Glenna','Satterfield','Директор по персоналу',' Пользователь',79862505657,79881826769,68),(65,'Kayley','Lemke','Директор по персоналу','Администратор',79852098783,79566665606,80),(66,'Vidal','Jacobi','Директор по персоналу','Администратор',79116562599,79329234956,33),(67,'Amari','Hodkiewicz',' Специалист',' Пользователь',79316185634,79382114686,45),(68,'Angela','Sipes','Директор по персоналу',' Пользователь',79670906808,79048891302,96),(69,'Dagmar','Witting',' Менеджер',' Пользователь',79883258449,79623010605,95),(70,'Shaun','Schmitt',' Менеджер',' Пользователь',79534706132,79704000063,29),(71,'Henriette','Jenkins',' Ведущий менеджер',' Пользователь',79192201346,79168341833,57),(72,'Onie','Daniel',' Руководитель отдела','Администратор',79364652893,79995141054,16),(73,'Alexandrine','Grimes',' Специалист',' Пользователь',79349345966,79928636062,18),(74,'Leopoldo','Hahn',' Руководитель отдела',' Пользователь',79356422442,79098175263,100),(75,'Elenora','Walsh',' Специалист','Администратор',79808632873,79500159199,37),(76,'Coby','Stroman',' Ведущий менеджер','Администратор',79607745700,79792374354,20),(77,'Garth','Morar',' Менеджер',' Пользователь',79853332001,79863209649,50),(78,'Soledad','Lubowitz',' Специалист','Администратор',79279015553,79423755816,13),(79,'Tressie','Gerlach',' Менеджер',' Пользователь',79308710291,79431192486,19),(80,'Hilton','Berge',' Специалист',' Пользователь',79838757951,79206250953,83),(81,'Stefan','Eichmann',' Руководитель отдела','Администратор',79148513022,79437717106,12),(82,'Rafael','Raynor','Директор по персоналу','Администратор',79632929381,79310116942,20),(83,'Brandon','Weissnat',' Менеджер','Администратор',79390233833,79619953048,12),(84,'Ellen','Donnelly','Директор по персоналу','Администратор',79135790387,79175155535,52),(85,'Edwin','O\'Keefe','Директор по персоналу',' Пользователь',79409827983,79985072661,39),(86,'Dejah','Kshlerin',' Менеджер',' Пользователь',79102481594,79355254506,43),(87,'Dustin','Bailey',' Менеджер',' Пользователь',79796950453,79496363049,48),(88,'Kathryne','Stark',' Ведущий менеджер',' Пользователь',79951162093,79405359927,46),(89,'Ben','Kozey',' Руководитель отдела',' Пользователь',79090643361,79031786685,66),(90,'Ardith','Schinner','Директор по персоналу','Администратор',79963048787,79440696826,67),(91,'Miracle','Swift',' Ведущий менеджер','Администратор',79726011896,79189008555,8),(92,'Clementine','Langworth',' Руководитель отдела',' Пользователь',79155589839,79160333664,98),(93,'Viva','Stiedemann',' Менеджер','Администратор',79036132648,79819911693,29),(94,'Myrtis','Rohan',' Специалист','Администратор',79510410851,79397793735,62),(95,'Elnora','Fisher',' Ведущий менеджер','Администратор',79389402399,79852044411,66),(96,'Buck','Hirthe','Директор по персоналу',' Пользователь',79549922556,79923937109,8),(97,'Olin','Kulas',' Менеджер',' Пользователь',79872998173,79125232762,94),(98,'Fannie','Grady',' Менеджер','Администратор',79742841069,79886928999,10),(99,'Murphy','Prohaska',' Ведущий менеджер','Администратор',79463810230,79228414888,3),(100,'Alex','O\'Hara',' Руководитель отдела',' Пользователь',79302893531,79763990948,89);
/*!40000 ALTER TABLE `hr_profiles` ENABLE KEYS */;
UNLOCK TABLES;

--
-- Table structure for table `hr_users`
--

DROP TABLE IF EXISTS `hr_users`;
/*!40101 SET @saved_cs_client     = @@character_set_client */;
/*!40101 SET character_set_client = utf8 */;
CREATE TABLE `hr_users` (
  `hr_id` int(10) unsigned NOT NULL AUTO_INCREMENT,
  `hr_mail` varchar(200) COLLATE utf8mb4_unicode_ci NOT NULL,
  `hr_phone` bigint(20) NOT NULL,
  `hr_password_hash` char(64) COLLATE utf8mb4_unicode_ci NOT NULL,
  PRIMARY KEY (`hr_id`),
  UNIQUE KEY `hr_mail_UNIQUE` (`hr_mail`),
  UNIQUE KEY `hr_phone_UNIQUE` (`hr_phone`)
) ENGINE=InnoDB AUTO_INCREMENT=101 DEFAULT CHARSET=utf8mb4 COLLATE=utf8mb4_unicode_ci;
/*!40101 SET character_set_client = @saved_cs_client */;

--
-- Dumping data for table `hr_users`
--

LOCK TABLES `hr_users` WRITE;
/*!40000 ALTER TABLE `hr_users` DISABLE KEYS */;
INSERT INTO `hr_users` VALUES (1,'josephine04@example.net',79686263178,'b379366230140d267a982e5688d3440eddaecd6f'),(2,'randy.king@example.com',79651153082,'f6865d9c3720466d307d07012f993ab5f72faf2c'),(3,'murazik.ignatius@example.com',79009261146,'5f025455523144a1acbddbab01d5dea975c81b4d'),(4,'margarete.pagac@example.net',79057326743,'23c9b81d54f579c9410cd4f4038f189782b31be2'),(5,'krutherford@example.net',79585645044,'bee3885205dd4dbb9b6b87dd1b14ebc291a33d6f'),(6,'ullrich.eileen@example.com',79545534368,'d37f3fa964619a384f20f829e9eefa7771140aa9'),(7,'kertzmann.dimitri@example.net',79590152908,'9b0bbccb6c232e4bbad1045f6a82583e68b248ac'),(8,'corwin.eve@example.org',79358963306,'93c5454a678121dc6eefcec67a6a357836def870'),(9,'hackett.raoul@example.net',79195632672,'9d94b8c3b446efd2e8efbac4c679bef65469737e'),(10,'sprohaska@example.com',79478321100,'99cfe2401ffde84b981b0b7247e15ce901062e87'),(11,'sernser@example.com',79877146826,'420f3c226d3c22ce02904c043590040e2deaabe4'),(12,'marquardt.camylle@example.net',79222682073,'75da29abe09d4175274ab38fb3133468ba3ec6b3'),(13,'sanford.una@example.org',79003684419,'a174b276e61e03e2534cbafa33460cc1a109bfdc'),(14,'carmelo.dicki@example.com',79732187162,'702274c0f070eb99a38a82034e674e9effcc5940'),(15,'eden68@example.net',79113426489,'8a7b72e15294c36d40a2bdc44f13e1389edc8c52'),(16,'ryder72@example.org',79073719369,'336313aa54560c2f3d3272a7a27fedd94c40eea7'),(17,'kstamm@example.org',79228531545,'27eac0d2bcfcba9576c7aa7c5e33f2ff903ffa67'),(18,'norene94@example.org',79866929304,'3ab1731400adabb38064b289ccf77a997adbf5eb'),(19,'nicolette.mohr@example.com',79526336447,'79811296a2bcae61c907b11e1e1fdfd032f12378'),(20,'xstreich@example.com',79093505162,'4cabfab4ccb0b1597173ea3839e95ab5094c35e5'),(21,'bemmerich@example.com',79871124339,'bbf10a3f722de3519a1426798e76d8c0338310e2'),(22,'igoldner@example.com',79328931769,'baa723b63409622f92aabadd90087ab7618c7c49'),(23,'walker61@example.org',79129148554,'4fb28b04caa932da25c748f9765bf13b4587cb3d'),(24,'destiney42@example.net',79615562390,'f03f179f6cc6f2d3633da68ab39c0b659396f23a'),(25,'tkshlerin@example.com',79931070879,'f038abb5eb1566e8b9f7676985aaf141a123673b'),(26,'friesen.murphy@example.org',79068460576,'7f5ada550a3ab8df293364d1f0a21cb3e655e39d'),(27,'katlynn.anderson@example.net',79354809492,'d10fff6c76a5c6da2695e7a9b6c300b3b591f417'),(28,'gkonopelski@example.com',79432686593,'005ff075521887a8d762f7f5bb5d50e9571b9e4c'),(29,'karen.nitzsche@example.net',79678713446,'05957c657047423567e89ac6523f63a3114e21b9'),(30,'kblick@example.net',79530043156,'48fd6399c44bf0fe083e195997e8bbb1280a1f6e'),(31,'lrenner@example.org',79895224850,'006d9e447f38463bfa77855893a78d4c57603e27'),(32,'fisher.jazmin@example.net',79596070137,'84e3defc821f9544b0bc2a0051beb347f2ef5459'),(33,'konopelski.elyssa@example.com',79515009617,'747c244bb7ee56e317f33ad2508d411793254839'),(34,'macejkovic.felicity@example.org',79374050568,'a0410d5d760209c9e8e8d134b468a9ebfa59d3d0'),(35,'aquigley@example.net',79394804307,'85b965e3cbb861030cd4397f6127150cd0c0246d'),(36,'mina.daugherty@example.com',79476344838,'a3107c504f0d018ae3903b8bd34673bbb6902436'),(37,'fahey.kim@example.com',79469763362,'a07a0599d00f2271ba6f94480fba02784e60f4f0'),(38,'ramona70@example.net',79431147291,'78a04e043d7da75015df86a5b0c2de41a0a71d72'),(39,'orrin.stroman@example.com',79386599400,'a6fcf34946381d99b618c2d69b9a45a5c0753a71'),(40,'kutch.adrain@example.org',79598601407,'db358c4a383206d95f355aad41cb3d119b195e6f'),(41,'jaquelin37@example.org',79890367790,'e4a3cc6ac04a84eddcbdad808c26c9c3120d9997'),(42,'msawayn@example.org',79985437538,'c92e699aebe85678d29190b9ba72c2970f78d2e1'),(43,'carolanne.moen@example.net',79654887406,'fbead9762c343b12ae88477cbc52bc0a0953ebef'),(44,'legros.chasity@example.net',79520726162,'102f4753966a2631f34e3eb201b8be92d3ea02e9'),(45,'cheyenne.brakus@example.net',79864366721,'f95054b4800bcd769835e8687ae68372d94ab4e7'),(46,'edwina72@example.org',79205363639,'d238fb5de6a47e3820a01b836545a13077dfd701'),(47,'claire99@example.com',79416353983,'2b4196dfb60dd881c5688c89e4d580de0bfec987'),(48,'quigley.lorna@example.com',79615383166,'e16934faea0212fa794b4439c223fe78bb1ab2ec'),(49,'ewuckert@example.org',79192037146,'6657477250c1648bfe89550d6379b488405bdff7'),(50,'torphy.tania@example.org',79956261747,'d87080735cc789d49051ba37410c64174d2aa1b7'),(51,'rfranecki@example.com',79213862130,'91e2c2e2e1fcb60b4269c5d508a5695d93141975'),(52,'else.cremin@example.org',79100379654,'c13d4f7e8d1300a81c07608aeff777d88c334e24'),(53,'cremin.kade@example.com',79477932645,'0b1d262022cf374ae9cda096a068bdf71a5e23ce'),(54,'iliana12@example.net',79544204988,'c412971f1cab106f6417d5842132e699913a26bf'),(55,'elyse.wyman@example.org',79551898774,'dab486c61ee0e0663335e2f495bda117f42b8a99'),(56,'hsawayn@example.com',79775588284,'241a71a7e5079991cdfc488777eb54a72ac0c4f9'),(57,'haag.rahul@example.org',79761497155,'c278d509b9e1cc7aed412c1ca614c5bc91cecd9a'),(58,'mckenzie.felicita@example.net',79990915050,'9b857130d357e0cb85bdd4475c1f55abf68f520f'),(59,'cheaney@example.com',79393681671,'32b62fb372dd88ac35c119530dad8bacc4064017'),(60,'kcrist@example.org',79428063801,'35c734408d9649b1a36c1210ee9f9c68335c1b80'),(61,'cfritsch@example.org',79630737937,'22b2f3e9bf67010e35e9d620065892643dbdeef5'),(62,'taya08@example.com',79509362138,'2115ce1de30d0510493e826853245836f2fdb642'),(63,'bbernier@example.org',79501321805,'6b647ae68d0c91defb33b6f7385d7524b24998ff'),(64,'rschaden@example.org',79363987402,'5e800349f16cf3272433bcb050b41fdc246e4b66'),(65,'vivianne33@example.org',79356182660,'097364c9ea849b28eacb573369cec6d7a7d9a5f6'),(66,'hilll.antwan@example.com',79618140226,'5b2be03fcc9469f13d9763943dddd224fb468a9f'),(67,'ruben.dooley@example.org',79025152719,'a0c7604d81541a10b6f070f6d5d7a0150e96b258'),(68,'cory.goldner@example.org',79164613584,'ece374e9e650b9db43069007b7014db58e537434'),(69,'hmoen@example.com',79015228702,'327d3e0a3365d455bb7749b7dcdd4d250174e0e1'),(70,'tavares.toy@example.org',79415683936,'a943ec5b21cd6fdae29c153f0636adf4357c9391'),(71,'dwilliamson@example.com',79731411909,'077a01087417ab275947880dbb7c84674912223e'),(72,'marquardt.jazmyne@example.org',79618752146,'9860bccba8e5cf8184d84020711c65c4ada7d9a8'),(73,'flatley.amber@example.com',79453265154,'0fefa024dd265e734097e641ed284c7cd487fff1'),(74,'tkohler@example.net',79543301044,'b212f87dc01fbb36459115fd817e9ea7b8615ec1'),(75,'rohan.jaclyn@example.net',79577057993,'edc27b1e6f50c2afb5b4329ee72b6ddf7de65e79'),(76,'clotilde96@example.com',79227865568,'523fbd8d0f215fc223348aaa098d3bcb1e346aa7'),(77,'reichel.ken@example.com',79336102063,'397d0411bd31394941a5bf4b400e0530af6d717d'),(78,'dominic55@example.com',79003746035,'a32d476543fbecdb65a5f873021da86e2dd28d98'),(79,'jules42@example.net',79018625578,'d240da9d6b0898b6922337b5e9b80bfc91ed0e89'),(80,'klegros@example.org',79339254054,'05c33ff77c0b0ba431fc9eab0711d9b479c7f1f1'),(81,'dorothea22@example.com',79386308930,'dbe501a8c4c954fc36f3a424879c6432fc2a7400'),(82,'lparisian@example.com',79114002969,'f1942bee551c0d2ef41e67ea34588348077c4e42'),(83,'israel.blick@example.net',79107027021,'0292d360e6db9518853269861d07b0e3cff0d40f'),(84,'itowne@example.com',79030477953,'2389e8a161926be22fb7dd69384078f99f076f0b'),(85,'vmills@example.org',79791989801,'7dd00313e5c7b3ae5f32fa2cd12b0ba7bd26a057'),(86,'wzboncak@example.com',79390749306,'43fe4e01b535d0002d40eaf5b912c7526b68a29e'),(87,'talon68@example.com',79168086108,'8067c9798da9f509f9f6e99c855bffb320a6bcc1'),(88,'dayna.langosh@example.org',79810246292,'54ec98c54a2ce0f3441f52a15d8be77477f6d34c'),(89,'pfeffer.christine@example.com',79886609562,'692a1ec43ba21080812f0a333ad6c2dfb89f7c49'),(90,'bhane@example.net',79401555812,'559d965ebc3c8f28bac95e7641454f973ecfc3cc'),(91,'kautzer.neil@example.org',79330519692,'c82b334686964bc5e767b01f5d0af8730a922cf8'),(92,'larson.devante@example.com',79504683994,'1f5e051bea835ccab3f5a5c22a89e90b2f31c35d'),(93,'shields.felton@example.net',79564887168,'c2fce1dfce170b50be8d09bb916c34410d5320dd'),(94,'ipfannerstill@example.org',79091265795,'85a267478ca47c391938f29418b95b33119b9e0c'),(95,'lurline39@example.com',79820921841,'666b483603579bdfc0a68e4c4b0b9f7dbd9ffc0a'),(96,'shanon.hackett@example.org',79446129871,'e0e4de40cd1101ec16b23df5c674cdb9338425fe'),(97,'roxane.wehner@example.com',79859515871,'92b643cbf0de9474ca390c82afdaa42a87281ecc'),(98,'cyril08@example.org',79103192449,'a38e66b9c9c15f77c3581909c32ec0e3b241ac64'),(99,'oberbrunner.ashlee@example.com',79976919239,'596b6060941cd59cba79ab16b60900d492ffb694'),(100,'syble.rau@example.com',79577274187,'62ba7bda15457e9954457cb62ea2d737a99e9702');
/*!40000 ALTER TABLE `hr_users` ENABLE KEYS */;
UNLOCK TABLES;

--
-- Table structure for table `media`
--

DROP TABLE IF EXISTS `media`;
/*!40101 SET @saved_cs_client     = @@character_set_client */;
/*!40101 SET character_set_client = utf8 */;
CREATE TABLE `media` (
  `id_vacancy` int(11) NOT NULL AUTO_INCREMENT,
  `media_types_id` int(10) unsigned NOT NULL,
  `hr_id` int(10) unsigned NOT NULL,
  `size` bigint(20) NOT NULL,
  `file` varchar(45) COLLATE utf8mb4_unicode_ci DEFAULT NULL,
  `blob` blob DEFAULT NULL,
  `vacancy_id_vacancy` int(11) NOT NULL,
  PRIMARY KEY (`id_vacancy`),
  KEY `fk_media_vacancy1_idx` (`vacancy_id_vacancy`),
  CONSTRAINT `fk_media_vacancy1` FOREIGN KEY (`vacancy_id_vacancy`) REFERENCES `vacancy` (`id_vacancy`) ON DELETE NO ACTION ON UPDATE NO ACTION
) ENGINE=InnoDB AUTO_INCREMENT=101 DEFAULT CHARSET=utf8mb4 COLLATE=utf8mb4_unicode_ci;
/*!40101 SET character_set_client = @saved_cs_client */;

--
-- Dumping data for table `media`
--

LOCK TABLES `media` WRITE;
/*!40000 ALTER TABLE `media` DISABLE KEYS */;
INSERT INTO `media` VALUES (1,73,69,48815,'img','481212521',4),(2,80,62,5063,' audio','31379',87),(3,83,48,363684492,' video','',44),(4,98,46,491361568,'img','7',45),(5,10,24,0,'img','661',35),(6,27,59,541212,'img','7770889',86),(7,82,78,144887171,'img','',20),(8,20,94,450957,' video','9711',17),(9,88,32,5696,'img','4354',19),(10,39,42,554052,' video','793165318',16),(11,62,63,953574,' video','7',32),(12,61,36,96592,' video','5',22),(13,23,99,334,'img','375923579',85),(14,89,73,57283247,' video','372275474',66),(15,53,71,4414,'img','33276903',51),(16,90,18,30409521,' audio','',9),(17,66,2,68941,' audio','705',40),(18,55,47,484617182,' audio','639',61),(19,66,82,22,' video','932034551',26),(20,100,70,303,' video','68',70),(21,72,6,9368,' audio','284429489',70),(22,7,64,70842820,'img','9629486',40),(23,27,13,7516852,'img','19',21),(24,85,60,577436544,'img','9640',100),(25,19,51,512769,' audio','55',2),(26,76,86,55,'img','840832154',69),(27,47,5,740497014,'img','60',80),(28,28,22,909074640,' video','251625259',27),(29,54,28,43059382,'img','6107015',77),(30,29,16,712167,' audio','7',92),(31,79,33,8913,' audio','156',64),(32,32,23,62688,' video','877650',40),(33,1,85,68072,'img','7',33),(34,76,49,3,' video','9986456',27),(35,86,93,1,' video','1',73),(36,8,38,32947,'img','5136',48),(37,9,91,8680673,'img','8563091',3),(38,49,15,4254440,'img','3140265',41),(39,60,88,0,'img','406',24),(40,68,20,928112,'img','74941851',54),(41,72,30,2342125,'img','42189',15),(42,37,77,827537046,'img','3897',73),(43,56,95,6432653,'img','',92),(44,19,65,376020124,' video','337',15),(45,58,83,70099,' audio','643335',27),(46,90,80,2404017,' audio','5',40),(47,85,12,905,' audio','',30),(48,30,19,47,' video','569',70),(49,32,68,4077,' video','13246',45),(50,39,8,78967386,' audio','6931',91),(51,59,45,2157,'img','599465464',49),(52,83,7,8082,'img','30',47),(53,37,1,20837,'img','7259',42),(54,39,55,306354159,'img','4140',62),(55,38,31,6,' video','445674',44),(56,53,11,2783,' video','14753640',51),(57,48,37,263658,'img','3025994',100),(58,6,41,269784,' audio','4959',29),(59,9,44,5871,'img','24916034',34),(60,59,50,0,' audio','950',42),(61,4,27,471,' audio','',24),(62,7,97,0,' audio','55051190',27),(63,88,76,43948,' video','933034',77),(64,59,89,0,'img','13584',37),(65,45,72,22572194,' video','85376490',80),(66,3,98,7443879,' audio','610',87),(67,74,29,8,'img','7521953',53),(68,66,92,1734669,'img','931',29),(69,20,26,82831,' video','476',50),(70,66,40,195730,'img','70230',82),(71,93,54,59017,'img','',13),(72,70,56,88975,' audio','9654950',20),(73,89,34,35,'img','6',99),(74,70,52,4993005,' video','15611',52),(75,28,100,21094170,' audio','791',5),(76,74,84,51,' video','995166227',49),(77,70,67,26073,' video','11',95),(78,45,43,7530,' video','72555811',25),(79,32,87,92017,' audio','8816439',14),(80,69,4,0,' video','514',10),(81,59,61,0,'img','823265024',35),(82,82,10,8519654,'img','3696863',90),(83,64,79,100170620,' audio','',13),(84,57,35,17437,' audio','92',67),(85,22,90,69594582,' video','11763421',79),(86,79,9,1,'img','149743191',36),(87,47,66,3431,' video','89792',3),(88,85,39,448806746,'img','54748846',55),(89,75,53,79799,'img','3759',52),(90,60,25,8,' video','652311',99),(91,28,57,90453,' audio','7619745',76),(92,89,74,0,' audio','92701',99),(93,60,81,557,' audio','90520',40),(94,14,17,2953148,'img','1158273',88),(95,37,75,83344271,' video','8465161',10),(96,4,3,0,' video','89598',31),(97,11,21,2313,' audio','',36),(98,42,14,79071,'img','88',52),(99,13,58,0,' video','',2),(100,43,96,0,' video','817',52);
/*!40000 ALTER TABLE `media` ENABLE KEYS */;
UNLOCK TABLES;

--
-- Table structure for table `response`
--

DROP TABLE IF EXISTS `response`;
/*!40101 SET @saved_cs_client     = @@character_set_client */;
/*!40101 SET character_set_client = utf8 */;
CREATE TABLE `response` (
  `id_response` bigint(20) NOT NULL AUTO_INCREMENT,
  `response` bigint(20) NOT NULL,
  `vacancy_visitors` bigint(20) NOT NULL,
  `relevant_responses` bigint(20) NOT NULL,
  `by_location` bigint(20) NOT NULL,
  `consider` bigint(20) NOT NULL,
  `phone_interview` bigint(20) NOT NULL,
  `assessment` bigint(20) NOT NULL,
  `interview` bigint(20) NOT NULL,
  `offer` bigint(20) NOT NULL,
  `hired` bigint(20) NOT NULL,
  `discard_by_employer` bigint(20) NOT NULL,
  `vacancy_id_vacancy` int(11) NOT NULL,
  PRIMARY KEY (`id_response`),
  KEY `fk_response_vacancy1_idx` (`vacancy_id_vacancy`),
  CONSTRAINT `fk_response_vacancy1` FOREIGN KEY (`vacancy_id_vacancy`) REFERENCES `vacancy` (`id_vacancy`) ON DELETE NO ACTION ON UPDATE NO ACTION
) ENGINE=InnoDB AUTO_INCREMENT=101 DEFAULT CHARSET=utf8mb4 COLLATE=utf8mb4_unicode_ci;
/*!40101 SET character_set_client = @saved_cs_client */;

--
-- Dumping data for table `response`
--

LOCK TABLES `response` WRITE;
/*!40000 ALTER TABLE `response` DISABLE KEYS */;
INSERT INTO `response` VALUES (1,8,299658785,551875410,3169179,44301,6633,4212199,0,2021585,0,29,43),(2,5,8965,476021683,80348,224698,0,722,14,0,23872302,5690435,51),(3,22574004,71,749220664,68,14885356,674843,472046766,3,5,8,0,5),(4,0,48353125,3552638,659074,52,99823,3491762,32554532,225,99384142,4,100),(5,70,70,0,4019,25501,0,9519929,620347986,699193,941224,129,6),(6,8,3,4,47,8457903,189,0,260312,45760221,0,894917024,6),(7,504,103865457,0,8,9,5703380,254,5322153,55597265,712888,32,84),(8,0,209640067,895844496,2574,17370,415644,807544,5,0,860,2285,45),(9,0,51946198,4,8089,7100,42505,8532319,643930,17486,605535815,8863,70),(10,719,5,129633,61641764,6419650,5,67997,159644905,970647,70042,970372,69),(11,63034,866,5445,26857328,417,2326571,0,26498755,60943925,95735369,3992,63),(12,527179700,5,62654,400608801,62639442,14831,448,579,115,5,674244,7),(13,0,0,91,7225083,13742015,567,0,53795266,0,369438,4844,71),(14,70153091,8,2705,935978554,0,539,66055452,7,7812,30914206,8,75),(15,0,139,859,107951,57512991,557,3750717,0,9128,0,0,17),(16,793,0,580103673,71503,322,293,5,1624,9,804172,0,11),(17,47912,0,724,4078043,89493,461,2295,9451145,582549,66,950104,78),(18,367118,8702,59400,891923,0,18385,541,2889,714156,700,0,14),(19,804,14528125,3902,31,81,75,728731312,4,406090,5,28,65),(20,51278,2637223,34313,81,166,930018,934255,8151841,3,226907,7747,64),(21,990106679,4789086,6706578,355415,0,10705537,910191053,664,1139301,44939091,644,34),(22,1869,50961,9632,198,2510164,52,339,134,197051,996,10,85),(23,92738219,677537,270723,660751,0,5,7468311,32947,534911,8572609,0,90),(24,38215557,93449,892859742,958266,154074,430,1,618,11960,0,808672491,95),(25,3417,994497,5250029,2410,53636,8,954495605,452,750051608,887,0,52),(26,0,527,70,7081279,5144,1,49441701,374461612,0,6,6,20),(27,82,2072,7,6,0,88,30000760,830,288,78722908,5,100),(28,8502868,3,2,9133453,750,406222478,5977305,708729755,907177620,821222998,46396189,92),(29,2524631,3796,3,0,0,5998663,92230075,55,236,0,33108,69),(30,3669685,22315419,52970,3,4,5,53778,675785712,563454,18380225,5826,1),(31,549,1267,13,9,122225,7,22259672,79860,4,2503,42,29),(32,714549475,73379488,0,0,801478,415,15135663,8,63754927,73349,13,41),(33,49,1788585,44406,346828,124069,0,62697,75039567,677881,531914,97,11),(34,6667,32,794,732068,147,5435496,88026,1754866,53,489785803,578,87),(35,11135428,8,4402314,611,478,89,48,285926,60781883,29681671,49999,67),(36,663416546,79,0,3482,25503,7043,21,627991674,992,356396019,96,98),(37,0,4925,8290,913743,66499615,23477,45,0,1336,108,8097817,40),(38,31448384,25,94055180,5196843,3982,6313576,3,3732,80,7243049,0,47),(39,8317,333069073,0,7420,374482,88758343,597023412,3762897,8,79283770,32646842,32),(40,0,785,0,3197,8,33628,79,635932235,91977290,83,96600,93),(41,18053,6,1274492,1,26,87555,17876,544970217,8608,420950,8,80),(42,3,360942,88,68727561,527689726,573389830,621264840,8,58480,963718,0,73),(43,6519416,4939241,0,38,24132589,9835,9,814,656376,24267926,9940,67),(44,4561,6584,76876,38,0,8781122,5342,4,19,3,0,37),(45,586843,0,2350,30113761,659794713,811989,2,239,4597629,313396,527775,11),(46,54,8,629399225,81843481,842324401,4427057,63,7,464,0,813381024,41),(47,6254,21242,676,401,26369184,6881,324197,38643969,406649368,357684,0,42),(48,695,98447,79465,126886,5112125,15278633,3488,3,7021,19,824494,86),(49,13,1990,33064016,58,837164,67,4494019,106,1381234,843,8395197,16),(50,949419,6468299,296314,74097,3608300,0,117,57028629,70,4487,170,49),(51,7227,827,0,3,9401913,4,4239,746,1456,999,2988,11),(52,0,5922,134,7929,3368,190,647027,568,76335023,540099,3,5),(53,2905,209,8,9731,1,43,0,4872,59993,918419960,54867,66),(54,670,929,66,6,4192707,9936771,94,5,7323,931713168,50,65),(55,52,92607732,255,6,5417925,6189,0,486564802,899,17402,0,29),(56,588,594,15,0,23489,87196943,698720895,98561,41311278,247,544821,39),(57,6,72258954,476,431,4,12,2985752,254,1621,5143,8,87),(58,454733,65,1133359,80476,91281,342,844404,3728,4331,6522,819,33),(59,32307851,6247146,9,62034385,0,76,458,525,5081,7662,8596,16),(60,3202,984,0,6663541,9,7723,37,52,4279,26540115,45355333,6),(61,95351,2315,75,410571,6685076,6791,4,3069665,71205455,405694,797,35),(62,9,0,1489869,5817378,8,6391709,697,2052,4374147,0,574,95),(63,9632818,447318041,705775,479050467,7912,0,6,82558,37,52,930734232,33),(64,0,454662,64,247114230,16986097,67144,519,0,428535,27,8,28),(65,920600695,738,4,666489,923254108,1991,6557961,1960,1070,74854,438,33),(66,4,7,81570,31928764,56,11689641,59,3,72936,0,75,46),(67,5616,0,0,147795,50,236974,2152677,87068,331,806798167,674312507,9),(68,885,909506,970032,0,47781,75591618,413,1797062,12121992,7,2148,91),(69,60,0,5,98549507,9115,0,51,7730,40886142,8496,48661,100),(70,63973195,57,371964,0,409,480805,99,818,2,762907,132418487,38),(71,53,740,3370,5749,4,743,990,65,360,9996677,588439,21),(72,79,829519799,529,15069401,3492340,477271,676,1,45030,47514844,7973,87),(73,2,7668,1506019,0,0,0,265189224,33328726,63830,44533,720,71),(74,5368711,1,600209245,293,816845623,52247,7381071,1956,916,54749473,27,15),(75,624,49923267,826088,1658875,3,672,2156,88,923501,34464251,0,17),(76,126,0,670936180,5760613,174816641,76238,7681,12059805,4181709,110227960,672832,9),(77,0,877225,8633576,992150,8,0,67511410,1,2761,0,0,58),(78,9371,138330263,9068,68096146,3287,6,902498455,0,0,75689,8213,96),(79,6175977,902,23,5,607,58160295,0,92,0,247275891,7,96),(80,73,658,4993,0,9567,0,530223754,5,943423452,847,668,98),(81,46469394,534,9044,0,217,13,46,49531050,107224,409,968,70),(82,2,246165141,64,496155,587,0,0,4465,593032,4,3,70),(83,810900,7528476,48,0,1977508,34,8046009,5228,0,24,362,57),(84,84473,9486,744632,3,73782,6,0,664713,525061,282,545,13),(85,0,718394558,20338,0,89511,873937,0,82764597,2551,5487,89,77),(86,484,41,2982296,377532152,0,1065,725119,7689,1140,0,495,21),(87,4270,49,73,7705,6373105,33904,81581638,30924569,9,73029,151184,37),(88,18079,7633,7492408,33672,718,386,452599640,213013,77773783,42,6661626,94),(89,84996064,604,800882,0,0,7,83802117,0,15,25785,0,31),(90,7,254,95,227327081,271366,328,4871400,1,0,83,8,93),(91,7199071,8,970216607,391264120,21144,5033450,0,52040587,9363,6,63336696,87),(92,2,35818,1937,0,0,461301,3562970,573401,6872,0,801807120,6),(93,1088,49076,5,2825848,4507,7124,55,294121,9052268,634634,35,33),(94,0,4,603,4324,517124087,7541994,5,670670,615649,3,90080,75),(95,8655,51,0,23,477,35760,5341170,370778179,4,2776,7562,56),(96,418,0,3970,8,374528820,462,2328384,3635390,71,273,23530,76),(97,40067285,5,5607,0,9117355,4581253,45,227398,25,2075211,90068066,58),(98,448032,8567,14705936,15,147614,7306,6660,2968768,662759451,0,4983,48),(99,5,57,3761,94202,490,0,78200720,5,33249,48,0,4),(100,2342,97526,70,170,287942189,235117,0,5887946,248721252,5978972,0,65);
/*!40000 ALTER TABLE `response` ENABLE KEYS */;
UNLOCK TABLES;

--
-- Table structure for table `resume_search`
--

DROP TABLE IF EXISTS `resume_search`;
/*!40101 SET @saved_cs_client     = @@character_set_client */;
/*!40101 SET character_set_client = utf8 */;
CREATE TABLE `resume_search` (
  `id_resume_search` int(11) NOT NULL AUTO_INCREMENT,
  `resume_search` varchar(45) COLLATE utf8mb4_unicode_ci DEFAULT NULL,
  `prof_field` enum('Информационные технологии, интернет, телеком','Маркетинг','Продажи','Строительство, недвижимость','Медицина, фармацевтика','Другое') COLLATE utf8mb4_unicode_ci DEFAULT NULL,
  `location` varchar(45) COLLATE utf8mb4_unicode_ci DEFAULT NULL,
  `metro` varchar(45) COLLATE utf8mb4_unicode_ci DEFAULT NULL,
  `salary` float DEFAULT NULL,
  `education` enum('Не имеет значение','Высшее','Бакалавр','Магистр','Кандидат наук','Доктор наук','Незаконченное высшее','Среднее','Средне-специальное') COLLATE utf8mb4_unicode_ci DEFAULT NULL,
  `nationality` varchar(45) COLLATE utf8mb4_unicode_ci DEFAULT NULL,
  `age` int(11) DEFAULT NULL,
  `gender` enum('Не имеет значения','Мужской','Женский') COLLATE utf8mb4_unicode_ci DEFAULT NULL,
  `employment` enum('Полная занятость','Частичная занятость','Проектная работа/разовое задание','Волонтерство','Стажировка') COLLATE utf8mb4_unicode_ci DEFAULT NULL,
  `work_schedule` enum('Полный день','Сменный график','Гибкий график','Удаленная работа','Вахтовый метод') COLLATE utf8mb4_unicode_ci DEFAULT NULL,
  `car` enum('Есть личный автомобиль','Нет личного автомобиля') COLLATE utf8mb4_unicode_ci DEFAULT NULL,
  `hr_users_hr_id` int(10) unsigned NOT NULL,
  PRIMARY KEY (`id_resume_search`),
  KEY `fk_resume_search_hr_users1_idx` (`hr_users_hr_id`),
  CONSTRAINT `fk_resume_search_hr_users1` FOREIGN KEY (`hr_users_hr_id`) REFERENCES `hr_users` (`hr_id`) ON DELETE NO ACTION ON UPDATE NO ACTION
) ENGINE=InnoDB AUTO_INCREMENT=101 DEFAULT CHARSET=utf8mb4 COLLATE=utf8mb4_unicode_ci;
/*!40101 SET character_set_client = @saved_cs_client */;

--
-- Dumping data for table `resume_search`
--

LOCK TABLES `resume_search` WRITE;
/*!40000 ALTER TABLE `resume_search` DISABLE KEYS */;
INSERT INTO `resume_search` VALUES (1,'Expedita odio aut ratione ea esse occaecati u','','63511 Howell Rest\nTheofort, SC 65568-0004','Voluptate quis minus nam.',0,'Бакалавр','US',94467112,'Женский','Стажировка','Сменный график','Есть личный автомобиль',89),(2,'Veniam laboriosam doloribus rem est dolorem v','','3762 Albertha Crossing\nKerlukemouth, WA 80414','Ab nihil et.',0,'Магистр','ES',5,'Женский','Стажировка','Полный день','Нет личного автомобиля',46),(3,'Incidunt occaecati fugiat non repellendus nih','','371 Kaleigh Plains\nViolaport, AK 01265-3934','Laborum dignissimos qui repellendus.',0,'Кандидат наук','DE',7358,'Не имеет значения','Частичная занятость','Гибкий график','Есть личный автомобиль',49),(4,'Exercitationem laboriosam neque laboriosam do','','6474 Witting Greens\nChayaside, AR 25090-4762','Molestiae reiciendis qui quaerat.',0,'Доктор наук','GB',3,'Женский','Частичная занятость','Полный день','Нет личного автомобиля',67),(5,'Inventore quia animi quo beatae non unde et e','','071 Lizeth Station Suite 403\nLoyland, AZ 7708','Non rerum vero quidem.',0,'Бакалавр','CN',31,'Не имеет значения','Волонтерство','Гибкий график','Нет личного автомобиля',45),(6,'Aliquam consequatur in sint rerum nihil nam n','','7943 Frieda River\nLake Sofia, NV 10421-4673','Perspiciatis repellat qui commodi.',0,'Средне-специальное','RU',846816,'Не имеет значения','Волонтерство','Удаленная работа','Есть личный автомобиль',3),(7,'Rerum sint ea officiis est quis eum modi fugi','Маркетинг','9754 Koch Islands\nBroderickville, SC 50019-89','Pariatur non expedita.',0,'Среднее','ES',783025,'Женский','Проектная работа/разовое задание','Полный день','Есть личный автомобиль',85),(8,'Dicta cumque delectus porro culpa velit iure ','Продажи','6184 Cindy Fall Apt. 205\nFayport, AR 16740-84','Perferendis dicta ipsa sunt.',0,'Магистр','PT',176828591,'Мужской','Полная занятость','Удаленная работа','Есть личный автомобиль',50),(9,'Est distinctio ut unde voluptas facere molest','Продажи','14260 Yolanda Junction Apt. 093\nEast Troy, NY','Et earum fuga laborum.',0,'Бакалавр','IT',0,'Не имеет значения','Проектная работа/разовое задание','Удаленная работа','Нет личного автомобиля',32),(10,'Porro ut assumenda minima non error repellend','','06045 Mario Mission Apt. 922\nWest Arnotown, W','Sequi velit quo qui.',0,'Магистр','IE',0,'Мужской','Полная занятость','Сменный график','Нет личного автомобиля',20),(11,'Doloremque a omnis ut voluptas rerum dolor ex','','931 Mario Flats\nLake Alene, NV 30270-1340','Non fuga distinctio.',0,'Незаконченное высшее','IT',5,'Мужской','Стажировка','Гибкий график','Нет личного автомобиля',1),(12,'Beatae deserunt voluptate accusantium distinc','','3553 Leora Throughway\nLoyceborough, MS 42376-','Omnis qui ex neque.',0,'Высшее','PT',41571084,'Мужской','Проектная работа/разовое задание','Вахтовый метод','Нет личного автомобиля',21),(13,'Praesentium cumque voluptatem quas facere ver','Маркетинг','8195 Schmitt Shore\nSouth Malinda, NY 39990-77','Sunt officia mollitia similique.',0,'Магистр','IE',58606502,'Не имеет значения','Частичная занятость','Гибкий график','Есть личный автомобиль',6),(14,'A sequi consequatur dolor consequatur dolores','Маркетинг','1620 Breitenberg Radial\nEast Blair, WY 14348-','Facere reiciendis necessitatibus et.',0,'Высшее','CN',8797519,'Не имеет значения','Стажировка','Гибкий график','Есть личный автомобиль',20),(15,'Illum dolorum quo libero inventore ea dolore ','','990 Chanel Corners Apt. 928\nHyattfort, OK 926','Ipsum reprehenderit esse magni.',0,'Незаконченное высшее','DE',171952,'Женский','Полная занятость','Вахтовый метод','Нет личного автомобиля',39),(16,'Natus dicta ut voluptas dolorem accusantium n','','86722 Alessandra View Apt. 962\nLake Kalemouth','Ipsa ducimus quo.',0,'Незаконченное высшее','IT',77668,'Женский','Частичная занятость','Сменный график','Есть личный автомобиль',20),(17,'Consequatur est maiores ad maiores enim modi ','','42331 Klocko Overpass Apt. 528\nMooreport, OR ','Earum esse.',0,'Бакалавр','IE',60514825,'Не имеет значения','Стажировка','Сменный график','Нет личного автомобиля',11),(18,'Ipsa at fuga eius placeat ea quas sed sint fu','','501 Rachelle Camp Apt. 826\nLake Toy, VA 38234','Ipsum aut.',0,'Незаконченное высшее','IT',8,'Мужской','Частичная занятость','Удаленная работа','Нет личного автомобиля',63),(19,'Exercitationem et ut et est iusto consequatur','','53704 Brekke Plains Apt. 283\nSouth Gerardmout','Aliquid quo asperiores consequatur totam.',0,'Кандидат наук','CA',93,'Мужской','Полная занятость','Удаленная работа','Нет личного автомобиля',73),(20,'Officia dolore maiores vel quidem nostrum con','Маркетинг','537 Aric Squares\nTurnershire, NH 15352','Autem consequatur voluptatem.',0,'Доктор наук','CN',0,'Не имеет значения','Проектная работа/разовое задание','Удаленная работа','Нет личного автомобиля',36),(21,'Sint unde quis aut voluptatem corrupti volupt','','68449 Buckridge Ferry\nWest Gregorio, WV 82711','Et id qui.',0,'Кандидат наук','IN',65707558,'Мужской','Частичная занятость','Вахтовый метод','Есть личный автомобиль',95),(22,'Est est animi ab sit quo dolore sequi non max','Продажи','82013 Rippin Key\nReichelburgh, NJ 79335-7200','Est sint velit.',0,'Среднее','IN',0,'Женский','Проектная работа/разовое задание','Гибкий график','Нет личного автомобиля',52),(23,'Veritatis temporibus incidunt quis voluptatem','','57288 Armstrong Trail\nPatiencefurt, AK 17081-','Eos aliquam labore quis.',0,'Не имеет значение','FR',46,'Не имеет значения','Частичная занятость','Гибкий график','Нет личного автомобиля',70),(24,'Totam reiciendis dicta dolor qui aperiam repe','','420 Guiseppe Station\nNorth Aylinchester, MI 7','Nam officiis qui.',0,'Бакалавр','CA',87058,'Женский','Волонтерство','Сменный график','Есть личный автомобиль',86),(25,'Minima voluptatem rem quaerat rem rerum sapie','','32290 Ebert Meadows Suite 608\nLizethstad, DC ','Dolor blanditiis ex similique.',0,'Доктор наук','CA',0,'Не имеет значения','Полная занятость','Удаленная работа','Есть личный автомобиль',64),(26,'Praesentium velit sed minima doloremque liber','','881 Quitzon Hollow Apt. 562\nPort Jaeden, AR 8','Aliquam quos omnis.',0,'Бакалавр','GB',0,'Не имеет значения','Полная занятость','Сменный график','Есть личный автомобиль',83),(27,'Autem vero quae minima est ducimus qui labori','','0943 Susana Vista Apt. 118\nEast Leannashire, ','Sint dolorem sit.',0,'Среднее','CA',1379,'Женский','Проектная работа/разовое задание','Сменный график','Нет личного автомобиля',19),(28,'Qui placeat quia perspiciatis voluptatem sint','','956 Bauch Mountains\nSouth Nolamouth, MT 60781','Libero animi qui est.',0,'Магистр','ES',583322,'Мужской','Полная занятость','Вахтовый метод','Есть личный автомобиль',91),(29,'Unde necessitatibus impedit explicabo praesen','','693 Tyrique Knoll Suite 440\nEast Karianne, KY','Dolor nihil doloribus et esse.',0,'Средне-специальное','IN',7379488,'Женский','Частичная занятость','Вахтовый метод','Есть личный автомобиль',20),(30,'Est ullam eveniet ipsa laborum quia voluptate','','2743 Hodkiewicz Light Suite 783\nLarkinchester','Quo tempora dicta.',0,'Средне-специальное','MX',73025408,'Мужской','Полная занятость','Сменный график','Есть личный автомобиль',1),(31,'At dolores eum ipsa eveniet ut eius expedita ','','7345 Madyson Village\nPort Frances, AK 33277-0','Aspernatur neque asperiores cumque.',0,'Не имеет значение','RU',3,'Мужской','Проектная работа/разовое задание','Сменный график','Нет личного автомобиля',92),(32,'Est sit molestiae dicta delectus reprehenderi','Продажи','9455 Matilda Throughway Suite 864\nNew Rod, MT','Dignissimos qui tempore.',0,'Кандидат наук','MX',74648,'Мужской','Волонтерство','Сменный график','Нет личного автомобиля',8),(33,'Voluptas illo accusantium deleniti id assumen','Продажи','24734 Kolby Oval\nMyronton, NY 79541','Nesciunt cupiditate ipsum iste.',0,'Бакалавр','US',95840522,'Женский','Стажировка','Полный день','Есть личный автомобиль',47),(34,'Cumque adipisci quis sed maxime esse expedita','','08564 Kuhlman Lake Apt. 699\nBradtkeberg, IL 7','Alias debitis ex enim neque.',0,'Средне-специальное','MX',802,'Женский','Частичная занятость','Вахтовый метод','Нет личного автомобиля',41),(35,'Error rerum eos eos repellat voluptatem imped','','155 Conn Mount Suite 816\nKautzerhaven, VA 411','Est deleniti dolorum consequatur.',0,'Доктор наук','IN',9197,'Мужской','Проектная работа/разовое задание','Удаленная работа','Нет личного автомобиля',75),(36,'Aut eos est enim ratione quas odit ipsum dolo','','4972 Olson Shoal Suite 473\nHarberview, MN 489','Accusantium sunt deleniti.',0,'Средне-специальное','RU',809,'Женский','Волонтерство','Гибкий график','Есть личный автомобиль',92),(37,'Recusandae officiis at doloremque eos aperiam','Продажи','5777 Alisha Ranch\nSawaynside, OH 94891','Harum voluptatem quae.',0,'Кандидат наук','US',3,'Не имеет значения','Полная занятость','Удаленная работа','Нет личного автомобиля',43),(38,'Dolor delectus modi voluptate ut fugit deseru','','15471 Wilhelm Meadow\nNew Celineville, AK 8736','Laudantium sequi.',0,'Доктор наук','MX',31,'Мужской','Волонтерство','Вахтовый метод','Нет личного автомобиля',59),(39,'Culpa ut quas nihil non non magni veniam rem ','','5881 Stanton Manor Apt. 382\nBeatricemouth, DE','Expedita non cum odit voluptate.',0,'Кандидат наук','MX',65923,'Не имеет значения','Стажировка','Полный день','Есть личный автомобиль',41),(40,'Cupiditate aperiam est mollitia velit aut inv','','06826 Wilkinson Ramp\nHeathcotechester, NM 071','Maiores et quia ipsam.',0,'Средне-специальное','IT',213,'Женский','Волонтерство','Гибкий график','Есть личный автомобиль',75),(41,'Rem cum quo eum voluptas vel corrupti dolores','','45473 Hammes Trail\nPort Isaiashaven, MT 38315','Nobis quo sit culpa.',0,'Кандидат наук','GB',686888,'Мужской','Полная занятость','Сменный график','Нет личного автомобиля',78),(42,'Autem quidem omnis ipsam voluptatum voluptate','','4523 Timmy Course\nSouth Kirstinstad, MN 99371','Nobis et inventore sed.',0,'Среднее','GB',0,'Мужской','Проектная работа/разовое задание','Удаленная работа','Есть личный автомобиль',42),(43,'Modi repellat recusandae numquam iusto est ve','','116 Jacques Mission\nSouth Marianne, DE 76907-','Vel accusantium et adipisci iusto.',0,'Среднее','IE',826324,'Женский','Проектная работа/разовое задание','Удаленная работа','Нет личного автомобиля',95),(44,'Laboriosam quidem qui rerum nobis ea consecte','','212 Aniyah Turnpike\nLake Retachester, GA 1713','Non laborum tenetur facere.',0,'Бакалавр','CN',16090367,'Мужской','Волонтерство','Сменный график','Есть личный автомобиль',84),(45,'Inventore quo animi error quod est sapiente q','Другое','005 Becker Ridge Apt. 938\nNorth Alvena, GA 03','Nulla quae qui.',0,'Незаконченное высшее','GB',0,'Мужской','Частичная занятость','Удаленная работа','Нет личного автомобиля',62),(46,'Alias consequuntur reprehenderit minus sint o','','61038 Hoeger Light\nPort Jany, AK 52496-6822','Exercitationem sed.',0,'Не имеет значение','FR',106,'Женский','Частичная занятость','Сменный график','Нет личного автомобиля',33),(47,'Quibusdam dolor dolores cupiditate hic exerci','','013 Eileen Island\nSimhaven, KY 82759','Distinctio illum.',0,'Доктор наук','CN',887,'Не имеет значения','Стажировка','Удаленная работа','Нет личного автомобиля',4),(48,'Et dolores velit omnis et voluptatem unde qui','','164 Janiya Plaza Suite 855\nLucianoland, IN 06','Natus incidunt est ut.',0,'Средне-специальное','RU',1833,'Мужской','Проектная работа/разовое задание','Удаленная работа','Есть личный автомобиль',72),(49,'Numquam autem accusamus dolore aut officia do','','5653 Littel Field\nSouth Abby, AZ 59749-7903','Et magnam mollitia aut.',0,'Доктор наук','IE',8,'Не имеет значения','Частичная занятость','Полный день','Нет личного автомобиля',96),(50,'Architecto totam delectus consequatur et id n','','40191 Brain Burg Apt. 380\nPort Anissafort, ME','Nulla quia.',0,'Незаконченное высшее','RU',7,'Не имеет значения','Частичная занятость','Полный день','Есть личный автомобиль',76),(51,'Enim placeat ullam sed qui sunt assumenda eni','','535 Emmerich Expressway Apt. 801\nPort Evangel','Rerum dolores molestiae.',0,'Средне-специальное','CA',0,'Мужской','Стажировка','Удаленная работа','Есть личный автомобиль',8),(52,'Aliquid officia quia quod quo magnam ea volup','Другое','19587 Montana Motorway\nNew Haylie, SD 12432','Aut repudiandae fugit ea.',0,'Средне-специальное','US',526,'Мужской','Частичная занятость','Сменный график','Нет личного автомобиля',90),(53,'Natus numquam nihil aliquam eveniet omnis ali','','244 Demarcus Mountain Apt. 531\nBertrandshire,','Deleniti cupiditate quo.',0,'Среднее','CA',1187966,'Мужской','Частичная занятость','Вахтовый метод','Есть личный автомобиль',28),(54,'Est maxime pariatur autem quia doloremque nih','','17346 Selmer Forest\nWest Jacquesberg, CO 8301','Blanditiis adipisci quia.',0,'Среднее','MX',0,'Не имеет значения','Проектная работа/разовое задание','Полный день','Нет личного автомобиля',77),(55,'Hic laborum est voluptatem consequatur conseq','','7779 Metz Ridge\nDesireefurt, IA 10210-8904','Pariatur totam numquam.',0,'Высшее','IE',1,'Мужской','Полная занятость','Вахтовый метод','Есть личный автомобиль',76),(56,'Aperiam qui non rerum sint eum minima quisqua','','689 Anderson Plains Apt. 791\nKrajcikborough, ','Est vel possimus occaecati.',0,'Высшее','CN',607174034,'Не имеет значения','Полная занятость','Сменный график','Нет личного автомобиля',91),(57,'Aut dolore nobis suscipit ut amet at distinct','Другое','0383 Javon Falls Suite 025\nLoyview, MA 18368-','A tempore.',0,'Не имеет значение','RU',52759,'Не имеет значения','Проектная работа/разовое задание','Гибкий график','Нет личного автомобиля',59),(58,'Quos sapiente cum omnis ad consequatur nam qu','','028 Heather Prairie Suite 674\nLake Camillepor','Accusamus molestias.',0,'Средне-специальное','IN',689985,'Женский','Частичная занятость','Гибкий график','Нет личного автомобиля',95),(59,'Dolores sit cum reiciendis sed quibusdam ea n','Маркетинг','06117 Ima Oval Suite 428\nBechtelarville, NH 0','Animi totam officiis sequi.',0,'Средне-специальное','PT',0,'Женский','Частичная занятость','Удаленная работа','Нет личного автомобиля',82),(60,'Autem natus consequuntur minima ullam enim et','Другое','792 Langosh Shoals\nMisaelberg, AZ 40289-4714','Nam non expedita nemo.',0,'Доктор наук','CA',985490,'Не имеет значения','Частичная занятость','Гибкий график','Нет личного автомобиля',78),(61,'Non vitae et optio quasi voluptatem molestiae','','994 West Burg\nBillport, CT 89980','Dicta iste eligendi.',0,'Среднее','RU',769414,'Женский','Проектная работа/разовое задание','Сменный график','Нет личного автомобиля',96),(62,'Consectetur consequatur quia omnis maxime et ','Маркетинг','7850 Isom Terrace\nWest Carolechester, NV 4536','Reprehenderit quas unde.',0,'Бакалавр','DE',0,'Мужской','Проектная работа/разовое задание','Полный день','Нет личного автомобиля',74),(63,'Aut sint adipisci recusandae ut et rerum cons','Другое','930 Hickle Meadow\nKendallmouth, SD 42519','Qui totam eveniet voluptatibus.',0,'Бакалавр','GB',59,'Мужской','Полная занятость','Вахтовый метод','Есть личный автомобиль',86),(64,'Id ut omnis in non accusamus inventore amet d','','29412 Boyle Meadows\nTowneview, ME 71346-4689','Eum eaque.',0,'Не имеет значение','MX',935193,'Не имеет значения','Частичная занятость','Удаленная работа','Есть личный автомобиль',42),(65,'Necessitatibus laboriosam et rem vel id tempo','','464 Jettie Alley\nBrownbury, NJ 09835','Laboriosam dolorem ut.',0,'Высшее','PT',792,'Мужской','Волонтерство','Полный день','Нет личного автомобиля',14),(66,'Consequatur dolor et sequi iure illo quo volu','Другое','19801 Daron Cliffs Suite 308\nNew Hattie, MD 4','Asperiores fuga ad.',0,'Незаконченное высшее','ES',15,'Мужской','Стажировка','Удаленная работа','Есть личный автомобиль',61),(67,'Nihil animi aut sit ut sunt animi est repelle','','522 Koss Station\nEast Elouise, VA 36401-6575','Placeat accusantium molestiae ut.',0,'Бакалавр','MX',79902621,'Мужской','Частичная занятость','Полный день','Есть личный автомобиль',34),(68,'Tempora ipsam at dolorem perferendis earum er','','65619 Zackery Grove\nNew Alexie, NY 96395-7420','Illum excepturi labore perferendis.',0,'Кандидат наук','FR',820,'Не имеет значения','Стажировка','Вахтовый метод','Нет личного автомобиля',56),(69,'Hic dignissimos quisquam inventore dolor ut a','Продажи','332 Marina Expressway Apt. 191\nSouth Trever, ','Enim est qui quidem.',0,'Доктор наук','IN',891351,'Не имеет значения','Волонтерство','Вахтовый метод','Нет личного автомобиля',20),(70,'Nam et reiciendis vel quaerat consequatur sun','','23538 Kerluke Tunnel Suite 965\nNigelshire, KS','Ipsam sed necessitatibus.',0,'Не имеет значение','GB',463740,'Мужской','Стажировка','Гибкий график','Нет личного автомобиля',75),(71,'Explicabo soluta pariatur voluptatem voluptas','','81632 Consuelo Throughway Suite 440\nOkunevabe','Animi harum recusandae quis.',0,'Доктор наук','GB',0,'Не имеет значения','Полная занятость','Сменный график','Есть личный автомобиль',31),(72,'Iure est adipisci ullam quia sed laborum vita','','3502 Jazmin Freeway\nEunabury, WA 17082','Cumque incidunt architecto doloremque.',0,'Среднее','RU',207581,'Мужской','Проектная работа/разовое задание','Гибкий график','Нет личного автомобиля',97),(73,'Reprehenderit culpa ut cum debitis suscipit q','','90526 Jacky Springs Apt. 125\nNew Chelseyland,','Eos vel doloribus.',0,'Кандидат наук','MX',304,'Мужской','Проектная работа/разовое задание','Сменный график','Есть личный автомобиль',16),(74,'Sequi doloribus fuga et rem magnam aut molest','Другое','75981 Georgette Spurs Apt. 878\nCamrynland, NV','Unde maiores et quidem.',0,'Кандидат наук','MX',79965588,'Женский','Полная занятость','Вахтовый метод','Есть личный автомобиль',26),(75,'Nulla dicta voluptatum est mollitia aut dolor','','437 Sister Lakes\nNorth Aleen, KY 94802-6612','Voluptatem qui ea.',0,'Высшее','CN',0,'Не имеет значения','Волонтерство','Вахтовый метод','Нет личного автомобиля',81),(76,'Eum officiis voluptas nihil debitis consequat','','1064 Wiegand Crest\nBettyland, WA 80071','Molestiae corrupti est pariatur.',0,'Доктор наук','GB',3,'Женский','Волонтерство','Гибкий график','Нет личного автомобиля',77),(77,'Qui quo enim impedit ipsum itaque animi qui d','','07986 Dorothea Divide\nWest Fridahaven, SC 673','Inventore repellat a.',0,'Кандидат наук','IT',47,'Мужской','Полная занятость','Гибкий график','Нет личного автомобиля',59),(78,'Officia officiis molestias beatae vitae quasi','','913 Onie Expressway\nHudsonmouth, WA 71886','Corporis at distinctio.',0,'Высшее','CA',13,'Женский','Волонтерство','Гибкий график','Нет личного автомобиля',84),(79,'Nihil repudiandae aliquid eaque quod voluptas','','480 Daisha Plains\nBeattyland, KY 79438','Laboriosam sed.',0,'Магистр','IE',0,'Женский','Проектная работа/разовое задание','Сменный график','Есть личный автомобиль',49),(80,'Excepturi velit delectus distinctio voluptatu','','425 Jackson Gardens Suite 781\nLillyhaven, DC ','Reprehenderit voluptas quod.',0,'Кандидат наук','IE',171654408,'Не имеет значения','Стажировка','Гибкий график','Есть личный автомобиль',54),(81,'Sapiente sint et molestias voluptatum consect','Маркетинг','174 Clement Vista Suite 101\nDerekshire, LA 62','Temporibus in quam nihil expedita.',0,'Магистр','GB',0,'Мужской','Полная занятость','Гибкий график','Есть личный автомобиль',60),(82,'Aperiam est dolor velit ut qui rem voluptates','','76538 O\'Hara Plaza Apt. 283\nNorth Eldridge, D','Corrupti quos nihil qui.',0,'Высшее','MX',600307,'Мужской','Проектная работа/разовое задание','Полный день','Нет личного автомобиля',56),(83,'Vel sit consequatur omnis nostrum vero impedi','','83319 Hilll Parks Apt. 631\nNew Stephanie, RI ','Ea rerum fugiat odio.',0,'Среднее','CA',95,'Не имеет значения','Полная занятость','Вахтовый метод','Есть личный автомобиль',43),(84,'Accusamus dolor et est sed eaque sit et id ip','','4512 Claudie Village Suite 289\nSouth Giovanni','Adipisci ratione quod qui.',0,'Незаконченное высшее','CA',64,'Мужской','Частичная занятость','Удаленная работа','Есть личный автомобиль',87),(85,'Doloribus aspernatur numquam et enim ipsa vel','Другое','085 Stracke Falls Apt. 370\nAufderharville, NV','Minima non aut.',0,'Средне-специальное','CN',1782,'Не имеет значения','Проектная работа/разовое задание','Гибкий график','Есть личный автомобиль',33),(86,'Et excepturi eligendi quia vitae eligendi non','','00734 Trantow Ports\nNew Solonside, OR 25206','Velit nisi enim.',0,'Магистр','US',9,'Мужской','Проектная работа/разовое задание','Полный день','Нет личного автомобиля',19),(87,'Rem incidunt sint magnam excepturi sed dolore','','78266 Deckow Meadow Apt. 896\nSouth Joannyburg','Necessitatibus sunt illo sit.',0,'Среднее','US',457378314,'Мужской','Волонтерство','Сменный график','Есть личный автомобиль',78),(88,'Odio odit illum expedita et pariatur ex cupid','Продажи','5366 Schmidt Drive Suite 054\nWest Dalehaven, ','Quo vel debitis et.',0,'Не имеет значение','FR',9585,'Мужской','Стажировка','Гибкий график','Нет личного автомобиля',92),(89,'Labore consequuntur molestias voluptatem temp','Маркетинг','161 Alexandre Drive Apt. 871\nFannieborough, N','Delectus porro fuga quia.',0,'Не имеет значение','CN',136389828,'Не имеет значения','Волонтерство','Удаленная работа','Есть личный автомобиль',13),(90,'Ad tempore voluptates et aut alias libero ut ','','85217 Hickle Orchard\nKihnville, NE 85472','Facilis distinctio aut voluptatum.',0,'Среднее','ES',551,'Мужской','Стажировка','Удаленная работа','Есть личный автомобиль',60),(91,'Ex placeat qui asperiores laudantium odit qua','','5295 Klocko Streets Apt. 380\nBraunburgh, CA 9','Voluptatem sint voluptatem.',0,'Доктор наук','GB',944733,'Не имеет значения','Проектная работа/разовое задание','Гибкий график','Нет личного автомобиля',70),(92,'Voluptatem quaerat non voluptatibus facilis o','','0211 Ellie Prairie\nNorth Daniela, NE 45915','Odit quibusdam pariatur.',0,'Доктор наук','IN',183,'Женский','Стажировка','Гибкий график','Есть личный автомобиль',8),(93,'Rerum necessitatibus aut vero harum sed ut qu','','411 Cormier Pines Suite 464\nPort Ciarafort, L','Sequi velit aspernatur.',0,'Средне-специальное','PT',39228826,'Женский','Частичная занятость','Сменный график','Есть личный автомобиль',33),(94,'Cum et iusto dolorum nemo dolores sed et quia','','095 Rowe Wall Suite 417\nPort Walton, NY 79887','Sunt eum voluptas quis.',0,'Бакалавр','IE',32048,'Не имеет значения','Полная занятость','Полный день','Есть личный автомобиль',56),(95,'Autem asperiores velit voluptas suscipit repr','Продажи','0391 Ahmad Key Suite 769\nWest Cruz, NE 61174','Et est dolores.',0,'Бакалавр','IE',44,'Мужской','Полная занятость','Полный день','Есть личный автомобиль',50),(96,'Quasi ipsum esse sed tenetur ut sequi blandit','','6434 Kassulke Spurs Suite 945\nEast Kolbyfurt,','Itaque laboriosam dolores blanditiis.',0,'Средне-специальное','IT',647,'Не имеет значения','Полная занятость','Гибкий график','Нет личного автомобиля',46),(97,'Sit neque optio expedita nemo veniam nemo atq','','838 Vinnie Views Suite 457\nSouth Terrell, IN ','Qui debitis nemo in.',0,'Кандидат наук','RU',2660630,'Женский','Полная занятость','Удаленная работа','Есть личный автомобиль',16),(98,'Tempora nihil omnis et et voluptatem id conse','','98146 Ward Summit\nJacynthemouth, MS 72782-244','Veritatis voluptate consectetur.',0,'Кандидат наук','GB',4,'Мужской','Волонтерство','Вахтовый метод','Есть личный автомобиль',84),(99,'Consectetur vero perspiciatis odio quas sit d','Другое','5440 Schiller Divide Suite 194\nEast Cobyview,','Inventore distinctio qui.',0,'Высшее','CA',5991184,'Женский','Проектная работа/разовое задание','Гибкий график','Есть личный автомобиль',2),(100,'Dolor iure corrupti odio dicta fugiat nam eos','','145 Maiya Trafficway Apt. 971\nPort Leonie, OK','Dignissimos vero eaque.',0,'Среднее','IE',3,'Не имеет значения','Частичная занятость','Удаленная работа','Есть личный автомобиль',35);
/*!40000 ALTER TABLE `resume_search` ENABLE KEYS */;
UNLOCK TABLES;

--
-- Table structure for table `skills`
--

DROP TABLE IF EXISTS `skills`;
/*!40101 SET @saved_cs_client     = @@character_set_client */;
/*!40101 SET character_set_client = utf8 */;
CREATE TABLE `skills` (
  `id_skills` int(11) NOT NULL AUTO_INCREMENT,
  `skills_name` varchar(245) COLLATE utf8mb4_unicode_ci NOT NULL,
  `skills_specializations` varchar(245) COLLATE utf8mb4_unicode_ci NOT NULL,
  `vacancy_id_vacancy` int(11) NOT NULL,
  PRIMARY KEY (`id_skills`),
  KEY `fk_skills_vacancy1_idx` (`vacancy_id_vacancy`),
  CONSTRAINT `fk_skills_vacancy1` FOREIGN KEY (`vacancy_id_vacancy`) REFERENCES `vacancy` (`id_vacancy`) ON DELETE NO ACTION ON UPDATE NO ACTION
) ENGINE=InnoDB AUTO_INCREMENT=101 DEFAULT CHARSET=utf8mb4 COLLATE=utf8mb4_unicode_ci;
/*!40101 SET character_set_client = @saved_cs_client */;

--
-- Dumping data for table `skills`
--

LOCK TABLES `skills` WRITE;
/*!40000 ALTER TABLE `skills` DISABLE KEYS */;
INSERT INTO `skills` VALUES (1,'Voluptatibus quam autem eius perferendis dolor tempore totam occaecati laboriosam qui sint aut molestias qui non aut sunt magni.',' Фармацевтика',31),(2,'Dolorem recusandae amet aut aut veritatis quos odit sit sequi sit numquam qui ut quae et molestiae ea aut non.',' Маркетинг',23),(3,'Earum autem et possimus unde ut labore earum commodi consectetur ea et voluptatum nobis mollitia praesentium aliquam.',' Медицина',67),(4,'Iusto magni animi rem impedit veniam rerum quo qui possimus cupiditate aut ex occaecati.',' Продажи',88),(5,'Amet amet praesentium quis ipsam et suscipit nostrum asperiores maxime aut.','Информационные технологии',62),(6,'Repellendus at a illum cupiditate maiores eum ex alias laboriosam et sed earum cupiditate ad nemo explicabo.',' Медицина',93),(7,'Beatae dolorum dolorem ex incidunt totam sapiente est dolorum non voluptate sunt qui aut consequatur unde dolores beatae non eveniet.',' Телеком',28),(8,'Nisi labore tenetur magnam ut quisquam minima sit quia voluptatem similique sunt aspernatur quibusdam incidunt possimus aut voluptatem.',' Интернет',65),(9,'Velit id dolorum commodi blanditiis odit beatae alias unde sunt.',' Фармацевтика',68),(10,'Reprehenderit rerum deleniti corporis eum aliquid sed id nostrum cupiditate sit.',' Строительство',14),(11,'Iste qui mollitia repellat consequatur voluptatem quia nesciunt qui cum voluptates.',' Интернет',87),(12,'Autem officiis similique aut quia veritatis rerum earum nemo et est est soluta.',' Продажи',59),(13,'Illo ipsam et hic sunt assumenda occaecati nihil et sed et consequatur nihil impedit ab error reprehenderit expedita facilis voluptatibus.',' Строительство',54),(14,'In nam aut nam nisi minus aliquam voluptas ab consequuntur et harum mollitia.',' Маркетинг',52),(15,'Omnis dicta sed vel quam explicabo earum unde sit est consectetur provident impedit nisi provident ratione et.',' Маркетинг',36),(16,'Amet ut velit exercitationem qui ex occaecati fuga quisquam atque voluptatum.',' Медицина',92),(17,'Possimus molestias veritatis saepe iure autem quaerat sequi omnis dolor aliquam nisi illum architecto saepe veritatis possimus et.',' Другое',18),(18,'Doloremque animi eum nihil ut nostrum sint iste repellat qui ut.',' Интернет',93),(19,'Magni autem placeat non consequatur exercitationem exercitationem velit officiis quaerat in dolores saepe aut aspernatur voluptatem.',' Строительство',29),(20,'Temporibus impedit rerum et quae nulla ad officiis ipsam quis est eum cum.',' Продажи',73),(21,'Libero eos laudantium deleniti porro nulla quia quos rem et.','Информационные технологии',93),(22,'At aut minima enim voluptatum eveniet enim architecto tempora ullam.','Информационные технологии',23),(23,'Doloremque alias nostrum sit harum nam repellat sed quis non perspiciatis neque officia.',' Недвижимость',25),(24,'Rerum earum qui et quae sit veritatis ducimus eos temporibus.',' Другое',21),(25,'Modi laboriosam laudantium sapiente ullam officiis aut non voluptatibus vel porro incidunt vel magnam sint minus necessitatibus.',' Строительство',69),(26,'Aut molestiae porro quia et sequi error recusandae non enim illum accusamus nostrum ea aperiam debitis sit beatae et ut veniam.',' Строительство',49),(27,'Eligendi culpa voluptatem doloribus consequatur suscipit laboriosam qui veniam debitis corporis sit minima qui voluptas facere assumenda sed suscipit.',' Строительство',67),(28,'Quae neque velit officia cupiditate voluptas facilis neque autem molestiae molestias ipsam iste illo repellendus.',' Другое',73),(29,'Tempore et sint nihil ut quia libero nostrum temporibus reprehenderit voluptatibus aut dolor.','Информационные технологии',13),(30,'Vel quia iure nihil eum repellendus sapiente omnis est voluptatum id dicta veritatis quam quas est aut officia eum vitae qui.',' Другое',48),(31,'Qui aut aspernatur maiores adipisci aut dicta fugit dolore modi voluptatem provident unde ut provident ut.',' Интернет',55),(32,'Non et voluptas voluptatibus consectetur occaecati quasi nobis at ullam et consequuntur.',' Продажи',84),(33,'Repellendus magni officia aut quisquam quos explicabo nisi maxime nostrum sequi.','Информационные технологии',20),(34,'Enim ut quidem et at et pariatur aspernatur explicabo cum nihil ducimus consectetur fuga asperiores tenetur voluptates aut facilis minima iusto.',' Интернет',30),(35,'In aperiam voluptas vel voluptatem velit reprehenderit dolores reiciendis quod eos facilis dicta perspiciatis laborum molestiae explicabo.',' Телеком',83),(36,'Minus nemo expedita dolores ea consequatur aliquam ut et consectetur delectus earum possimus.',' Другое',64),(37,'Cum ut nemo itaque rerum incidunt nostrum asperiores dolor sed nihil repudiandae.',' Телеком',18),(38,'Eligendi similique commodi voluptas et dicta voluptas excepturi explicabo blanditiis sunt pariatur molestiae est omnis distinctio iste voluptatem odio nemo.',' Другое',94),(39,'Omnis et laborum quasi vitae assumenda illo quia esse deleniti.',' Недвижимость',14),(40,'Eum temporibus praesentium voluptatem fugit perspiciatis dolorum atque qui eum quis minus ex quae consequatur et sunt facilis.',' Строительство',79),(41,'Dolorum sint qui sint tempora perferendis sed voluptate quidem asperiores est id quis et adipisci quidem.',' Строительство',59),(42,'Beatae autem ullam et et voluptatibus eos vel id autem dolores quo fugiat laboriosam laborum quis porro dolor soluta dolore.',' Недвижимость',83),(43,'Earum quia minus iusto molestias eius voluptatem qui qui optio hic occaecati nam libero temporibus aut.',' Фармацевтика',50),(44,'Dolor neque deleniti cumque officiis cum distinctio nulla reiciendis qui voluptate animi eveniet libero modi consequatur praesentium voluptatem.',' Другое',11),(45,'Odio velit dignissimos aut ut perspiciatis quia perferendis quia suscipit maiores et ex officia quia praesentium aut atque consequatur numquam.',' Телеком',25),(46,'Libero quis sapiente vero consequatur aut enim praesentium non ipsam.',' Продажи',43),(47,'Ab doloribus odio consequuntur earum rerum voluptatibus non laborum aliquid.',' Продажи',16),(48,'Nostrum qui ut minus quisquam et voluptatem odit molestiae esse sequi.',' Фармацевтика',24),(49,'Harum nemo voluptatum nemo perspiciatis enim quaerat rerum dolorem ipsa sit qui voluptates iste.',' Другое',90),(50,'Adipisci et nobis omnis qui nihil hic maiores repellat suscipit voluptatibus et ut quas qui eos eum ratione ipsa quisquam.',' Маркетинг',97),(51,'Ut repellendus corporis ducimus possimus velit placeat voluptas dolor sed reiciendis ea fugit praesentium libero animi reprehenderit.','Информационные технологии',75),(52,'Et aliquid rerum perferendis deleniti quia et veniam perspiciatis praesentium tenetur porro commodi.',' Продажи',91),(53,'Accusantium et possimus et non omnis sunt veritatis cum consequatur ut iste quis.',' Недвижимость',51),(54,'Nesciunt reprehenderit ut labore rerum blanditiis in minima est quidem consequatur qui perspiciatis.',' Маркетинг',51),(55,'Nostrum tempore error velit neque sapiente quasi atque praesentium harum et qui voluptatem numquam qui inventore aut praesentium dolores quibusdam nobis.',' Другое',77),(56,'Ullam dolore quo mollitia possimus omnis quibusdam earum sint qui et.',' Телеком',13),(57,'Autem quibusdam qui saepe et eaque est ut qui voluptates qui hic aliquam fugiat fugit odit distinctio repellat non voluptas totam.','Информационные технологии',66),(58,'Laudantium culpa consequatur autem ea et repudiandae ipsum libero modi maxime dolores eum et ab.',' Маркетинг',69),(59,'Quo id autem quam tempore perferendis id officia quo quibusdam doloribus.',' Фармацевтика',85),(60,'Blanditiis iste necessitatibus dolores pariatur et accusantium dolor enim tenetur id dolores labore consequatur recusandae ut mollitia saepe id harum.',' Продажи',70),(61,'Quia voluptas nihil alias labore sequi velit voluptates consequatur aliquid rerum commodi magni.',' Телеком',59),(62,'Eveniet natus cumque maxime omnis aliquid est sunt ex sint.',' Строительство',56),(63,'Neque cum cum sed iure quod laboriosam sunt necessitatibus amet perferendis nesciunt.',' Недвижимость',47),(64,'Est quidem tempora et id facere sunt at in dolores in minima qui minus illo ut voluptates dolorum id officia fuga.',' Продажи',49),(65,'Enim sint impedit ullam omnis non facere delectus debitis quod optio accusamus asperiores dolorum reprehenderit quia.',' Недвижимость',78),(66,'Nisi id aliquid minima velit eveniet sunt dolor similique optio saepe aliquid.',' Медицина',46),(67,'Et sed iusto omnis corporis accusantium blanditiis at labore minima architecto et maxime culpa velit neque molestiae quod sit expedita.',' Недвижимость',63),(68,'Esse tempore sit sit odio alias deleniti eos accusantium fugit eum quis inventore minus eius laboriosam ea nemo voluptatem et.',' Фармацевтика',69),(69,'Sed in rerum ipsum ut maiores id odit voluptate dolore non non quidem totam accusamus.',' Недвижимость',63),(70,'Molestiae accusantium minima veniam consequatur labore hic quia qui aut placeat voluptatem qui quod corrupti qui alias vero non.',' Медицина',14),(71,'Non ducimus labore dolor sit illum et quos perspiciatis pariatur in qui.','Информационные технологии',49),(72,'Aut nobis est iusto voluptas officiis optio vel velit in sed voluptatem inventore quasi reprehenderit nesciunt aut harum saepe rerum quas.',' Недвижимость',72),(73,'Nihil voluptatem porro tempore eos magnam eos dolorem minima omnis totam.',' Интернет',10),(74,'Quasi quod laboriosam ullam facere quos animi est expedita quo suscipit quo aut omnis veritatis exercitationem iste quia tenetur saepe ratione.',' Продажи',21),(75,'Qui quod voluptatem doloremque tempore perspiciatis magnam eaque ut quidem optio eaque quae enim veniam aperiam aut cum adipisci ut dolores.',' Медицина',20),(76,'Eligendi delectus reiciendis est rerum laborum error ut eveniet assumenda aut aut voluptatum molestiae exercitationem.',' Недвижимость',100),(77,'Molestiae voluptate voluptate aut eligendi doloribus quia molestias qui perferendis ex ipsam.',' Маркетинг',82),(78,'Quidem nulla eaque rerum qui adipisci est et quas autem id assumenda et quidem et et eos quo maiores iure inventore.',' Телеком',66),(79,'Ullam esse odit dolores est esse vel sed quod amet atque rem voluptas consectetur explicabo ipsum inventore fugit.',' Телеком',67),(80,'Sequi vitae corrupti sunt pariatur asperiores aut consectetur qui distinctio omnis laudantium.',' Интернет',79),(81,'Itaque amet et deleniti voluptates molestias id debitis repellendus modi aliquid est doloribus itaque maxime totam voluptas non et.',' Медицина',53),(82,'Hic qui quis laborum rerum rerum iste aut corrupti eum cupiditate dicta occaecati aut repellendus molestiae incidunt eveniet vel neque nihil.',' Маркетинг',60),(83,'A sunt quo iusto quia autem porro distinctio consequatur autem.',' Строительство',26),(84,'Et saepe nesciunt dolor corrupti harum suscipit odio blanditiis hic in autem ducimus enim harum iusto quod repellat est velit.',' Другое',55),(85,'Quia qui quam laborum cumque ea quia facere fuga consequuntur.','Информационные технологии',82),(86,'Quisquam cum inventore at ratione illo eaque fugiat dignissimos nihil ullam quisquam sint in non.',' Интернет',36),(87,'Voluptas consequatur laboriosam quia iste vel est et nostrum autem rerum at nesciunt quia soluta sed qui qui velit.',' Недвижимость',87),(88,'Officiis ut tempore quo exercitationem enim accusantium omnis sunt voluptas quaerat aut voluptas et repellendus.',' Продажи',55),(89,'Recusandae consequuntur ratione et perspiciatis eveniet est nobis vel dolores.',' Продажи',9),(90,'Dolores tempora impedit eum sit optio consequatur ratione pariatur facere omnis praesentium consequuntur aut voluptas eos sapiente ut.',' Строительство',40),(91,'Aut corporis aut maxime iure beatae et quaerat voluptate modi aut ut sequi consequuntur ratione qui distinctio impedit quas.',' Продажи',6),(92,'Et ex maxime aut et numquam nobis cumque velit quis explicabo id molestiae est ex aut fugiat eum eos.',' Строительство',55),(93,'Vel ut id voluptatem est tempora qui occaecati ab consequatur reiciendis ut sed dignissimos ut perspiciatis.','Информационные технологии',75),(94,'Labore qui exercitationem fugit ut vero reiciendis magnam quae provident qui autem eos sed suscipit sit.',' Другое',13),(95,'Modi temporibus harum fugiat non sunt aliquam debitis ipsam assumenda voluptatem voluptates est molestiae magni et pariatur consequatur et cum.',' Интернет',85),(96,'Velit corporis tenetur consequatur adipisci reiciendis reiciendis necessitatibus praesentium omnis.',' Фармацевтика',95),(97,'Quis qui eum quam veritatis explicabo velit veniam alias suscipit enim corrupti id perferendis voluptate.',' Телеком',30),(98,'Rerum architecto dignissimos et ratione asperiores libero doloremque repellat hic nihil.',' Продажи',28),(99,'Ad ut vitae omnis sit officiis non incidunt veniam optio quia temporibus consequuntur magnam ipsa adipisci necessitatibus.',' Маркетинг',92),(100,'Sed ut et voluptates omnis voluptas omnis voluptatem modi necessitatibus commodi quo iste.',' Продажи',26);
/*!40000 ALTER TABLE `skills` ENABLE KEYS */;
UNLOCK TABLES;

--
-- Table structure for table `vacancy`
--

DROP TABLE IF EXISTS `vacancy`;
/*!40101 SET @saved_cs_client     = @@character_set_client */;
/*!40101 SET character_set_client = utf8 */;
CREATE TABLE `vacancy` (
  `id_vacancy` int(11) NOT NULL AUTO_INCREMENT,
  `vacancy_description` varchar(245) COLLATE utf8mb4_unicode_ci NOT NULL,
  `vacancy_key_skills` varchar(145) COLLATE utf8mb4_unicode_ci NOT NULL,
  `vacancy_schedule` enum('Полный день','Сменный график','Гибкий график','Удаленная работа','Вахтовый метод') COLLATE utf8mb4_unicode_ci NOT NULL,
  `vacancy_experience` enum('Нет опыта','От 1 года до 3 лет','От 3 до 6 лет','Более 6 лет') COLLATE utf8mb4_unicode_ci NOT NULL,
  `vacancy_address` varchar(145) COLLATE utf8mb4_unicode_ci NOT NULL,
  `vacancy_employment` enum('Полная занятость','Частичная занятость','Проектная работа/разовое задание','Волонтерство','Стажировка') COLLATE utf8mb4_unicode_ci NOT NULL,
  `vacancy_salary` bigint(20) DEFAULT NULL,
  `vacancy_name` varchar(45) COLLATE utf8mb4_unicode_ci NOT NULL,
  `vacancy_area` varchar(145) COLLATE utf8mb4_unicode_ci NOT NULL,
  `vacancy_created_at` datetime NOT NULL DEFAULT current_timestamp(),
  `vacancy_published_at` datetime NOT NULL DEFAULT current_timestamp(),
  `vacancy_specialization` enum('Информационные технологии, интернет, телеком','Маркетинг','Продажи','Строительство, недвижимость','Медицина, фармацевтика','Другое') COLLATE utf8mb4_unicode_ci NOT NULL,
  `vacancy_contacts` bigint(20) NOT NULL,
  `hr_users_hr_id` int(10) unsigned NOT NULL,
  PRIMARY KEY (`id_vacancy`),
  KEY `fk_vacancy_hr_users1_idx` (`hr_users_hr_id`),
  CONSTRAINT `fk_vacancy_hr_users1` FOREIGN KEY (`hr_users_hr_id`) REFERENCES `hr_users` (`hr_id`) ON DELETE NO ACTION ON UPDATE NO ACTION
) ENGINE=InnoDB AUTO_INCREMENT=101 DEFAULT CHARSET=utf8mb4 COLLATE=utf8mb4_unicode_ci;
/*!40101 SET character_set_client = @saved_cs_client */;

--
-- Dumping data for table `vacancy`
--

LOCK TABLES `vacancy` WRITE;
/*!40000 ALTER TABLE `vacancy` DISABLE KEYS */;
INSERT INTO `vacancy` VALUES (1,'Aut accusamus quia iure numquam et. Veritatis aut explicabo maxime quis eos in dolor. Dolores eos repellat illum incidunt deserunt. Explicabo sunt qui vero.','Odio dolor quas quis et magnam consequuntur non reiciendis mollitia accusantium et quasi sit consequatur aut a mollitia similique magnam.','Полный день','Более 6 лет','135 Genesis Freeway Apt. 061','Волонтерство',29479091,'Molestiae at molestiae et amet culpa ut et su','Ziemannfort','1982-11-24 11:30:18','2017-10-18 22:01:43','Маркетинг',79872914763,21),(2,'Laudantium ipsa quis quia officiis fugiat ut. Officia et autem omnis quam accusantium. Ut et excepturi ut porro et iusto nulla culpa. Ullam eaque aut autem consequatur et quo sed corrupti.','Qui eos fugiat in voluptas consequatur facere ut nesciunt sunt modi eos autem omnis dolorem.','Полный день','От 1 года до 3 лет','134 Hoeger Junctions Suite 848','Волонтерство',2671928,'Sequi deserunt tenetur doloremque expedita ma','Macejkovicton','1984-07-14 01:04:21','2017-12-04 23:20:40','Продажи',79703854083,33),(3,'Praesentium animi sequi enim consequatur ut et et. Cum esse dolorem accusantium aut. Sed id sed accusantium culpa explicabo adipisci nulla facilis. Ut aut minus dolore ut voluptatem dolorem quaerat qui.','Corrupti sequi commodi dicta molestias enim et nostrum rem tenetur repudiandae.','Полный день','Нет опыта','0191 Devin Squares','Проектная работа/разовое задание',460,'Laudantium minima veritatis porro optio dolor','Quintonmouth','1976-11-15 00:41:48','2010-07-23 03:12:32','',79788434733,49),(4,'Corporis sed quaerat cupiditate temporibus. Modi voluptas eaque reprehenderit dolores eum ut quo. At voluptas aut quia cupiditate. Sint aut non nihil aliquid.','Incidunt corrupti illo veniam autem et aperiam labore id rerum atque tenetur.','Удаленная работа','Более 6 лет','439 Keebler Locks Apt. 425','Частичная занятость',0,'Tempore expedita voluptates aliquam id provid','East Carletontown','2008-12-19 03:53:40','1988-06-22 05:32:51','Маркетинг',79561391739,73),(5,'Ut delectus enim fuga enim asperiores porro dolorem. Error rerum illo ea ratione suscipit provident. Blanditiis rem dolorem eum reiciendis ut non ad quia. Hic reiciendis laboriosam dolores placeat quaerat ut rerum.','Cum dolor iusto suscipit aperiam ut numquam in et delectus quo doloremque est ut maiores et.','Вахтовый метод','От 1 года до 3 лет','277 Berge Square','Стажировка',913547178,'Quis ut tempora qui qui tempore aspernatur ne','East Henderson','1992-04-04 13:33:42','2009-12-30 18:44:57','',79424104556,8),(6,'Dignissimos eum neque voluptatem aut. Totam at quod expedita sed et doloremque sit. Animi sunt omnis ipsa rerum aut officiis labore. Necessitatibus officia ut consequuntur maxime architecto.','Quo doloremque possimus aut eum dolorem consequatur tempora placeat nesciunt voluptas et sequi consectetur qui deserunt id eligendi.','Удаленная работа','Более 6 лет','13895 Roy Common','Стажировка',8,'Omnis et dolores hic officiis eos sunt eos te','Kleinchester','2018-01-20 07:32:58','2013-01-20 10:24:24','',79253871810,18),(7,'Voluptatem modi neque unde et est porro. Magni ab a quisquam alias laboriosam enim. Cupiditate illum error enim aut.','Iste repudiandae sed nesciunt nostrum adipisci commodi id et beatae veritatis eligendi saepe illo praesentium odio aut incidunt aliquam.','Гибкий график','Более 6 лет','345 Macejkovic Points Suite 934','Стажировка',0,'Commodi vel iste at ut quia vero ea doloribus','East Ashashire','1989-06-21 00:32:50','1976-08-17 03:09:45','',79682631827,34),(8,'Et aspernatur possimus quam. Magni eos provident velit dolore dolor. Asperiores et cumque amet qui architecto quo velit. Rerum ut consequatur voluptatem.','Perferendis sit sint suscipit sapiente perferendis sapiente non qui accusamus.','Удаленная работа','Нет опыта','8130 Frami Meadows','Полная занятость',16,'Numquam earum eligendi odit et enim facilis f','Orlobury','2019-12-28 18:17:24','1979-03-01 23:35:51','Маркетинг',79385416594,35),(9,'Fugit amet vero qui harum qui et. Nihil rerum iure neque doloremque. Vel fugiat iusto similique ut quibusdam. Laboriosam et velit sed et quae.','In debitis laudantium animi asperiores ex cum doloribus dignissimos qui quos maiores cupiditate.','Вахтовый метод','Нет опыта','22984 Griffin Garden Suite 278','Проектная работа/разовое задание',36828,'Et vel labore tempore doloribus praesentium v','Schambergerfurt','1999-07-21 19:10:31','2017-05-26 22:09:14','',79451352130,82),(10,'Voluptas quia quos voluptatem eius ullam. Dolore sequi cumque quia ratione repudiandae doloremque itaque. Aut sed dignissimos temporibus perferendis numquam minima reprehenderit. Tempore eum assumenda ut eos ea ipsa praesentium. Ipsa laudantium ','Provident hic optio ab dolorum qui et nostrum est in eveniet aut tempora rerum et quidem perferendis.','Сменный график','Нет опыта','3777 Felipa Locks','Полная занятость',181933,'Distinctio adipisci iste possimus voluptas iu','Port Hulda','2006-02-22 01:08:28','1990-05-13 07:14:06','',79172303790,71),(11,'Tenetur esse recusandae occaecati sit facere. Temporibus amet facere blanditiis amet. Perspiciatis eius a est accusamus.','Autem quo pariatur sit ut quae occaecati sapiente impedit illum incidunt quam praesentium consequatur ut aliquid.','Полный день','Более 6 лет','24058 Tatum Place','Стажировка',0,'Voluptatibus ut ipsa temporibus quis dolorem ','North Jose','2016-01-22 06:45:49','2004-08-30 02:46:28','',79915452473,15),(12,'Nihil qui dolores ut qui. Reiciendis voluptate provident accusamus enim hic dicta quae. Et quia sint facilis ex. Est quis eaque vel illum.','Voluptatem ipsa dolor veniam quo laudantium error ab voluptatem sit neque sed omnis vel rerum magnam magni.','Сменный график','Более 6 лет','4660 D\'Amore Stravenue Suite 960','Проектная работа/разовое задание',443518,'Incidunt commodi sint est quia excepturi adip','Lillianville','1979-09-13 02:40:05','1996-06-24 04:40:26','',79096717546,28),(13,'Inventore maxime vero minus et rerum. Ad odio labore dicta earum. Ut distinctio minima excepturi corrupti sunt ipsum.','Voluptas sunt qui aut culpa incidunt cumque optio fugiat porro eius repellendus repudiandae.','Полный день','Более 6 лет','6314 Halvorson Ways Suite 201','Волонтерство',42684304,'In non quia consequuntur ratione cumque bland','South Aishafurt','1986-07-31 02:46:49','1984-04-03 15:49:12','Продажи',79682792711,16),(14,'Deleniti explicabo est harum in sint ut sunt. Assumenda hic aut aut voluptas voluptatum ut itaque. Ea dolorem maxime quibusdam iure culpa. Neque odio odit ipsa et corrupti.','Est culpa facilis tempora earum voluptatem sapiente vitae occaecati nemo temporibus rerum iure possimus est dolorem sequi.','Удаленная работа','Нет опыта','79891 Ignacio Lane Suite 992','Волонтерство',4,'Nam qui ipsum officiis maxime rerum sapiente ','Port Waynehaven','1978-12-02 00:45:04','1988-08-19 02:59:37','',79162051173,66),(15,'Vitae tenetur officia a qui. Repellendus distinctio soluta quos tempore maxime et. Voluptas rem nostrum laboriosam voluptatum aut distinctio. Voluptates eos magni sint dignissimos quidem. Quia velit animi sit libero.','Asperiores laudantium vel id laudantium animi quia deleniti voluptates officiis et voluptatem.','Сменный график','От 1 года до 3 лет','19423 Bechtelar Mall','Проектная работа/разовое задание',0,'Soluta laudantium eum architecto hic enim iur','Gayleport','2014-05-21 14:43:54','2016-05-25 04:25:59','Другое',79243142011,54),(16,'Sapiente aut quibusdam quos praesentium iure. Ut harum ut temporibus illum aut voluptates aliquam in. Et inventore repellendus nemo adipisci.','Illo deserunt enim numquam ducimus id maxime debitis modi aut aliquam impedit consectetur architecto a dignissimos animi sed voluptates enim qui.','Удаленная работа','Более 6 лет','68995 Brown Park','Стажировка',0,'Est provident ea pariatur et natus vitae volu','Maximeview','2010-06-25 07:25:31','1988-02-08 07:15:48','',79833018851,46),(17,'Dolorem incidunt beatae quam beatae mollitia voluptatum. Quo error alias officiis ad incidunt doloremque ipsum. Eum odio incidunt est sed.','Hic quo natus quos consequatur nihil sed et nemo laboriosam.','Полный день','Более 6 лет','37083 Caitlyn River','Волонтерство',0,'Et quibusdam officiis labore laudantium corru','Weberview','1996-11-20 16:06:27','2020-02-14 16:30:26','',79631161116,95),(18,'Recusandae magni debitis explicabo qui debitis dicta provident nostrum. Non porro non accusantium incidunt aut. Provident ut sunt ad dolores expedita enim.','Tempora id commodi qui consequuntur error veniam odio dicta sit reprehenderit sunt dolor sed nobis magnam consequatur quisquam in sequi aliquid.','Сменный график','От 3 до 6 лет','89123 Eleonore Turnpike Apt. 185','Проектная работа/разовое задание',8434,'Quae dolore porro fugiat consequatur quasi vo','South Dagmar','1986-09-18 08:04:50','1970-05-18 05:53:22','',79962335039,86),(19,'Dolores soluta sit dolores sed maiores. Magni in sit non et asperiores dolorem.','Error a ad aut non voluptatem laboriosam velit vel nesciunt voluptas enim enim porro dicta ut nihil aliquam.','Гибкий график','Нет опыта','3844 Weber Summit','Проектная работа/разовое задание',360527,'Quas deserunt natus maiores et sequi et moles','Sofiaview','1997-02-08 11:07:11','1971-04-07 12:14:07','',79908697806,87),(20,'Possimus ipsa beatae aliquam molestiae. Distinctio enim voluptatem animi nisi tenetur accusamus dignissimos. Omnis asperiores quae aut aut officia necessitatibus est. A ipsam sed aut placeat repellat quia laboriosam.','Aut rerum animi tempore dolorem odio porro facere sed deserunt a atque.','Вахтовый метод','Нет опыта','17219 Roman Keys Suite 658','Проектная работа/разовое задание',5,'Numquam eius similique ullam consequuntur max','Berylmouth','1985-03-21 01:08:29','1972-12-16 09:40:44','',79044592671,75),(21,'Est quidem atque temporibus dignissimos voluptatum nostrum. Et ipsum est repellat et ea veniam maxime quisquam. Amet architecto officiis reprehenderit. Hic iste nihil illo dolorum.','Et eius aut pariatur ex eveniet officia dolor atque quia labore harum unde.','Гибкий график','От 3 до 6 лет','408 Chanelle Street','Волонтерство',844,'Quis consequatur explicabo cumque impedit con','New Berenice','2016-11-02 11:17:26','2018-03-27 22:32:50','',79742703086,13),(22,'Quasi magni inventore asperiores sit temporibus reprehenderit quaerat. Voluptates perferendis est esse placeat quod dolor consequatur. Deleniti dolores dicta maiores aperiam animi. Nostrum officia unde consequatur.','Animi id ut culpa exercitationem vero doloremque nobis sit excepturi consequuntur reprehenderit et fugiat dolore.','Сменный график','Более 6 лет','05377 Katharina Dale','Волонтерство',0,'Ea vel ut sit iste et libero aut consequuntur','Port Roosevelt','2005-09-19 03:41:39','2016-03-20 12:33:29','',79283399032,37),(23,'Quod voluptas voluptatem odit sed. Ratione delectus fugit officiis reiciendis vel. Repellat autem necessitatibus aut.','Et et nulla ut itaque et rerum reiciendis rem earum doloribus ullam non reiciendis unde quibusdam adipisci.','Удаленная работа','Более 6 лет','8037 Kiana Camp Apt. 177','Полная занятость',449877124,'Debitis itaque molestiae eligendi blanditiis ','Esmeraldatown','1973-05-03 17:22:53','1986-06-24 21:07:21','',79465532472,76),(24,'Occaecati nemo aut est accusamus. Ab asperiores et neque aut quas et et. Dolor officiis dolorum est eveniet.','Vel quia quo similique laborum eius voluptatem dicta debitis dolorum aut.','Вахтовый метод','Более 6 лет','646 Watsica Junctions','Частичная занятость',332721,'Laudantium quia quas quo est aperiam laborum ','Cummeratabury','2021-02-19 00:00:01','1996-11-04 06:01:27','Другое',79925603047,99),(25,'Velit totam omnis labore error. Perferendis veniam rerum blanditiis ut omnis nam ea magnam. In est quidem omnis quia voluptates magni. Atque quaerat illo occaecati libero impedit omnis architecto.','Quibusdam laborum aut voluptates quibusdam officiis cumque ut perspiciatis ut voluptas sit natus et accusantium nihil.','Сменный график','От 1 года до 3 лет','2597 Ruecker Mountain Suite 571','Проектная работа/разовое задание',19431610,'Enim quas odit aut non ducimus commodi ducimu','Boehmberg','1975-10-26 17:05:27','2001-12-31 19:45:24','Другое',79063272813,6),(26,'Soluta dolores dolorem accusantium impedit ex. Dolores dignissimos illo nihil nam et aspernatur qui. Quidem quia esse placeat consequatur. Velit officiis tempore qui animi qui.','Tenetur aliquam quae ipsum cupiditate quia alias velit veniam qui blanditiis voluptas.','Сменный график','От 3 до 6 лет','95382 Kaitlyn Drive','Волонтерство',9237,'Maiores et perferendis inventore cupiditate c','West Kristin','1983-06-18 07:01:24','1991-05-13 13:07:49','Другое',79731803812,63),(27,'Sint sequi ex sit. Aut doloribus laboriosam sequi perspiciatis quas. Ipsam error repudiandae et consequatur. Nulla molestiae quia enim nisi consequatur laboriosam.','Quod et tenetur est minus repellendus quos in rerum et dolorem aut ut veritatis enim est doloremque tempora delectus.','Полный день','Более 6 лет','88117 Erwin Motorway Apt. 710','Частичная занятость',158,'Quia enim tenetur corporis saepe molestiae ve','Wildermanland','2020-08-21 20:22:36','2008-09-28 01:33:57','',79232288515,52),(28,'Vero quo voluptas ipsam. Exercitationem veritatis rem asperiores quo consequatur ad tenetur. Vel laborum deserunt et eos. Non a asperiores vel quod modi labore quis.','Expedita est quia aspernatur praesentium in quae distinctio at sit illo et et non ab debitis ullam praesentium soluta aut vel.','Полный день','От 3 до 6 лет','38961 Richmond Dale Apt. 373','Полная занятость',623,'Unde dolores rerum ab et debitis in nesciunt ','Beerberg','2011-11-08 18:32:15','1974-10-02 20:39:09','',79888082645,65),(29,'Facilis voluptatem tempora et ab. Saepe animi laudantium ratione omnis sequi. Officiis repellat repudiandae aspernatur dolorum sed. Hic quis sunt corporis facere deserunt ducimus qui dolores.','Quae aspernatur amet possimus id unde quam possimus quasi culpa quidem et libero voluptatem rem vel id.','Вахтовый метод','Нет опыта','254 Roob Course','Стажировка',92777,'Id laborum impedit qui assumenda tenetur et e','West Noemi','1988-03-13 04:40:56','2002-11-21 14:52:44','',79290062370,16),(30,'Delectus voluptatem repellat nobis. Aut et repellendus sed deserunt dolorem voluptas rerum molestiae. Labore in architecto unde sed quasi.','Fugit quia at dicta quas placeat autem aspernatur quisquam in cumque soluta deleniti laborum rem.','Сменный график','От 3 до 6 лет','6380 Fritsch Islands','Частичная занятость',881,'Reprehenderit debitis omnis ea quo quia natus','South Rogers','1986-10-16 17:55:54','2010-05-06 12:50:07','',79128031596,67),(31,'Officia itaque et et consectetur unde. Accusamus ipsa unde dolorem sapiente itaque earum reprehenderit. Cupiditate quia enim voluptatem sunt. Facere minima dolores et et reiciendis doloremque.','Voluptas libero eum omnis nihil omnis aut architecto reiciendis mollitia porro officiis necessitatibus at doloribus ipsum temporibus et vel neque','Сменный график','От 1 года до 3 лет','1579 Feeney Loop Suite 648','Волонтерство',7,'Et dolores ullam iusto nam itaque quo sunt qu','North Anjali','2015-04-28 03:34:55','1986-05-08 20:50:02','Маркетинг',79785359785,83),(32,'Qui natus minima eum assumenda. Tempora facere at impedit amet assumenda odio. Distinctio dolorem cum eius. In error et nostrum iste qui voluptatem a.','Ut provident est sed dignissimos suscipit recusandae ut eum laudantium et molestiae qui rerum quam incidunt enim labore tempora et.','Вахтовый метод','Более 6 лет','3362 Bergnaum Coves','Проектная работа/разовое задание',99237,'Sit non repellendus accusamus magnam ullam et','Strackeburgh','2011-03-21 09:30:48','1973-07-26 10:03:48','',79216829120,37),(33,'Aperiam id dolores quia aut omnis. Ducimus quia excepturi quam qui eos inventore ea.','Et aut harum autem voluptatem cum inventore error eos ut quis quia quia excepturi ullam.','Полный день','Нет опыта','002 Jerde Field Apt. 339','Волонтерство',646,'Ut maxime enim perspiciatis neque natus repud','New Elnorahaven','1994-11-07 14:11:21','1974-02-08 20:49:16','',79827490487,100),(34,'Tempore dignissimos aut rem autem quo. Nobis ea doloribus sapiente. Expedita assumenda unde voluptas ipsam cumque in aliquam.','Maxime magnam omnis aliquam in omnis deleniti debitis at ipsa qui in voluptatum perspiciatis iure omnis quia numquam laborum alias assumenda.','Удаленная работа','От 3 до 6 лет','04565 Padberg Shore Suite 926','Волонтерство',745849151,'Sit optio quo dolor a corrupti amet accusanti','New Dougborough','1989-07-04 05:54:38','1973-08-20 13:38:55','',79351674910,32),(35,'Voluptatum nulla eaque deleniti molestiae ut consectetur impedit. Eaque maxime aperiam esse et dicta dolor est. Ea voluptates qui libero amet excepturi exercitationem.','Omnis ea aperiam vero officiis dolor aut et inventore in et exercitationem.','Гибкий график','Более 6 лет','505 Abbott Stravenue','Проектная работа/разовое задание',0,'Quia magnam voluptas labore exercitationem ve','South Anais','1979-08-14 21:45:01','2008-03-31 15:00:58','Другое',79366364090,9),(36,'Blanditiis similique dolorum dolorem reprehenderit. Velit velit deleniti ab ut veritatis praesentium quaerat fuga. Ea ipsa temporibus sunt est sunt ut. Quae qui quos eius adipisci aspernatur.','Sit et modi voluptas laborum occaecati ex earum non qui voluptatem eligendi quibusdam neque.','Сменный график','От 1 года до 3 лет','53886 Larkin Causeway','Проектная работа/разовое задание',958245191,'Ut veritatis soluta cupiditate eos amet ipsam','Lake Novellaton','1973-11-02 11:06:30','1973-12-21 12:54:56','',79997666590,8),(37,'Aliquid quibusdam consequuntur ut nemo. Sequi vero aspernatur vero dolorem autem. Aut veniam eum voluptatum soluta error minima iusto.','Porro sit at perspiciatis nesciunt repellendus ex qui eius ratione et ut laborum.','Гибкий график','Нет опыта','05715 Anabelle Points Apt. 325','Проектная работа/разовое задание',333222928,'Eaque nulla eum eveniet qui vel iure libero n','Homenicktown','1991-01-03 19:17:00','1998-04-02 06:02:14','Другое',79061605207,50),(38,'Ex magnam est molestiae hic. Quaerat nobis quam et ut. Id maiores aut incidunt. Porro sint quaerat incidunt rerum ab odio. Cumque dolores recusandae ipsum aut eum.','Dolorum explicabo recusandae consectetur accusantium doloribus necessitatibus repellat explicabo eos esse eveniet ea quis itaque nostrum.','Полный день','Более 6 лет','6582 Johnson Loaf Suite 841','Полная занятость',86909619,'Ut quos magnam culpa molestias saepe cumque v','North Clovis','1978-08-29 02:03:30','1980-07-29 06:51:22','Продажи',79862118563,43),(39,'Atque voluptas aut omnis quo omnis harum quia reprehenderit. Cum quo distinctio aspernatur a. Molestias ratione assumenda non perferendis aut facilis est.','Neque quaerat velit impedit corporis qui et debitis iure voluptatem explicabo sunt incidunt occaecati quos voluptate illo.','Сменный график','От 1 года до 3 лет','4548 Emmerich Cove Apt. 796','Полная занятость',8,'Ipsam quis similique in fugit ut voluptas con','Maryseside','1976-12-25 13:49:38','1977-02-03 19:23:47','',79183757423,42),(40,'Optio molestiae autem odit error. Error possimus et sunt mollitia dolores enim. Repellendus repellat omnis iure odio. Sapiente omnis dignissimos sed.','Fuga nobis repellat omnis dolores debitis qui esse ex laudantium dolorum ullam voluptas eos quos ut et corporis illum eum ducimus.','Гибкий график','От 1 года до 3 лет','4255 Smith Lane','Частичная занятость',2218391,'Consequatur laborum amet quia illum dolorum q','Franzmouth','1983-10-06 09:41:12','2017-06-22 05:12:35','',79205889820,32),(41,'Dolor possimus eveniet saepe laudantium quaerat quas. Iste ipsum iure ipsa et nulla.','Ipsa non rerum alias est labore dolorem aut est recusandae.','Удаленная работа','От 1 года до 3 лет','974 Sydnee Trace','Стажировка',4172519,'Est quia sapiente modi aut dolores ut sit ea ','Victorbury','1991-03-19 20:51:49','1989-01-30 00:48:32','',79415175334,13),(42,'Enim sit incidunt in quo quos tempore illum veritatis. Ipsam assumenda fuga iste et tempore ea ab. Eius perferendis perferendis vero sit. Eum eos quibusdam autem labore adipisci.','Repellat laboriosam ipsum repellendus aut cum voluptatem deserunt cumque sunt autem accusantium ipsum.','Полный день','От 3 до 6 лет','832 Hickle Garden','Проектная работа/разовое задание',0,'Eum illum quis voluptatem occaecati dolore eu','Alvinamouth','1973-03-30 19:55:25','1973-10-21 10:55:37','',79063309416,56),(43,'Nisi porro quos non. Perferendis beatae veritatis ut vitae libero. Numquam in inventore ut error. Natus necessitatibus dolorum animi iure est.','Esse aut accusantium unde recusandae consectetur quibusdam rerum vel provident ab enim laudantium maiores libero ut pariatur.','Вахтовый метод','Более 6 лет','0026 Avis Valley','Волонтерство',7913235,'Aut repellat quia reiciendis sint recusandae ','Aubreyberg','1993-02-21 09:40:11','2003-06-19 21:50:43','',79883187877,59),(44,'Id provident vitae quidem dolores. Possimus laboriosam dolorem necessitatibus sit aut ut eligendi.','Quae consequatur amet exercitationem quod vitae voluptatem ut minima ullam.','Сменный график','Более 6 лет','057 Wisozk Lane','Проектная работа/разовое задание',69094994,'Dolor neque deleniti labore ut in quasi ipsa ','Collinsmouth','2000-02-07 22:32:20','1995-04-16 15:31:03','',79420205113,28),(45,'Occaecati iste iusto sint omnis. Modi dolor voluptas non reiciendis debitis laboriosam molestiae. Blanditiis ut et quae assumenda similique.','Et vel autem impedit exercitationem et officiis et possimus consectetur quasi magnam ducimus qui reiciendis aut unde et eius.','Сменный график','От 3 до 6 лет','337 Elna Vista','Полная занятость',4419456,'Voluptate natus consectetur sint sint volupta','West Sierra','1976-05-17 07:31:43','1992-02-27 10:46:52','',79080103176,22),(46,'Autem aliquam iusto ab eius et at minima sit. Modi saepe et molestiae voluptatum officia veritatis. Totam ut adipisci eveniet temporibus voluptas excepturi.','Aut ipsa dicta facilis reiciendis suscipit enim est quis qui tenetur ad at laborum sunt placeat dolor explicabo.','Удаленная работа','От 1 года до 3 лет','0995 Nikolas Knoll','Волонтерство',4008,'Sunt qui distinctio quia velit facilis natus ','Feeneytown','1972-11-09 17:58:09','2014-10-18 01:46:12','Другое',79302242777,13),(47,'Dolor quo deserunt nesciunt iure nihil dolor. Suscipit nulla omnis non nostrum voluptates est. Saepe voluptas ut incidunt aut ipsam voluptatem. Hic optio eaque ratione debitis mollitia aut eius. Quia omnis sit sunt minus vel libero consequatur.','Ab velit quia est praesentium maiores sed voluptatum eveniet deleniti id recusandae sunt.','Удаленная работа','От 1 года до 3 лет','281 Arlene Courts','Полная занятость',0,'Consequatur quia aspernatur aut non ut quos s','North Manuelville','1979-08-07 15:42:56','1989-07-02 02:03:07','',79749486138,73),(48,'Quia impedit facilis autem consequatur. Consequatur sunt consectetur minus voluptatum consequatur. Facilis aut aut dolor.','Tenetur ex fugiat rerum autem dolorem minus excepturi exercitationem id aut et deleniti neque et dolor dolorum natus saepe harum velit.','Вахтовый метод','От 3 до 6 лет','3536 Meda Plain','Стажировка',76,'Qui soluta illum enim libero sunt quasi ut no','Connellyville','2002-11-05 00:23:20','1982-12-04 11:52:28','Другое',79370051036,16),(49,'Nemo in perspiciatis explicabo laboriosam dicta optio. Vero soluta qui amet voluptatem fuga et voluptas hic. Cum deleniti iure qui. A tempore quis ab.','Dolorem quibusdam asperiores voluptatem occaecati libero repellendus reiciendis corrupti quo nulla.','Вахтовый метод','Нет опыта','8665 Marques Mills Suite 758','Стажировка',484069,'Delectus sunt officia voluptatibus quis quos ','East Bertrandmouth','1984-07-30 00:04:04','2011-05-26 17:55:35','',79828783038,99),(50,'Aut qui ut autem dignissimos cumque quae quia. Maiores iste fugit rerum molestiae. Ut et ratione dolorem nesciunt. Odio mollitia neque tempora molestias. Nisi illo reprehenderit necessitatibus aperiam dolor sapiente.','Vero est praesentium quos est eveniet odit laudantium odit ut.','Гибкий график','От 1 года до 3 лет','148 Sincere Gateway Suite 474','Полная занятость',601705,'Eveniet error et qui repudiandae dolor aliqua','South Precious','2006-07-03 10:50:02','1976-11-10 19:38:39','',79211163036,60),(51,'Est qui consequatur quo pariatur. Laboriosam optio qui ex.','Odio qui fuga corrupti sit optio sed repellendus velit commodi iste aut doloribus beatae praesentium.','Полный день','Нет опыта','333 Olson Drives','Стажировка',30,'Sit rerum id et eos ut recusandae magni qui v','North Edview','2016-10-08 02:47:46','1980-07-20 09:22:06','',79620358685,91),(52,'Rerum sunt excepturi debitis architecto ab quae. Officiis accusantium debitis occaecati veniam. Sit quasi nostrum sit ratione error aut. Laboriosam temporibus rem nulla autem inventore natus amet.','Consequatur natus qui qui quis soluta vel itaque commodi soluta.','Сменный график','От 3 до 6 лет','5860 Blanda Walk','Волонтерство',16240,'Cupiditate sit qui alias dolore rerum sed ten','West Ronburgh','1991-02-06 16:40:10','2017-06-20 23:29:47','',79586506499,11),(53,'Sapiente quia id et qui libero maxime illum. Ea vel vitae dolor ut dolore tempore hic. Tempore et qui facilis sequi in tempora quos ullam. Temporibus quis tempora ut nisi voluptas maiores.','Natus non aliquam ex perspiciatis in officia aliquid voluptatem mollitia quod et aut ut.','Вахтовый метод','От 3 до 6 лет','1412 Ratke Curve','Стажировка',70,'Porro nesciunt est maxime corrupti qui tempor','East Christianafurt','1988-09-30 04:50:26','1990-10-04 23:04:21','',79299712399,96),(54,'Nisi temporibus similique omnis in impedit non. Cupiditate minus est vel. Sequi autem voluptatem fugiat reprehenderit porro.','Qui tenetur reiciendis et iure et nostrum in ea voluptatem aspernatur libero.','Удаленная работа','От 1 года до 3 лет','718 Owen Square','Стажировка',19156051,'Eum delectus excepturi nam sit quod maxime te','Kohlermouth','2015-09-27 05:07:48','2007-06-02 02:14:56','',79281720909,66),(55,'Debitis ad et cupiditate eum quibusdam ipsa itaque. Dolor laudantium velit consectetur consequatur voluptas iste quia. Corrupti est est tempore et rerum et alias. Quos alias saepe minus eos. Nihil voluptatem eos facilis et.','Ipsam exercitationem ea occaecati mollitia aliquid totam quia quisquam eum earum voluptas ut modi enim quaerat nisi facere occaecati laborum.','Гибкий график','Нет опыта','08656 Pinkie Islands','Проектная работа/разовое задание',72434,'Nostrum quam autem qui omnis hic quo quo nihi','Skileshaven','2011-02-05 02:28:04','2015-04-28 18:11:32','',79605590531,10),(56,'Alias hic est ad ea consectetur. Enim sit dolorem non sequi harum. Sed voluptas ipsa quasi dolores.','Quia commodi sequi asperiores eveniet officia exercitationem voluptatem ea voluptas et aut voluptatum ipsa voluptas minima.','Гибкий график','Нет опыта','42084 DuBuque Pike','Проектная работа/разовое задание',53444781,'Doloremque quidem ipsa doloribus nemo quam mo','Wendellchester','1994-10-04 22:45:33','1974-11-17 15:51:29','',79992209142,1),(57,'Totam suscipit rerum id est. Porro rerum quam qui doloremque aspernatur et. Ex eos odio nemo non dolore porro distinctio. Consequatur repellat alias qui maxime rem iste.','Quam neque optio veritatis aliquam beatae in saepe molestiae sint facilis suscipit est earum voluptas aut est occaecati esse maiores.','Удаленная работа','От 3 до 6 лет','1433 Keebler Streets Suite 226','Частичная занятость',9134,'Voluptatem ullam aperiam aut nihil optio volu','Port Coychester','1980-06-06 11:09:15','1973-09-14 09:34:18','',79286537957,29),(58,'Sunt commodi officia accusamus quis laudantium sint. Dolorum temporibus rem quis quos. Dolorum sit cupiditate doloribus et iusto dolorem accusamus.','Sed iusto omnis possimus cupiditate rerum eveniet animi est quo eos ut dolorum et tenetur totam quia ut voluptatem labore.','Полный день','Более 6 лет','5292 Maxine Manors','Стажировка',55480468,'Fuga officiis saepe ut sit quia similique aut','Lake Noemie','1985-10-30 10:24:02','2008-03-02 09:39:33','Другое',79463962830,62),(59,'Enim qui voluptas tempore porro. Et nisi ea nemo vero mollitia possimus. Deleniti corrupti quo sunt. Est architecto assumenda sed sit eos iusto.','Temporibus sed eligendi laborum adipisci rerum qui amet voluptas officiis qui dicta.','Полный день','Нет опыта','79971 Juliet Rapid Apt. 938','Проектная работа/разовое задание',29,'Molestiae ipsa labore inventore omnis sapient','Harberburgh','1982-02-09 21:42:01','1975-01-31 00:25:22','Другое',79564175544,66),(60,'Optio accusamus iste nihil. Tempora alias vel temporibus necessitatibus ipsa officia. Provident pariatur esse earum quisquam occaecati.','Sequi voluptas itaque itaque numquam nihil quis soluta dicta id quis.','Вахтовый метод','Более 6 лет','05399 Bogisich Forges','Полная занятость',73,'Quidem dolor vero ducimus et similique assume','East Baronton','1998-01-25 07:26:06','2006-09-25 15:54:38','Другое',79860757446,45),(61,'A consequatur vitae dicta est reiciendis. Et neque maxime tempore quia rerum deserunt. Modi voluptas repudiandae atque quia reiciendis enim rerum dolorem. Omnis culpa quae earum aut enim eos illum.','Modi vel reiciendis qui ut distinctio voluptas impedit nulla accusamus magnam qui doloribus repellat amet.','Сменный график','От 3 до 6 лет','40527 Lizeth Pine','Стажировка',9735,'Maiores eum optio voluptas exercitationem rer','East Jalyn','1987-08-05 03:53:34','2019-06-10 11:07:37','',79375269182,29),(62,'Ut vitae laboriosam similique labore culpa voluptas voluptate inventore. Ab eveniet et dolor autem nemo quidem enim. Blanditiis sit voluptatum est excepturi.','Voluptatem dolorum at accusamus maxime vel rerum repudiandae atque dolore quo.','Удаленная работа','Нет опыта','4341 Hahn Estates','Волонтерство',69,'Illo perspiciatis enim sit nihil laborum tene','Jonatanshire','1986-12-31 17:32:47','1988-10-10 00:30:59','',79857040466,49),(63,'Iusto id voluptatibus qui rerum ut vel. Esse id nisi blanditiis et. Assumenda laborum porro et quasi id corrupti sapiente ea.','Et quo necessitatibus aliquam eveniet explicabo cumque sint placeat quia.','Удаленная работа','Более 6 лет','20819 Welch Lodge Suite 308','Стажировка',39,'Dignissimos adipisci nulla est itaque nulla o','West Jadebury','1974-08-07 00:56:12','2007-09-04 09:08:18','',79456848291,81),(64,'Id aliquam aut non sed nesciunt tempora occaecati. Reprehenderit eum esse deserunt. Eveniet iure laboriosam asperiores minima laborum.','Id deleniti sed cumque rerum id autem amet nesciunt dicta consectetur.','Полный день','От 1 года до 3 лет','16425 Iva Radial','Частичная занятость',0,'Sapiente accusamus rerum et neque aliquam exc','Runtehaven','1982-11-14 14:23:44','2000-02-24 14:52:04','Продажи',79698666614,28),(65,'Temporibus explicabo pariatur esse unde praesentium consequatur. Sapiente velit sequi libero odio in voluptatem.','Praesentium sit architecto quidem aut necessitatibus autem soluta cupiditate porro quae itaque molestiae saepe consequatur excepturi blanditiis s','Вахтовый метод','Нет опыта','664 Jewell Trail','Полная занятость',782071862,'Quaerat et temporibus dolorum soluta porro co','Beverlyfort','1982-02-20 21:18:04','1992-04-11 15:08:03','',79745518425,81),(66,'Non perspiciatis facere quaerat ab deserunt. Ea ipsam quia dignissimos facere doloremque corrupti in. Quae qui expedita maiores est doloribus neque et nesciunt. Provident magni et neque dolorem ipsam explicabo nobis. Aliquam et molestias explica','Et omnis sit ea ut odio optio est dolor quas repellat aliquid voluptatum ullam deserunt sunt sint inventore.','Вахтовый метод','От 3 до 6 лет','10544 Sallie Mountains Suite 225','Волонтерство',91173,'Quia voluptas nesciunt dolor consequatur sunt','West Shaylee','1983-07-16 04:58:08','1990-02-16 00:22:14','',79751539062,89),(67,'Nihil possimus debitis corrupti est sequi laboriosam molestiae. Ipsa illo iure non assumenda nostrum dicta laborum. Aut ex in illum asperiores voluptatum et.','Repudiandae qui itaque aspernatur quo natus aut omnis at numquam tempore nemo doloribus.','Удаленная работа','Нет опыта','517 Stoltenberg Fields','Частичная занятость',15,'Dolore a et nulla hic eum consequatur ea qui ','Alysonchester','2019-08-26 13:47:49','2009-12-27 00:56:52','',79350900412,35),(68,'Rem aut aliquid expedita consequatur. Aspernatur commodi ratione reiciendis laborum aut tenetur dolores nihil. Et nisi ex beatae rerum atque natus iusto. Aliquid rem et adipisci aut blanditiis. Accusamus possimus eius doloribus suscipit aspernat','Quo molestiae voluptates est sint minima cum mollitia incidunt facere nam autem eos aut excepturi perspiciatis ut quia aut.','Вахтовый метод','Более 6 лет','51426 Imelda Junction','Проектная работа/разовое задание',39652,'Et natus excepturi cupiditate eum quaerat ut ','Consueloside','1989-04-02 15:53:58','1983-02-20 18:21:20','',79767896125,30),(69,'Molestias vitae velit recusandae voluptatem id ex necessitatibus. Possimus et autem quis. Ipsum ad ut magni asperiores. Sed vero autem excepturi et sed.','Ratione velit voluptate distinctio mollitia ipsam molestiae nostrum porro nihil.','Сменный график','Более 6 лет','80386 Cassin Squares Suite 922','Проектная работа/разовое задание',54628,'Dolor qui enim veniam rem aut quaerat eum aut','West Kaitlin','2006-10-17 08:01:22','2004-02-22 17:13:42','Маркетинг',79914050267,32),(70,'Deserunt sit rerum nihil ex qui deserunt. Omnis ea tempore voluptate laudantium autem nihil accusantium qui. Aperiam nemo veritatis fugit alias modi sit vel. Consequatur occaecati dolorem debitis est impedit.','Qui fugit autem perferendis omnis assumenda eligendi ut est voluptatum voluptatem quo assumenda.','Удаленная работа','Более 6 лет','80956 Blanda Avenue Suite 763','Проектная работа/разовое задание',65799336,'Totam iusto autem sunt et numquam quidem culp','North Larissaton','2006-01-07 21:07:20','2017-08-20 13:58:13','',79342087012,76),(71,'Dolor dicta deserunt quia sint labore magni. Sit alias consequatur doloremque sint ullam sint. Sint sed assumenda animi in accusamus sapiente. Alias esse iste voluptatem magnam nam. Quam quia voluptas rerum consequatur vero ab.','A in non odio libero ipsum quidem officia quidem sit fugiat perspiciatis ea laudantium consequatur nihil officiis.','Вахтовый метод','От 3 до 6 лет','4016 Susana Trafficway Suite 410','Полная занятость',0,'Sed officiis maiores sit ut at aspernatur nih','Vanville','1983-07-19 03:14:57','1989-06-14 21:55:55','Продажи',79671085766,61),(72,'Deserunt fugiat perferendis ratione dignissimos illo eveniet debitis. Aut ullam similique libero aut quaerat non. Reprehenderit provident dolor atque praesentium.','Et dolorum magnam qui dolores soluta nostrum maiores fuga inventore et quia corrupti nihil adipisci in voluptas.','Удаленная работа','От 3 до 6 лет','2137 Brakus Key Apt. 327','Проектная работа/разовое задание',18,'Explicabo et corporis quas iste iure ducimus ','Lake Janistown','1995-08-09 00:40:32','2005-04-06 08:20:10','',79782699142,44),(73,'Et architecto expedita aliquid tenetur. Modi quasi quasi labore. Vel exercitationem voluptatum voluptas itaque sed. Rerum est dolor delectus quisquam tempore.','Totam magnam quibusdam sit et amet dolores ab quos laudantium.','Удаленная работа','Более 6 лет','1445 Roderick Inlet','Полная занятость',4,'Omnis quia expedita consequuntur voluptates s','South Anabellemouth','1970-01-24 14:16:38','1992-04-24 14:17:39','',79857926123,31),(74,'Enim perferendis facilis aut voluptatem molestias. Est dignissimos hic delectus non non. Beatae sint impedit quis totam.','Iusto quisquam nobis optio laudantium placeat quibusdam veritatis sint accusamus nulla consequatur dolores animi ipsum cupiditate.','Вахтовый метод','Более 6 лет','314 Sandra Lodge Suite 552','Частичная занятость',56956368,'Quis sed voluptatem placeat placeat odit quis','South Ramonaview','2018-10-28 01:04:28','1978-05-31 08:35:05','Другое',79342741610,20),(75,'Deleniti ut excepturi qui placeat inventore. Reiciendis ab voluptatum aut eum voluptate. Incidunt officiis in dignissimos aliquid.','Illum vel ea deleniti error cumque odit quia aspernatur ut magnam quisquam omnis provident et doloribus ratione minus.','Сменный график','От 3 до 6 лет','556 Stehr Spring Apt. 028','Волонтерство',91810,'Aperiam quis voluptatum perferendis vero eos ','West Serenity','1991-05-22 15:07:54','2015-10-29 17:44:14','Другое',79880342077,71),(76,'Qui est facilis assumenda totam. Consequatur reiciendis incidunt non. Necessitatibus nam enim incidunt ipsa quae.','Vel ipsa quis quibusdam placeat modi incidunt unde quam quas iste aut est totam est officia quia at excepturi nihil.','Вахтовый метод','От 3 до 6 лет','47711 Hansen Loaf Suite 511','Проектная работа/разовое задание',735,'Sint totam amet praesentium ea sit ullam reru','South Blaisefurt','1971-03-27 15:01:07','1975-12-21 04:42:15','',79285448302,53),(77,'Ut voluptas libero aliquid doloribus voluptate eum quis. Quo voluptatum quia sunt ipsam ea libero eos. Et et cupiditate dolore temporibus dolorem est laboriosam. Et cum aut animi quis.','Magni possimus qui nostrum dolorem cupiditate dolorem debitis et natus minus fuga ad earum et quibusdam ipsa sint debitis.','Сменный график','Нет опыта','1110 Breitenberg Loaf Suite 613','Стажировка',18987422,'Aut incidunt expedita occaecati sint nobis co','New Dustymouth','1987-02-25 17:19:23','1995-07-22 12:44:55','',79153136313,33),(78,'Deleniti est illum laboriosam amet quo. Minus ut facere quos voluptates omnis in. Sit quam quo provident velit magni modi est sapiente. Facere assumenda unde laudantium.','Consequatur qui aspernatur ipsum incidunt inventore quas eos voluptatibus enim molestias pariatur et nemo dolor in molestiae.','Полный день','Нет опыта','802 Padberg Loop','Проектная работа/разовое задание',136691232,'Sed dolores odio eos nam rem recusandae volup','Runolfssonborough','1990-07-26 10:24:48','2016-02-13 20:56:53','',79411460919,44),(79,'Vero a beatae aut ut molestias quia laudantium. Rerum laboriosam minima et odio sunt sed aut. Ut aut dignissimos adipisci eveniet.','Ducimus vitae quo aut et animi suscipit repellat in suscipit beatae.','Вахтовый метод','От 3 до 6 лет','04655 Shannon Ramp Apt. 604','Частичная занятость',506443,'Qui possimus fugit enim dicta id voluptates v','Clemmietown','2007-06-22 23:36:41','2003-10-18 00:02:23','',79451061464,68),(80,'Omnis est quia molestiae soluta eum illo. Qui facere laboriosam ut et illum. Ducimus est cumque nisi sint iure.','Quia eligendi a sequi optio architecto cupiditate ipsum recusandae quasi numquam placeat dolore a nostrum aut.','Вахтовый метод','От 1 года до 3 лет','5428 Rutherford Corner Apt. 599','Волонтерство',992,'At nihil omnis est veritatis quam est ipsam s','Lake Travis','1986-01-18 13:08:23','1977-05-07 23:43:06','',79460628861,31),(81,'Vitae totam a autem soluta. Aliquid sunt soluta enim aut quo. Eligendi quas et dolorum facere enim.','Dolores rerum sed suscipit veritatis dicta sed quaerat nemo vel consequatur suscipit officia beatae aut molestiae nihil id.','Сменный график','Нет опыта','71468 Collier Green Apt. 065','Проектная работа/разовое задание',876122315,'Dolorem corrupti velit illo ut beatae qui et ','Myrtisstad','1997-11-24 04:22:29','2012-09-09 15:49:01','',79541192385,4),(82,'Corporis ea recusandae corrupti eos rerum natus eum. Voluptatibus et et nemo omnis numquam. Qui sunt tempora quis autem. Aut quis possimus quidem voluptatem. Temporibus voluptate autem est soluta quis quo itaque est.','Assumenda nihil mollitia est dolorem sit animi dolore eum sapiente.','Вахтовый метод','Более 6 лет','592 Hamill Estates Suite 337','Проектная работа/разовое задание',8,'Error laboriosam et illum itaque et a provide','Champlinmouth','1982-11-30 22:48:21','1997-07-23 07:01:13','Маркетинг',79384550608,59),(83,'Accusamus itaque quasi veniam. Hic hic doloribus ut. Eum pariatur voluptatem repellendus voluptatem.','Animi harum voluptas soluta voluptatem alias dignissimos dolorem sapiente quidem sunt vel.','Гибкий график','Нет опыта','106 Pearline Greens Apt. 175','Частичная занятость',928403144,'Aut minus alias voluptate id et occaecati cor','D\'Amoreside','1988-05-01 03:16:13','2016-08-18 21:35:11','',79939901555,42),(84,'Quis rerum error qui sed illum culpa modi consequuntur. Cupiditate provident corrupti nisi quaerat et eligendi. A quisquam unde accusantium soluta et porro.','At cupiditate vitae nihil non consequuntur qui quae voluptas optio atque unde non aperiam id mollitia velit laborum culpa accusantium officiis.','Полный день','От 3 до 6 лет','96407 Jerde Manors','Волонтерство',0,'Rerum illum quia cum incidunt labore harum qu','New Ethelyn','1978-08-29 06:45:29','2013-05-28 15:05:31','',79551527984,100),(85,'Aut odit qui ea quo sint ut nihil. Ad doloribus aut incidunt dolorem magnam. Ipsum rerum eius non. Qui qui corporis dolore quis quisquam itaque.','Quod veniam ut aut dolorem excepturi velit est facere sequi accusamus dolor sint nostrum labore quasi sint.','Удаленная работа','Более 6 лет','2846 Donna Orchard','Стажировка',0,'Nobis libero voluptas placeat at voluptatem q','Collinsview','2017-02-19 10:24:01','2002-10-31 08:46:21','Продажи',79835751595,25),(86,'Aut voluptatem sed qui velit. Accusamus dolorem necessitatibus et odit consectetur non odit.','Cum ut vitae nostrum iusto voluptas molestiae earum nesciunt ut facere exercitationem placeat nobis maiores non ut quia repellendus tempora.','Полный день','От 1 года до 3 лет','6141 Michale Radial','Стажировка',4,'Voluptas repellendus maxime quas sapiente con','Andyberg','2019-11-23 01:23:37','1997-11-25 14:42:05','',79191639654,52),(87,'Et explicabo est rerum vitae voluptatum. Sed eos sit perspiciatis eius id quia vel. Qui vel cupiditate architecto molestias.','Quam laboriosam omnis quasi sit numquam architecto occaecati nihil repellat natus exercitationem aspernatur molestiae.','Полный день','От 3 до 6 лет','91739 Hilton Canyon','Стажировка',4812637,'Dicta atque vitae sit dolorem nihil quae nost','Bernieceburgh','2003-07-16 16:12:35','1982-12-07 23:41:51','Продажи',79985931774,100),(88,'Minus consectetur eius exercitationem dolorum autem dolorum. Neque odit dolores ea saepe deserunt aut. Modi quas culpa ut praesentium animi error. Vel id consequatur expedita reiciendis laudantium numquam sint.','Sint commodi autem voluptates error facilis dolores illum ut ullam tempora non quibusdam.','Полный день','Более 6 лет','91743 Shaylee Lane Suite 854','Волонтерство',99413,'Nulla sint ab dignissimos itaque quod ut arch','Eichmannborough','1972-03-03 19:37:28','1976-10-17 08:56:02','',79852394038,53),(89,'Dicta et ad et qui. Est quam beatae dicta quisquam tempora et officia similique. Sint consequatur est ab aut a aut voluptatem ratione. Et quis cupiditate maiores magni possimus delectus voluptates.','Saepe ea nostrum sint repellat quasi omnis voluptas sed debitis amet ut minima corporis magni dolorem iusto saepe ex accusamus architecto.','Гибкий график','Нет опыта','0585 Vergie Common Suite 121','Проектная работа/разовое задание',43440,'Numquam beatae voluptatem ea commodi aut quae','Bernhardland','1999-05-20 15:20:40','1992-12-17 14:53:10','Другое',79839639090,13),(90,'Accusamus et dolore magnam veniam quia delectus fugiat. Ratione et amet qui sint doloribus neque.','Expedita ut voluptas rerum iste ex sed quisquam ab minus corrupti natus reiciendis aut corporis omnis et sit laudantium modi.','Сменный график','Нет опыта','52199 Maynard Port','Частичная занятость',2764211,'Perspiciatis neque recusandae atque non excep','Alessandramouth','2011-12-15 14:00:59','1980-02-05 16:46:31','Маркетинг',79420732704,66),(91,'Molestiae quae tempora cumque impedit perferendis. Id aut rerum inventore explicabo beatae consequatur. Voluptas architecto fuga molestias voluptate. Beatae nihil a eligendi minus repudiandae dolores doloribus.','Sed consequatur accusamus inventore velit animi repellendus laudantium earum architecto doloremque nam ipsa.','Полный день','Нет опыта','65263 Jettie Lights','Полная занятость',0,'Blanditiis aut id quasi exercitationem est en','Wilkinsonstad','2019-04-05 08:24:24','2011-02-15 06:26:53','',79745163218,98),(92,'Alias aut omnis quo ut velit ut consequatur. Eos nam qui quaerat odio officiis qui tempore. Qui eligendi placeat nam corporis.','Voluptatibus voluptates modi ad quos similique non aliquam doloribus quis quis dolor ex.','Гибкий график','Нет опыта','97481 Douglas Port','Стажировка',410,'Sunt quia provident debitis illum provident i','Jermaineburgh','1989-06-07 11:52:41','1986-04-22 03:15:10','',79327877540,41),(93,'Laboriosam voluptatem velit culpa voluptatum et omnis tempora. Distinctio incidunt animi suscipit consectetur iure cupiditate. Et maiores a magni.','Laborum ea enim sed totam qui delectus ut voluptatibus dicta quis alias officia earum libero.','Гибкий график','От 1 года до 3 лет','688 Eden Falls','Полная занятость',62028522,'Non commodi doloribus nostrum nihil odit aspe','West Bobbie','1970-01-17 04:18:09','2015-01-01 23:51:08','',79279085810,15),(94,'Qui quidem eos amet labore nostrum perferendis corporis. Omnis enim esse a esse quod aut rerum. Et eveniet incidunt totam eum autem. Accusantium tempore et ad accusantium cupiditate.','Aut eius quasi aut natus velit ipsam fugit laboriosam et quisquam.','Гибкий график','Нет опыта','3577 Kautzer Shore','Волонтерство',1321944,'Est non quia voluptatem a voluptates voluptat','New Norenefurt','1987-07-24 20:58:01','2005-05-22 05:37:56','',79801629474,78),(95,'Totam voluptas voluptate vel ut doloremque et voluptates. Ipsum tempora at ut natus temporibus sit. Ut itaque adipisci est quos iste. Sed et et quam beatae adipisci consequatur.','Deleniti quis aut est repellendus nulla error ratione a est vel.','Гибкий график','Нет опыта','78687 Gino Curve Suite 507','Волонтерство',9,'Error non omnis sed sed corrupti animi doloru','East Josephinetown','1986-05-27 14:47:37','2008-02-18 09:40:47','Другое',79471463421,69),(96,'Minus ad sunt totam libero quaerat saepe ut nihil. Accusantium aliquam et eum eos. Commodi dolores et sint ea.','Et omnis quam quidem vel vitae asperiores maiores dolorem reprehenderit at ut ut tempora nemo provident esse laboriosam exercitationem consequunt','Удаленная работа','От 3 до 6 лет','116 Noble Valleys Suite 801','Полная занятость',36529385,'Reprehenderit laborum alias iusto et assumend','Rogahnburgh','1975-06-28 13:49:52','1981-01-22 02:01:44','',79226233219,95),(97,'Dolor tempora sed minima aliquam minus aliquid officia. Sed quas consectetur cupiditate quo aspernatur. Debitis quis consequatur eligendi debitis reprehenderit. Omnis debitis rerum sapiente vel rerum quasi tenetur.','Atque rerum adipisci in doloremque similique aliquam consequatur rerum et adipisci minima et mollitia.','Полный день','От 3 до 6 лет','222 Dorcas Brooks Apt. 299','Полная занятость',2,'Et rerum voluptatem qui sequi id quis minima ','Hoegerton','1997-05-29 11:21:47','2003-02-12 12:02:39','',79714314192,67),(98,'Et adipisci quae id consequatur perferendis alias. Harum non quo cupiditate error veritatis laborum. Error voluptatibus possimus fugit sed est.','Explicabo libero tempore quibusdam cumque corrupti omnis architecto tempora nostrum quo sint ab nobis maiores aut est.','Удаленная работа','От 3 до 6 лет','84901 Wolf Green','Волонтерство',650200,'Rerum culpa omnis possimus omnis laboriosam e','Bartholometown','1992-04-30 10:23:39','2001-04-06 07:22:07','',79378772199,3),(99,'Maxime ut delectus laborum cumque id nemo aliquid. Voluptatibus consequatur enim aut aut. Distinctio porro aut sit non.','Quam minima quaerat aut quia sed non debitis laudantium ducimus qui.','Удаленная работа','От 3 до 6 лет','360 Rocky Fall','Волонтерство',0,'Laudantium veniam dolorem ea hic est laborum ','Franeckihaven','1991-10-10 07:09:33','2009-11-16 11:49:58','',79354547710,25),(100,'Architecto similique sit exercitationem aperiam quis quasi officiis quis. Temporibus fugiat commodi sit necessitatibus quaerat.','Perferendis ut mollitia consequatur quo nesciunt rem ex distinctio voluptatem.','Вахтовый метод','От 3 до 6 лет','412 Jairo Islands','Стажировка',61952,'Libero molestias cupiditate itaque ad natus s','Walshhaven','2002-09-29 14:04:10','1971-09-09 20:34:33','',79909727749,98);
/*!40000 ALTER TABLE `vacancy` ENABLE KEYS */;
UNLOCK TABLES;
/*!40103 SET TIME_ZONE=@OLD_TIME_ZONE */;

/*!40101 SET SQL_MODE=@OLD_SQL_MODE */;
/*!40014 SET FOREIGN_KEY_CHECKS=@OLD_FOREIGN_KEY_CHECKS */;
/*!40014 SET UNIQUE_CHECKS=@OLD_UNIQUE_CHECKS */;
/*!40101 SET CHARACTER_SET_CLIENT=@OLD_CHARACTER_SET_CLIENT */;
/*!40101 SET CHARACTER_SET_RESULTS=@OLD_CHARACTER_SET_RESULTS */;
/*!40101 SET COLLATION_CONNECTION=@OLD_COLLATION_CONNECTION */;
/*!40111 SET SQL_NOTES=@OLD_SQL_NOTES */;

-- Dump completed on 2021-03-31 21:23:10
