-- MariaDB dump 10.17  Distrib 10.4.15-MariaDB, for Linux (x86_64)
--
-- Host: mysql.hostinger.ro    Database: u574849695_21
-- ------------------------------------------------------
-- Server version	10.4.15-MariaDB-cll-lve

/*!40101 SET @OLD_CHARACTER_SET_CLIENT=@@CHARACTER_SET_CLIENT */;
/*!40101 SET @OLD_CHARACTER_SET_RESULTS=@@CHARACTER_SET_RESULTS */;
/*!40101 SET @OLD_COLLATION_CONNECTION=@@COLLATION_CONNECTION */;
/*!40101 SET NAMES utf8mb4 */;
/*!40103 SET @OLD_TIME_ZONE=@@TIME_ZONE */;
/*!40103 SET TIME_ZONE='+00:00' */;
/*!40014 SET @OLD_UNIQUE_CHECKS=@@UNIQUE_CHECKS, UNIQUE_CHECKS=0 */;
/*!40014 SET @OLD_FOREIGN_KEY_CHECKS=@@FOREIGN_KEY_CHECKS, FOREIGN_KEY_CHECKS=0 */;
/*!40101 SET @OLD_SQL_MODE=@@SQL_MODE, SQL_MODE='NO_AUTO_VALUE_ON_ZERO' */;
/*!40111 SET @OLD_SQL_NOTES=@@SQL_NOTES, SQL_NOTES=0 */;

--
-- Table structure for table `contacts`
--

DROP TABLE IF EXISTS `contacts`;
/*!40101 SET @saved_cs_client     = @@character_set_client */;
/*!40101 SET character_set_client = utf8 */;
CREATE TABLE `contacts` (
  `contacts_name` varchar(145) COLLATE utf8mb4_unicode_ci DEFAULT NULL,
  `contacts_email` varchar(200) COLLATE utf8mb4_unicode_ci DEFAULT NULL,
  `contacts_phones` bigint(20) DEFAULT NULL,
  `vacancy_id_vacancy` int(11) NOT NULL,
  `hr_users_hr_id` int(10) unsigned NOT NULL,
  KEY `fk_contacts_vacancy1_idx` (`vacancy_id_vacancy`),
  KEY `fk_contacts_hr_users1_idx` (`hr_users_hr_id`),
  CONSTRAINT `fk_contacts_hr_users1` FOREIGN KEY (`hr_users_hr_id`) REFERENCES `hr_users` (`hr_id`) ON DELETE NO ACTION ON UPDATE NO ACTION,
  CONSTRAINT `fk_contacts_vacancy1` FOREIGN KEY (`vacancy_id_vacancy`) REFERENCES `vacancy` (`id_vacancy`) ON DELETE NO ACTION ON UPDATE NO ACTION
) ENGINE=InnoDB DEFAULT CHARSET=utf8mb4 COLLATE=utf8mb4_unicode_ci;
/*!40101 SET character_set_client = @saved_cs_client */;

--
-- Dumping data for table `contacts`
--

LOCK TABLES `contacts` WRITE;
/*!40000 ALTER TABLE `contacts` DISABLE KEYS */;
INSERT INTO `contacts` VALUES ('Hollis Quigley','pfranecki@example.net',79744660953,19,9),('Allen Durgan','virginie23@example.org',79571996581,20,15),('Tillman Simonis','schneider.eleanore@example.com',79101731732,11,16),('Mrs. Hulda Lang Sr.','eddie92@example.org',79957274342,52,15),('Ima Armstrong DVM','nspencer@example.org',79590459975,10,8),('Lizzie Howe','dhagenes@example.org',79759271448,30,4),('Polly Schmeler','frances40@example.com',79707575928,70,3),('Wade Huel','hills.delaney@example.net',79256432665,12,8),('Prof. Buck Ratke','wiza.shanon@example.net',79958026486,1,10),('Horacio Weber','devin21@example.com',79096781517,89,13),('Alison Bednar','judy17@example.org',79386998167,38,4),('Daphne Hane III','d\'amore.kip@example.net',79262344572,81,3),('Telly Trantow','heaney.meggie@example.net',79424461274,72,19),('Alfonso Gerlach','alva.romaguera@example.com',79997615518,30,19),('Jude Stehr','bhermann@example.net',79237995380,78,4),('Joesph Buckridge','taylor61@example.net',79684323647,44,8),('Ernest Ernser','gauer@example.org',79030670701,62,18),('Stanton Robel','beahan.shanna@example.net',79397827431,12,10),('Dr. Bryana Schneider I','pouros.leda@example.com',79979643198,63,17),('Prof. Ashleigh Ward','hudson81@example.com',79628803801,65,17),('Tabitha Kutch','ocie01@example.net',79464320089,9,5),('Prof. Baron Gottlieb','ted37@example.com',79924423660,70,7),('Stephan Goodwin','phoebe.pfeffer@example.org',79572013672,64,2),('Kaylah Krajcik','bryana06@example.org',79567098073,97,11),('Ethel Schaden DVM','hlynch@example.org',79432708736,72,16),('Dr. Simone Bednar MD','roselyn82@example.org',79586318497,41,13),('Mrs. Rachael Botsford IV','yvandervort@example.com',79870416474,65,1),('Jennyfer Hayes','amani.hessel@example.org',79074194129,34,11),('Mrs. Delphine Stiedemann','ereinger@example.net',79720835169,66,12),('Nathaniel Dietrich','felicita04@example.org',79949437977,32,15),('Miss Shanel Blanda','tbotsford@example.net',79436844985,16,1),('Santiago Reilly DVM','collier.malinda@example.net',79222799216,5,1),('Freddy Sawayn','uturcotte@example.org',79739870500,99,10),('Agnes Botsford','bergnaum.monica@example.com',79880001218,55,16),('Felicity Gleason','frederique.hahn@example.org',79476754796,84,15),('Prof. Alf Halvorson DDS','jerome43@example.com',79793627356,68,18),('Ms. Jazlyn Windler II','pacocha.floy@example.org',79671764597,21,20),('Loy Lowe V','elsa28@example.com',79261522923,74,17),('Emiliano Witting','charley15@example.com',79999075943,3,5),('Mrs. Jalyn Kutch','kaci48@example.org',79334023405,3,9),('Ian Hintz','josephine.kuhic@example.org',79465617255,47,10),('Miss Elinore Kassulke','brian40@example.net',79145893943,28,9),('Mr. Trenton Kreiger I','szemlak@example.org',79694999580,45,12),('Caden Brown','dcollins@example.net',79782531781,88,9),('Toy Turcotte','meggie90@example.net',79793296473,68,7),('Hubert Collier','langworth.ephraim@example.com',79770173012,93,16),('Scot Littel','paucek.teagan@example.org',79678413428,39,17),('Furman Rippin','amira79@example.com',79974748927,98,5),('Lavern Dooley','vschuster@example.org',79475257885,9,5),('Misty Gaylord','adrain34@example.com',79269300500,26,14),('Clarissa Lang','bessie.nicolas@example.net',79037216277,24,2),('Kaylie Klein','sabrina.heathcote@example.net',79745656190,35,9),('Mr. Chance Koelpin','mitchell.graciela@example.net',79640387038,90,20),('Liliane Miller','murray.marianne@example.com',79399862289,57,4),('Samantha Schultz','hmarquardt@example.net',79300220178,34,20),('Prof. German Toy','shannon51@example.org',79343121625,9,16),('Juston Stoltenberg','hrussel@example.org',79739972684,63,16),('Leo West','jailyn31@example.org',79345376089,41,20),('Rafael Zulauf','stanton.mary@example.org',79614161224,18,7),('Nicolette Buckridge MD','pmills@example.org',79467824982,96,8),('Maximillian McLaughlin V','etha.kirlin@example.org',79991166519,94,15),('Prof. Perry Daniel','clinton.o\'reilly@example.org',79354129102,5,7),('Delta Hammes','gladyce.brekke@example.org',79882618017,55,8),('Sibyl Kub','fisher.alek@example.net',79859485760,61,4),('Casimer Mante','ada71@example.org',79013356461,40,3),('Einar Hackett','ankunding.toney@example.com',79645736025,88,3),('Jay Schamberger Jr.','ndietrich@example.com',79468006970,10,2),('Onie Bauch','jbergnaum@example.com',79222457020,67,2),('Jaqueline Rempel MD','leffler.quinn@example.org',79974487589,93,19),('Alfredo Skiles','braun.johann@example.org',79872507653,100,7),('Fleta Kovacek','carlos94@example.com',79915227409,63,11),('Murphy Cronin','norwood55@example.net',79985334171,7,9),('Mr. Enrique Becker','vella.dietrich@example.net',79372416277,30,15),('Mrs. Roma Toy','drew.effertz@example.org',79336639282,30,2),('Miss Brielle Rath MD','christine.bode@example.net',79272896623,49,18),('Prof. Mike Breitenberg','kaylin.kertzmann@example.net',79334339486,18,2),('Mrs. Gia Volkman III','ykozey@example.com',79670876378,27,18),('Dr. Geovanni Frami DVM','gertrude.bahringer@example.com',79985228487,74,14),('Kristofer Harris','alejandrin98@example.com',79261351258,66,7),('Jordane Robel','collins.frieda@example.org',79311662905,48,2),('Kris Fay','esteban71@example.org',79291371451,20,8),('Meagan Rowe','skiles.kenneth@example.com',79275001419,12,8),('Lilla Price MD','ukiehn@example.net',79117903656,62,11),('Kiera Lehner I','jkoch@example.net',79568438308,47,8),('Jorge Kreiger','else49@example.net',79758899219,33,11),('Wilburn Gibson II','tevin.boyer@example.org',79815333682,42,10),('Sarah Schaefer','considine.miracle@example.net',79854987297,33,3),('Vivian Robel','umarks@example.org',79830727275,57,6),('Prof. Brandy Welch','ebony58@example.net',79125698591,34,10),('Janice Howe DVM','florine.bernier@example.net',79895847994,50,10),('Mose Reilly Sr.','johns.amiya@example.com',79117431450,12,13),('Noelia Emard','heaney.pearlie@example.com',79241451185,67,4),('Myron Hermiston','qtorp@example.com',79811043505,51,16),('Chanel Kohler Sr.','kuhic.omer@example.com',79841025353,53,1),('Eusebio Windler PhD','block.maxine@example.org',79755875976,67,8),('Marina Fritsch','sarah.padberg@example.net',79091233100,60,18),('Isabelle Heaney III','gay62@example.org',79720769921,94,3),('Barton Torphy','zora.heaney@example.org',79003727900,51,9),('Oran Kihn DVM','devonte.williamson@example.com',79480160011,58,20),('Dr. Jazmyne Wisozk','qconroy@example.org',79240355401,95,2);
/*!40000 ALTER TABLE `contacts` ENABLE KEYS */;
UNLOCK TABLES;

--
-- Table structure for table `counters`
--

DROP TABLE IF EXISTS `counters`;
/*!40101 SET @saved_cs_client     = @@character_set_client */;
/*!40101 SET character_set_client = utf8 */;
CREATE TABLE `counters` (
  `id_vacancy_counters` int(11) NOT NULL AUTO_INCREMENT,
  `counters_views` bigint(20) DEFAULT NULL,
  `counters_responses` bigint(20) DEFAULT NULL,
  `counters_unread_responses` bigint(20) DEFAULT NULL,
  `counters_resumes_in_progress` bigint(20) DEFAULT NULL,
  `counters_invitations` bigint(20) DEFAULT NULL,
  `vacancy_id_vacancy` int(11) NOT NULL,
  PRIMARY KEY (`id_vacancy_counters`),
  KEY `fk_counters_vacancy1_idx` (`vacancy_id_vacancy`),
  CONSTRAINT `fk_counters_vacancy1` FOREIGN KEY (`vacancy_id_vacancy`) REFERENCES `vacancy` (`id_vacancy`) ON DELETE NO ACTION ON UPDATE NO ACTION
) ENGINE=InnoDB AUTO_INCREMENT=101 DEFAULT CHARSET=utf8mb4 COLLATE=utf8mb4_unicode_ci;
/*!40101 SET character_set_client = @saved_cs_client */;

--
-- Dumping data for table `counters`
--

LOCK TABLES `counters` WRITE;
/*!40000 ALTER TABLE `counters` DISABLE KEYS */;
INSERT INTO `counters` VALUES (1,4140,6039,6729,1740,3123,91),(2,8191,3483,7963,943,9872,31),(3,9281,8804,5586,3548,1545,97),(4,4577,1301,1088,6434,4865,50),(5,2931,7020,3442,1605,4695,69),(6,9605,2500,5517,7651,8824,83),(7,7089,1019,2331,237,9083,91),(8,6637,2094,7216,4115,2991,48),(9,2657,5594,9988,4399,4581,45),(10,5971,2514,2185,4524,7344,94),(11,1710,1973,1502,8428,4100,38),(12,9336,9755,2270,5758,5977,94),(13,4798,2351,8966,6488,7110,55),(14,5609,492,3964,3431,3572,98),(15,8216,4812,851,4814,2554,44),(16,2211,7968,1659,7684,9685,66),(17,6484,3397,4786,9358,5357,100),(18,2170,6534,1918,6609,4797,58),(19,2115,1925,1640,19,3447,56),(20,2142,9461,3695,6188,8220,99),(21,2983,4647,6511,8721,2286,8),(22,2162,6260,231,5438,4372,72),(23,2553,8232,9095,5859,9799,47),(24,9286,1188,1190,5729,1680,7),(25,72,3074,8476,2950,3976,58),(26,4053,2127,3449,5481,9397,61),(27,1091,876,5813,5711,7687,72),(28,7582,778,5577,4294,4853,42),(29,8616,5467,3313,8866,1677,77),(30,2414,5799,2481,9293,6066,37),(31,2603,5555,5528,5532,2257,27),(32,9015,2174,7965,9443,665,34),(33,2831,233,3546,694,3657,4),(34,1405,1407,7234,7858,512,47),(35,1134,5810,5739,2868,9602,58),(36,9827,4439,162,9574,7080,31),(37,1097,5235,4428,7545,776,14),(38,7923,5890,7304,4684,8529,57),(39,2199,6446,7884,6869,9543,32),(40,3371,2245,9420,5612,2036,42),(41,5985,1710,251,1859,3974,55),(42,4704,5309,5542,9120,5605,73),(43,4077,1032,9034,9418,1191,70),(44,9275,9876,5942,5684,7834,93),(45,980,3387,6222,6951,6232,91),(46,3800,3408,3043,7057,5073,90),(47,6258,690,4014,713,1544,15),(48,8395,4933,1157,8556,5626,46),(49,817,8968,3677,3152,4285,9),(50,8816,2072,2963,1824,3573,64),(51,7422,3734,1577,3119,2382,32),(52,1568,2875,2626,5122,1548,81),(53,611,3992,797,6555,6774,9),(54,5419,6728,9511,2595,6645,10),(55,5914,8699,3012,3789,2482,74),(56,4565,9530,9212,2108,4075,39),(57,1829,2417,5509,3517,6738,60),(58,921,4602,6937,4671,5728,10),(59,1409,6922,2796,1463,9109,64),(60,3480,3559,3216,9775,9894,86),(61,9640,2231,4084,1745,1415,92),(62,44,1542,3203,4440,2040,30),(63,3500,472,6848,142,9319,33),(64,7625,7163,4216,580,2203,14),(65,5745,4642,3160,2482,1254,47),(66,1294,4376,4384,5138,7276,26),(67,4045,8072,7468,6531,6625,57),(68,8461,2149,9520,6335,7410,2),(69,6296,1324,3789,4607,760,41),(70,4770,963,4936,746,6124,35),(71,2823,9754,6545,4609,9722,57),(72,1202,7377,2420,3704,4378,97),(73,2090,3183,4499,6565,9977,47),(74,2519,7479,6428,1010,5259,77),(75,5946,8474,8899,8116,3641,50),(76,6188,2044,9583,8504,3144,91),(77,8896,5736,7930,9477,4806,98),(78,2165,7073,8958,6433,33,37),(79,9633,9983,9005,7616,9789,50),(80,3890,2869,250,6359,5519,51),(81,6754,3103,2928,9724,2253,67),(82,8163,3517,9980,2008,7104,70),(83,3156,9018,18,3553,7738,10),(84,4721,4712,2517,7826,9692,57),(85,9802,139,940,4682,5189,31),(86,7791,8185,4263,989,3425,70),(87,8700,4605,4391,2520,5001,78),(88,4791,2669,5743,2172,3849,90),(89,4726,1636,1022,1715,9454,35),(90,6946,7892,5557,5786,542,28),(91,1275,8929,4239,9305,636,56),(92,8072,8190,2451,5929,4251,63),(93,7752,2263,802,1346,2835,12),(94,9597,2087,6867,329,4593,73),(95,4845,6661,958,5521,4061,26),(96,2886,9440,1382,9243,7465,53),(97,1929,1771,2022,8647,2045,71),(98,5997,5049,8448,5876,3301,71),(99,5634,6707,9774,7992,9058,41),(100,3567,7673,5813,3188,8264,5);
/*!40000 ALTER TABLE `counters` ENABLE KEYS */;
UNLOCK TABLES;

--
-- Table structure for table `hr_available_permissions`
--

DROP TABLE IF EXISTS `hr_available_permissions`;
/*!40101 SET @saved_cs_client     = @@character_set_client */;
/*!40101 SET character_set_client = utf8 */;
CREATE TABLE `hr_available_permissions` (
  `id_hr_permissions` int(11) NOT NULL,
  `permissions_name` enum('Администратор','Пользователь') COLLATE utf8mb4_unicode_ci NOT NULL,
  `hr_users_hr_id` int(10) unsigned NOT NULL,
  PRIMARY KEY (`id_hr_permissions`),
  KEY `fk_hr_available_permissions_hr_users_idx` (`hr_users_hr_id`),
  CONSTRAINT `fk_hr_available_permissions_hr_users` FOREIGN KEY (`hr_users_hr_id`) REFERENCES `hr_users` (`hr_id`) ON DELETE NO ACTION ON UPDATE NO ACTION
) ENGINE=InnoDB DEFAULT CHARSET=utf8mb4 COLLATE=utf8mb4_unicode_ci;
/*!40101 SET character_set_client = @saved_cs_client */;

--
-- Dumping data for table `hr_available_permissions`
--

LOCK TABLES `hr_available_permissions` WRITE;
/*!40000 ALTER TABLE `hr_available_permissions` DISABLE KEYS */;
INSERT INTO `hr_available_permissions` VALUES (1,'Администратор',12),(2,'Пользователь',14);
/*!40000 ALTER TABLE `hr_available_permissions` ENABLE KEYS */;
UNLOCK TABLES;

--
-- Table structure for table `hr_profiles`
--

DROP TABLE IF EXISTS `hr_profiles`;
/*!40101 SET @saved_cs_client     = @@character_set_client */;
/*!40101 SET character_set_client = utf8 */;
CREATE TABLE `hr_profiles` (
  `id_hr_profiles` int(11) NOT NULL AUTO_INCREMENT,
  `hr_firstname` varchar(255) COLLATE utf8mb4_unicode_ci NOT NULL,
  `hr_lastname` varchar(255) COLLATE utf8mb4_unicode_ci NOT NULL,
  `hr_post` varchar(255) COLLATE utf8mb4_unicode_ci NOT NULL,
  `hr_permissions` varchar(255) COLLATE utf8mb4_unicode_ci DEFAULT NULL,
  `hr_phone` bigint(20) NOT NULL,
  `hr_additional_phone` bigint(20) DEFAULT NULL,
  `hr_users_hr_id` int(10) unsigned NOT NULL,
  PRIMARY KEY (`id_hr_profiles`),
  KEY `fk_hr_profiles_hr_users1_idx` (`hr_users_hr_id`),
  CONSTRAINT `fk_hr_profiles_hr_users1` FOREIGN KEY (`hr_users_hr_id`) REFERENCES `hr_users` (`hr_id`) ON DELETE NO ACTION ON UPDATE NO ACTION
) ENGINE=InnoDB AUTO_INCREMENT=21 DEFAULT CHARSET=utf8mb4 COLLATE=utf8mb4_unicode_ci;
/*!40101 SET character_set_client = @saved_cs_client */;

--
-- Dumping data for table `hr_profiles`
--

LOCK TABLES `hr_profiles` WRITE;
/*!40000 ALTER TABLE `hr_profiles` DISABLE KEYS */;
INSERT INTO `hr_profiles` VALUES (1,'Max','O\'Keefe','Ведущий менеджер по персоналу','Пользователь',79376043835,79694299287,18),(2,'Garry','Kunze','Директор по персоналу','Пользователь',79886247066,79227211801,14),(3,'Amparo','Fritsch','Менеджер по персоналу','Пользователь',79654313927,79148300941,6),(4,'Reginald','Dibbert','Специалист по персоналу','Пользователь',79082012252,79398072616,19),(5,'Garret','Beahan','Руководитель отдела','Администратор',79212284214,79070719861,5),(6,'Greyson','Dickens','Директор по персоналу','Пользователь',79838648914,79585876127,1),(7,'Carey','Wolf','Менеджер по персоналу','Администратор',79715322779,79330083868,5),(8,'Edythe','Labadie','Ведущий менеджер по персоналу','Пользователь',79857838248,79984719345,4),(9,'Patricia','Stamm','Директор по персоналу','Администратор',79979325830,79298827795,20),(10,'Dariana','O\'Hara','Специалист по персоналу','Администратор',79478756119,79955738792,10),(11,'Elijah','Denesik','Руководитель отдела','Администратор',79534441127,79686954435,16),(12,'Ulises','Dibbert','Руководитель отдела','Пользователь',79337717276,79153158621,15),(13,'Jazmyn','Bayer','Директор по персоналу','Администратор',79124692246,79234196978,6),(14,'Letha','Stanton','Ведущий менеджер по персоналу','Пользователь',79096605990,79109133814,15),(15,'Mauricio','Lind','Ведущий менеджер по персоналу','Администратор',79666669058,79432427085,20),(16,'Aric','Ebert','Специалист по персоналу','Администратор',79321326392,79251952235,7),(17,'Dejuan','Jacobs','Специалист по персоналу','Администратор',79142267913,79225716673,10),(18,'Nikko','Gaylord','Менеджер по персоналу','Администратор',79745582194,79825996772,17),(19,'Ila','Okuneva','Ведущий менеджер по персоналу','Администратор',79559054465,79950660113,16),(20,'Maryse','Spencer','Специалист по персоналу','Администратор',79456611788,79649628935,8);
/*!40000 ALTER TABLE `hr_profiles` ENABLE KEYS */;
UNLOCK TABLES;

--
-- Table structure for table `hr_users`
--

DROP TABLE IF EXISTS `hr_users`;
/*!40101 SET @saved_cs_client     = @@character_set_client */;
/*!40101 SET character_set_client = utf8 */;
CREATE TABLE `hr_users` (
  `hr_id` int(10) unsigned NOT NULL AUTO_INCREMENT,
  `hr_mail` varchar(200) COLLATE utf8mb4_unicode_ci NOT NULL,
  `hr_phone` bigint(20) NOT NULL,
  `hr_password_hash` char(64) COLLATE utf8mb4_unicode_ci NOT NULL,
  PRIMARY KEY (`hr_id`),
  UNIQUE KEY `hr_mail_UNIQUE` (`hr_mail`),
  UNIQUE KEY `hr_phone_UNIQUE` (`hr_phone`)
) ENGINE=InnoDB AUTO_INCREMENT=21 DEFAULT CHARSET=utf8mb4 COLLATE=utf8mb4_unicode_ci;
/*!40101 SET character_set_client = @saved_cs_client */;

--
-- Dumping data for table `hr_users`
--

LOCK TABLES `hr_users` WRITE;
/*!40000 ALTER TABLE `hr_users` DISABLE KEYS */;
INSERT INTO `hr_users` VALUES (1,'bernhard17@example.org',79858833502,'8d31df067ce863bb32d685e1f5e9913bb218630a'),(2,'luz.o\'keefe@example.org',79498522877,'0621b3ee3bc52981c4af7759fb62d0cfcc420e02'),(3,'orville.senger@example.org',79080300128,'6c90f144640ba0d7634b80a8da1340e982494aaf'),(4,'yheaney@example.com',79886910520,'4623efbddce030f15ddf1d771b568543f2b06324'),(5,'twiegand@example.net',79493209270,'f74ddb1b49d85308ecb6df5d24ffcd39b6ea9877'),(6,'teichmann@example.com',79717038927,'52788fc0efa191d14b51d97c5e26a78095f364b9'),(7,'walter.aracely@example.com',79351256062,'f5579a2d1133a44a716d66ac2de7065881f9bc4b'),(8,'benny.stracke@example.net',79698547635,'60934806f2c65a877651c378d8f042ad6f07cd0f'),(9,'roxane74@example.org',79369863238,'1982885f21abe54fc5c57f5d0ea715c90c742b16'),(10,'iwisozk@example.net',79629100439,'8541362825cd27a5d81b0ca6b9d02780ac26e21f'),(11,'stephanie.feest@example.org',79924628254,'5a8992e7da5cbba1da267924f7645c336873113b'),(12,'hdenesik@example.net',79992061339,'3a9111cd5b5e28b8d92db5e6d187e35c45056a1a'),(13,'nitzsche.cayla@example.com',79826465913,'e1d9913223ac730881bc0f5db72bdc1b97f22608'),(14,'shanie63@example.com',79527550011,'c64656b58b77f9dff6d4bcdc886bc533ec88eb52'),(15,'janick.jenkins@example.org',79299088329,'76b4dd564cd009a0c54fa6baa8fb8b25c5ede875'),(16,'wyman.kitty@example.org',79800543333,'ad1ecaa5064e55bdee52dc4a4e6eb2b1d8c7d551'),(17,'miracle11@example.net',79854101218,'23acf32ddd5bbe32fe22cd8fe9aa40b5de778636'),(18,'nvonrueden@example.com',79233748085,'3ad40ee5f78aa5a566977478bf7d4effa37f0112'),(19,'mallory72@example.org',79989246474,'63c15573feda971dbd576610706799bd32a44ee3'),(20,'armani.gleason@example.org',79370436713,'324b8c19da16633666375f319a1a146a4e4eccdc');
/*!40000 ALTER TABLE `hr_users` ENABLE KEYS */;
UNLOCK TABLES;

--
-- Table structure for table `media`
--

DROP TABLE IF EXISTS `media`;
/*!40101 SET @saved_cs_client     = @@character_set_client */;
/*!40101 SET character_set_client = utf8 */;
CREATE TABLE `media` (
  `id_vacancy` int(11) NOT NULL AUTO_INCREMENT,
  `media_types_id` int(10) unsigned NOT NULL,
  `hr_id` int(10) unsigned NOT NULL,
  `size` bigint(20) NOT NULL,
  `file` varchar(45) COLLATE utf8mb4_unicode_ci DEFAULT NULL,
  `blob` blob DEFAULT NULL,
  `vacancy_id_vacancy` int(11) NOT NULL,
  PRIMARY KEY (`id_vacancy`),
  KEY `fk_media_vacancy1_idx` (`vacancy_id_vacancy`),
  CONSTRAINT `fk_media_vacancy1` FOREIGN KEY (`vacancy_id_vacancy`) REFERENCES `vacancy` (`id_vacancy`) ON DELETE NO ACTION ON UPDATE NO ACTION
) ENGINE=InnoDB AUTO_INCREMENT=101 DEFAULT CHARSET=utf8mb4 COLLATE=utf8mb4_unicode_ci;
/*!40101 SET character_set_client = @saved_cs_client */;

--
-- Dumping data for table `media`
--

LOCK TABLES `media` WRITE;
/*!40000 ALTER TABLE `media` DISABLE KEYS */;
INSERT INTO `media` VALUES (1,1,13,5105,'audio',NULL,68),(2,2,10,839,'img',NULL,15),(3,3,17,7,'img',NULL,76),(4,1,4,2350174,'video',NULL,14),(5,3,7,51656738,'audio',NULL,91),(6,1,1,5,'img',NULL,16),(7,3,2,8,'video',NULL,52),(8,1,19,465546,'audio',NULL,25),(9,2,19,132924882,'video',NULL,66),(10,3,7,545954140,'video',NULL,27),(11,1,9,433,'img',NULL,76),(12,2,8,61,'video',NULL,81),(13,1,18,7,'video',NULL,16),(14,3,12,6859917,'video',NULL,100),(15,1,17,97830488,'audio',NULL,26),(16,3,17,0,'img',NULL,35),(17,2,9,716,'audio',NULL,66),(18,1,18,63704532,'video',NULL,51),(19,1,12,821298,'audio',NULL,64),(20,2,19,0,'audio',NULL,93),(21,3,19,6803798,'video',NULL,54),(22,3,14,99382,'video',NULL,25),(23,1,3,7294992,'img',NULL,36),(24,2,14,61632,'audio',NULL,84),(25,2,20,296,'video',NULL,41),(26,1,19,29659822,'audio',NULL,21),(27,1,8,79906177,'img',NULL,2),(28,3,5,61,'video',NULL,3),(29,1,14,9,'video',NULL,4),(30,1,14,9946391,'video',NULL,67),(31,3,8,813963,'video',NULL,99),(32,2,2,3802210,'audio',NULL,90),(33,2,20,0,'img',NULL,36),(34,1,3,4,'video',NULL,14),(35,1,7,81768,'audio',NULL,66),(36,1,5,1575,'img',NULL,71),(37,2,11,2,'video',NULL,14),(38,2,17,0,'img',NULL,62),(39,3,3,0,'img',NULL,38),(40,1,6,1613,'video',NULL,22),(41,3,4,2313962,'audio',NULL,73),(42,1,16,27,'audio',NULL,99),(43,2,18,6027771,'audio',NULL,66),(44,3,7,34496082,'img',NULL,75),(45,1,19,4208559,'audio',NULL,97),(46,1,1,12397,'audio',NULL,34),(47,3,12,6,'img',NULL,97),(48,1,17,434351,'img',NULL,64),(49,1,11,24869,'audio',NULL,43),(50,2,20,24482498,'img',NULL,89),(51,3,10,18518,'audio',NULL,91),(52,1,3,93648,'video',NULL,83),(53,1,12,575,'img',NULL,2),(54,1,6,339682663,'img',NULL,20),(55,1,14,60,'img',NULL,53),(56,3,18,61,'video',NULL,5),(57,3,7,79534724,'audio',NULL,62),(58,3,1,5791600,'audio',NULL,19),(59,3,12,717,'img',NULL,94),(60,1,9,0,'img',NULL,37),(61,3,4,765953,'video',NULL,82),(62,1,3,0,'audio',NULL,47),(63,1,5,4186,'audio',NULL,75),(64,1,6,954337,'audio',NULL,69),(65,2,17,493,'img',NULL,94),(66,2,12,429508740,'audio',NULL,13),(67,2,1,2412528,'video',NULL,35),(68,1,14,176,'img',NULL,7),(69,3,5,1,'img',NULL,23),(70,3,12,721711781,'img',NULL,50),(71,2,1,58,'audio',NULL,59),(72,3,9,0,'video',NULL,99),(73,2,4,9133,'audio',NULL,32),(74,2,14,2539,'video',NULL,64),(75,1,19,884130,'img',NULL,41),(76,2,15,8,'img',NULL,1),(77,1,2,717,'video',NULL,15),(78,3,19,863509,'audio',NULL,10),(79,2,5,18,'audio',NULL,58),(80,2,14,7160,'audio',NULL,83),(81,3,12,2846,'img',NULL,57),(82,1,10,538,'audio',NULL,60),(83,1,5,75,'video',NULL,45),(84,1,14,79858,'video',NULL,98),(85,2,17,0,'audio',NULL,73),(86,3,17,718899,'audio',NULL,75),(87,1,16,7,'img',NULL,40),(88,3,4,0,'img',NULL,94),(89,3,19,3055,'img',NULL,16),(90,2,17,5492,'video',NULL,81),(91,2,8,54090363,'img',NULL,73),(92,2,4,15580,'audio',NULL,29),(93,1,19,267412317,'video',NULL,77),(94,2,11,0,'video',NULL,20),(95,3,4,659,'video',NULL,51),(96,3,10,41288,'audio',NULL,93),(97,3,11,0,'audio',NULL,89),(98,1,13,4157,'img',NULL,5),(99,2,13,745,'audio',NULL,14),(100,2,8,54744,'audio',NULL,75);
/*!40000 ALTER TABLE `media` ENABLE KEYS */;
UNLOCK TABLES;

--
-- Table structure for table `response`
--

DROP TABLE IF EXISTS `response`;
/*!40101 SET @saved_cs_client     = @@character_set_client */;
/*!40101 SET character_set_client = utf8 */;
CREATE TABLE `response` (
  `id_response` bigint(20) NOT NULL AUTO_INCREMENT,
  `response` bigint(20) NOT NULL,
  `vacancy_visitors` bigint(20) NOT NULL,
  `relevant_responses` bigint(20) NOT NULL,
  `by_location` bigint(20) NOT NULL,
  `consider` bigint(20) NOT NULL,
  `phone_interview` bigint(20) NOT NULL,
  `assessment` bigint(20) NOT NULL,
  `interview` bigint(20) NOT NULL,
  `offer` bigint(20) NOT NULL,
  `hired` bigint(20) NOT NULL,
  `discard_by_employer` bigint(20) NOT NULL,
  `vacancy_id_vacancy` int(11) NOT NULL,
  PRIMARY KEY (`id_response`),
  KEY `fk_response_vacancy1_idx` (`vacancy_id_vacancy`),
  CONSTRAINT `fk_response_vacancy1` FOREIGN KEY (`vacancy_id_vacancy`) REFERENCES `vacancy` (`id_vacancy`) ON DELETE NO ACTION ON UPDATE NO ACTION
) ENGINE=InnoDB AUTO_INCREMENT=101 DEFAULT CHARSET=utf8mb4 COLLATE=utf8mb4_unicode_ci;
/*!40101 SET character_set_client = @saved_cs_client */;

--
-- Dumping data for table `response`
--

LOCK TABLES `response` WRITE;
/*!40000 ALTER TABLE `response` DISABLE KEYS */;
INSERT INTO `response` VALUES (1,3676,5298,1230,6322,2355,2824,5595,2795,3004,8603,682,80),(2,7951,4632,3492,8543,9607,1991,6395,3346,8018,4696,8236,30),(3,9524,1840,4194,2157,4290,6053,5961,615,1350,2010,5150,43),(4,4573,5296,8756,1960,7021,8145,7802,6,3133,439,4089,70),(5,6475,2519,5792,7980,2639,3804,1537,7785,6060,2132,5256,70),(6,6387,3444,5722,5545,474,996,781,9684,5740,3291,7190,82),(7,156,4298,4839,9200,6550,640,4956,8951,5477,5327,9142,93),(8,5888,7140,8420,4816,5831,8467,4757,7128,2130,8622,4032,83),(9,3482,9386,9732,7691,7902,1319,703,7398,1263,8126,1375,77),(10,6998,4830,5498,3756,6634,7198,3564,6697,9602,1793,2167,60),(11,7098,7771,9244,4209,8085,9121,7622,6168,7449,39,4378,68),(12,533,3338,1194,5573,6465,6185,2716,7324,5592,3533,9213,30),(13,7665,9517,4195,8376,7533,8524,1294,783,1060,6393,8065,57),(14,8211,384,6326,9051,9660,1214,3574,7229,8516,9934,7045,54),(15,583,6950,4187,7572,4393,8703,2861,9605,7741,9067,2981,82),(16,3810,481,9026,4161,4636,7865,6875,672,486,2712,9195,95),(17,7747,8477,2528,2184,8093,4422,4083,5392,3181,2968,6766,59),(18,414,7175,9337,8783,8299,2341,4552,5713,3036,1452,8682,63),(19,6060,5172,2152,5912,3871,164,1899,2651,3188,3753,4347,20),(20,6584,2906,1067,7900,8373,4116,941,2041,2412,5675,1462,52),(21,5928,8940,8192,9958,2024,9513,4528,7407,6489,1569,5414,9),(22,1014,6833,7837,1140,3901,6824,4906,7306,2519,7140,6774,89),(23,7302,4194,3405,5691,1294,2752,75,6003,1308,514,6774,67),(24,9787,6662,5685,3140,4308,5047,1995,5788,2719,5152,3817,93),(25,1556,6099,3151,1493,2549,6742,8696,3771,8382,3944,1818,99),(26,9147,8591,7392,8526,8009,8909,4915,5642,9181,9520,1820,87),(27,9134,4269,7696,9208,4244,1852,7686,3501,7371,472,5297,34),(28,1038,191,9870,8603,7527,5596,3299,9055,8066,9894,9758,21),(29,3228,6400,7704,3751,9818,6113,9224,6053,9735,6800,6555,9),(30,4516,1490,2230,8709,4005,7540,1930,2831,3313,1121,4575,35),(31,8510,8280,6986,3742,4223,268,4356,7949,6333,1654,135,85),(32,1467,3990,9234,6985,6850,1060,8352,6165,8267,424,9910,73),(33,6515,6522,4204,4251,1728,6920,7896,1613,944,3930,9885,62),(34,5185,2579,4438,1385,5965,6267,3783,4405,5885,9011,7225,9),(35,2738,2623,432,7113,4884,8734,7168,3768,5398,4512,8001,40),(36,6908,4936,4003,8178,5037,6129,6422,3896,5735,3630,3094,29),(37,6998,1552,4791,2679,5766,5130,4727,881,2144,169,1973,95),(38,3713,2996,947,9931,1204,5669,2802,468,8048,1232,5061,19),(39,4257,4932,8456,4962,9967,6811,1287,1309,7484,7561,3168,96),(40,5551,420,4830,214,1510,290,9622,8142,4101,9797,2577,77),(41,3190,1521,2072,9578,9739,8943,1122,8166,4654,9509,2932,56),(42,3127,2902,5673,5324,9650,6231,7173,750,3200,6824,4436,40),(43,8769,3743,1680,2342,6135,3601,8489,8783,3968,9959,670,49),(44,7845,4654,3174,5584,7807,791,9755,2570,2891,9749,2833,84),(45,5618,7487,2159,7824,5841,5447,1645,9465,3389,9056,6402,33),(46,9579,6597,3052,2390,2416,3284,4239,4367,5043,768,8486,36),(47,9985,6558,9438,5671,1657,3377,1233,6113,7380,19,7700,77),(48,20,6998,7785,4250,2800,1774,6966,5955,5564,8514,6677,21),(49,2263,9978,2643,8613,9621,7671,2729,2492,2888,4448,1793,74),(50,2783,262,9262,1872,1032,1607,6620,2933,1819,1364,6466,23),(51,4728,699,6642,7506,2506,1420,1559,6330,7388,6551,6534,93),(52,503,908,3096,9393,1973,4921,5657,955,5274,973,4759,25),(53,5246,309,3944,6911,6254,9084,1720,4147,3526,3130,4367,72),(54,8768,2079,6018,5391,830,8968,9879,841,6487,847,6980,80),(55,4847,3828,9821,1758,7556,4563,8770,6384,5414,6392,3822,5),(56,3931,9684,6606,3975,8500,9034,9928,8260,9384,2930,2917,20),(57,6575,7723,4205,4388,2559,2904,7114,626,4238,4295,9636,58),(58,8315,8271,5202,7819,8616,6651,7495,753,1904,690,6806,53),(59,6588,9560,4659,4199,827,81,9816,6845,8887,5176,7640,1),(60,5824,6497,5499,140,6765,258,2704,9764,157,2276,5396,81),(61,6684,6254,1107,6720,564,2542,677,3189,393,6617,8899,100),(62,6547,9300,3473,5440,8215,6261,8554,8516,5854,6046,8963,10),(63,6743,1567,245,363,8307,4173,2638,366,5055,4931,9825,37),(64,6711,4564,3437,5259,4934,7632,6712,1935,430,6275,5634,13),(65,791,9934,5453,5676,6275,8151,4368,9642,327,673,6874,87),(66,6280,3709,7975,2551,2202,676,9620,2933,118,5702,5035,14),(67,6747,8285,3032,5625,6211,6750,8446,5690,6535,4233,525,31),(68,2794,292,436,8090,5292,4368,4439,8565,563,624,6738,72),(69,1293,8334,3241,8261,3995,3954,8197,7746,8469,3874,456,25),(70,4127,339,6859,7569,4048,6734,1505,9270,8612,8491,8436,79),(71,1182,7910,8326,1379,3331,4537,8911,8358,3223,6553,5723,81),(72,38,5568,2968,2457,3912,5367,4328,6320,766,1314,9597,72),(73,9888,9479,3397,6488,3941,2381,358,6580,2133,5130,9516,43),(74,5881,919,9997,9823,4874,2264,6600,3036,9331,8785,3455,19),(75,2253,2182,8155,6071,8255,1564,1007,4606,8067,4353,2069,26),(76,6710,5305,4498,88,1828,1456,7478,9835,2933,8718,2513,92),(77,1026,6018,209,397,219,7335,8636,5301,2671,976,8486,22),(78,8636,4551,9531,935,5404,2019,4871,1829,7175,6246,6684,9),(79,7141,2061,2852,3644,5382,2692,7508,1088,1931,2260,5533,56),(80,6960,7052,9408,817,3147,8359,8593,5242,6153,9460,9745,7),(81,4128,6600,7998,5970,8282,3712,7007,300,3209,3542,2736,7),(82,6245,566,1525,1474,4016,9831,7417,9075,8332,662,7777,79),(83,9279,1761,2573,1787,5116,633,3420,13,9857,6931,1826,68),(84,4987,7639,7994,8101,8888,1809,5934,4991,9943,6815,3115,42),(85,849,9949,8407,5244,3128,7317,3470,7708,8722,6289,8686,62),(86,3521,4405,5321,1118,4296,1297,4774,1227,6133,5557,3395,25),(87,1546,744,9905,3534,3877,9192,4720,1992,6796,9711,6117,70),(88,2814,701,4364,8050,6525,3710,1613,37,1892,4955,7368,62),(89,4153,3656,8906,9115,1276,6623,8142,2056,1415,476,1700,10),(90,378,8305,946,4466,774,8697,2701,3559,4673,3498,4254,29),(91,7242,4672,3072,7751,3780,6520,7759,853,3814,7633,3767,30),(92,4607,3874,7639,4958,1502,1868,6582,9878,2126,7758,7665,63),(93,1238,644,2845,8330,8486,7313,3576,7150,6539,215,3366,92),(94,5498,2646,5710,4197,5975,6966,3738,208,9657,1724,8077,20),(95,3575,2012,3861,4911,7207,1186,3398,1398,5778,7398,4858,14),(96,2197,9780,9257,7070,5234,6822,1042,4510,1392,5361,6704,11),(97,9367,9297,4112,8762,8448,4006,3679,5508,6946,5394,1501,34),(98,8909,2802,3440,7266,7911,1998,2902,4728,5142,8830,5376,6),(99,4529,3709,7338,8904,4368,5637,1223,57,6956,690,1736,78),(100,3244,8905,7042,6056,2537,8141,4377,6319,2044,1888,5545,39);
/*!40000 ALTER TABLE `response` ENABLE KEYS */;
UNLOCK TABLES;

--
-- Table structure for table `resume_search`
--

DROP TABLE IF EXISTS `resume_search`;
/*!40101 SET @saved_cs_client     = @@character_set_client */;
/*!40101 SET character_set_client = utf8 */;
CREATE TABLE `resume_search` (
  `id_resume_search` int(11) NOT NULL AUTO_INCREMENT,
  `resume_search` varchar(45) COLLATE utf8mb4_unicode_ci DEFAULT NULL,
  `prof_field` enum('Информационные технологии, интернет, телеком','Маркетинг','Продажи','Строительство, недвижимость','Медицина, фармацевтика','Другое') COLLATE utf8mb4_unicode_ci DEFAULT NULL,
  `location` varchar(45) COLLATE utf8mb4_unicode_ci DEFAULT NULL,
  `metro` varchar(45) COLLATE utf8mb4_unicode_ci DEFAULT NULL,
  `salary` float DEFAULT NULL,
  `education` enum('Не имеет значение','Высшее','Бакалавр','Магистр','Кандидат наук','Доктор наук','Незаконченное высшее','Среднее','Средне-специальное') COLLATE utf8mb4_unicode_ci DEFAULT NULL,
  `nationality` varchar(45) COLLATE utf8mb4_unicode_ci DEFAULT NULL,
  `age` int(11) DEFAULT NULL,
  `gender` enum('Не имеет значения','Мужской','Женский') COLLATE utf8mb4_unicode_ci DEFAULT NULL,
  `employment` enum('Полная занятость','Частичная занятость','Проектная работа/разовое задание','Волонтерство','Стажировка') COLLATE utf8mb4_unicode_ci DEFAULT NULL,
  `work_schedule` enum('Полный день','Сменный график','Гибкий график','Удаленная работа','Вахтовый метод') COLLATE utf8mb4_unicode_ci DEFAULT NULL,
  `car` enum('Есть личный автомобиль','Нет личного автомобиля') COLLATE utf8mb4_unicode_ci DEFAULT NULL,
  `hr_users_hr_id` int(10) unsigned NOT NULL,
  PRIMARY KEY (`id_resume_search`),
  KEY `fk_resume_search_hr_users1_idx` (`hr_users_hr_id`),
  CONSTRAINT `fk_resume_search_hr_users1` FOREIGN KEY (`hr_users_hr_id`) REFERENCES `hr_users` (`hr_id`) ON DELETE NO ACTION ON UPDATE NO ACTION
) ENGINE=InnoDB AUTO_INCREMENT=101 DEFAULT CHARSET=utf8mb4 COLLATE=utf8mb4_unicode_ci;
/*!40101 SET character_set_client = @saved_cs_client */;

--
-- Dumping data for table `resume_search`
--

LOCK TABLES `resume_search` WRITE;
/*!40000 ALTER TABLE `resume_search` DISABLE KEYS */;
INSERT INTO `resume_search` VALUES (1,'Cum distinctio tempore quibusdam sed dicta be','','O\'Keefefurt','Autem voluptate exercitationem.',331966,'Доктор наук','IT',33,'Женский','Стажировка','Гибкий график','Есть личный автомобиль',8),(2,'Quia fugiat accusantium blanditiis reiciendis','','Runolfssonton','Dignissimos temporibus repellendus.',334797,'Незаконченное высшее','IT',23,'Мужской','Частичная занятость','Сменный график','Нет личного автомобиля',6),(3,'Rem ab voluptatum magni debitis ipsum earum v','','Lake Noble','Neque natus.',366571,'Средне-специальное','PT',70,'Мужской','Частичная занятость','Вахтовый метод','Есть личный автомобиль',6),(4,'Harum laudantium dolores quibusdam ad magni c','','Kundeberg','Qui consequuntur et.',193720,'Средне-специальное','RU',21,'Женский','Волонтерство','Сменный график','Нет личного автомобиля',13),(5,'Rem adipisci sint facilis impedit necessitati','Продажи','Botsfordhaven','Et quia consequuntur.',240839,'Средне-специальное','CN',65,'Мужской','Стажировка','Полный день','Нет личного автомобиля',5),(6,'Perspiciatis adipisci voluptas distinctio atq','','Wileytown','Dignissimos officiis mollitia.',181978,'Магистр','DE',57,'Женский','Частичная занятость','Вахтовый метод','Нет личного автомобиля',6),(7,'Ut magni consequatur omnis repellat reprehend','Другое','Mayerstad','Non ducimus.',66855,'Незаконченное высшее','FR',24,'Мужской','Полная занятость','Гибкий график','Нет личного автомобиля',20),(8,'Odio esse qui consequatur quidem omnis quod r','','West Annabellstad','Culpa in hic.',64588,'Средне-специальное','US',48,'Мужской','Частичная занятость','Вахтовый метод','Нет личного автомобиля',6),(9,'Nesciunt possimus recusandae aut ut qui ipsam','Продажи','Connmouth','Consequatur molestias quaerat.',156360,'Не имеет значение','PT',50,'Не имеет значения','Проектная работа/разовое задание','Вахтовый метод','Нет личного автомобиля',11),(10,'Corporis ut ullam ut quia et reprehenderit.','Другое','East Tillmanmouth','Ut sed.',97776,'Кандидат наук','DE',16,'Мужской','Стажировка','Сменный график','Нет личного автомобиля',5),(11,'Reprehenderit sint a voluptatem repellendus q','Другое','Beatriceshire','Esse unde aperiam.',319735,'Высшее','IN',60,'Женский','Полная занятость','Вахтовый метод','Нет личного автомобиля',1),(12,'Quia dolore amet quae qui et qui voluptas eos','','North Elmermouth','Laboriosam sint dicta.',47393,'Высшее','IE',18,'Мужской','Проектная работа/разовое задание','Гибкий график','Нет личного автомобиля',14),(13,'Quisquam nihil explicabo magni eos tempora ex','','West Cortezville','Aperiam quae sit.',274472,'Кандидат наук','CA',63,'Женский','Волонтерство','Полный день','Нет личного автомобиля',12),(14,'Accusantium quia consequatur voluptatem amet ','Другое','Torrancehaven','Illum asperiores.',412361,'Среднее','US',17,'Женский','Частичная занятость','Удаленная работа','Есть личный автомобиль',2),(15,'Et perferendis ullam impedit cumque inventore','','Zboncakborough','Accusamus est commodi.',271,'Магистр','CA',63,'Мужской','Частичная занятость','Вахтовый метод','Нет личного автомобиля',11),(16,'Illum quo quaerat tempora est possimus ipsam ','','Haylietown','Veniam tempore.',312316,'Не имеет значение','DE',61,'Мужской','Полная занятость','Гибкий график','Есть личный автомобиль',16),(17,'Nisi et ut enim rerum in tenetur corporis ist','','East Hailie','Hic harum rerum.',259034,'Не имеет значение','US',17,'Мужской','Стажировка','Гибкий график','Нет личного автомобиля',14),(18,'Id est voluptatem est est repudiandae dicta d','','Cronintown','Recusandae aliquid et.',95620,'Среднее','PT',48,'Женский','Полная занятость','Гибкий график','Нет личного автомобиля',16),(19,'Dolore et laudantium blanditiis ut aut pariat','Другое','Isadoreview','Amet iusto.',87710,'Среднее','IE',18,'Не имеет значения','Стажировка','Полный день','Нет личного автомобиля',20),(20,'Illo alias facilis recusandae odio rem ut.','Продажи','East Marcos','Rerum vero.',396931,'Среднее','CN',61,'Женский','Полная занятость','Гибкий график','Нет личного автомобиля',4),(21,'Necessitatibus consequatur et omnis fugit und','','East Brandyn','Esse qui est.',150929,'Средне-специальное','CN',23,'Женский','Частичная занятость','Вахтовый метод','Нет личного автомобиля',20),(22,'Aperiam aliquid ea veritatis dolores ea quod ','','Harrytown','Explicabo aut.',438634,'Среднее','RU',68,'Не имеет значения','Проектная работа/разовое задание','Удаленная работа','Нет личного автомобиля',7),(23,'Commodi quam eaque ducimus dolor suscipit eiu','Продажи','North Alysa','Recusandae sit et.',368129,'Средне-специальное','ES',31,'Мужской','Проектная работа/разовое задание','Вахтовый метод','Нет личного автомобиля',9),(24,'Omnis itaque quae qui occaecati labore veniam','','Manleybury','Autem nam aut.',115969,'Кандидат наук','DE',69,'Мужской','Частичная занятость','Полный день','Есть личный автомобиль',4),(25,'Mollitia et ut veniam sapiente quidem tenetur','','East Aida','Ducimus dolores vero.',57147,'Кандидат наук','US',23,'Не имеет значения','Проектная работа/разовое задание','Удаленная работа','Есть личный автомобиль',17),(26,'Rerum et et iste laboriosam esse ullam possim','','Colestad','Rerum ut quae.',327626,'Не имеет значение','IN',22,'Не имеет значения','Частичная занятость','Вахтовый метод','Нет личного автомобиля',15),(27,'Est repellendus culpa possimus ex quia volupt','Другое','Meggiefurt','Odit quasi non.',205526,'Кандидат наук','IN',17,'Мужской','Стажировка','Вахтовый метод','Есть личный автомобиль',10),(28,'Reiciendis dolor saepe hic perferendis quaera','Продажи','Karelleview','Nihil occaecati.',444778,'Доктор наук','MX',22,'Мужской','Полная занятость','Удаленная работа','Нет личного автомобиля',14),(29,'Sunt molestiae non quas praesentium in nulla ','Другое','West Leonora','Porro repellat in.',313406,'Не имеет значение','FR',36,'Не имеет значения','Стажировка','Полный день','Нет личного автомобиля',6),(30,'Magni molestiae et possimus consequuntur aut ','','Watsicabury','Nobis eaque.',46271,'Бакалавр','DE',47,'Женский','Частичная занятость','Удаленная работа','Есть личный автомобиль',3),(31,'Atque totam voluptas molestias omnis labore e','','Boganberg','Deleniti est qui.',328760,'Магистр','IN',56,'Мужской','Полная занятость','Полный день','Есть личный автомобиль',20),(32,'Quibusdam alias sunt vitae mollitia reiciendi','','Lake Imaniland','Est ipsam enim.',290807,'Бакалавр','ES',68,'Мужской','Волонтерство','Гибкий график','Есть личный автомобиль',14),(33,'Quibusdam quisquam minima et eaque quaerat de','Продажи','Lake Rylee','Laboriosam sed omnis.',332999,'Не имеет значение','IT',35,'Мужской','Волонтерство','Сменный график','Нет личного автомобиля',8),(34,'Quidem labore culpa est vero corrupti molesti','','New Jadyn','Qui blanditiis quae.',45817,'Незаконченное высшее','PT',17,'Не имеет значения','Стажировка','Гибкий график','Нет личного автомобиля',6),(35,'Repellendus quia aut rerum ea aut aperiam hic','','Casperville','Ea ratione quis.',220194,'Средне-специальное','DE',75,'Женский','Полная занятость','Сменный график','Нет личного автомобиля',6),(36,'Expedita exercitationem assumenda recusandae ','','East Jaylin','Et nostrum illo.',450773,'Высшее','IT',58,'Мужской','Полная занятость','Сменный график','Нет личного автомобиля',13),(37,'Sed qui quidem est dolore sequi inventore.','Другое','West Madelineton','In distinctio odio.',324815,'Незаконченное высшее','RU',39,'Мужской','Стажировка','Гибкий график','Нет личного автомобиля',11),(38,'Tempore et quo repudiandae qui non eveniet qu','','Cummeratatown','Dolores enim qui.',406551,'Магистр','ES',57,'Мужской','Стажировка','Удаленная работа','Есть личный автомобиль',5),(39,'Eos sed et magnam blanditiis natus harum maxi','','Lake Thomasbury','Ut doloremque maxime.',325505,'Незаконченное высшее','IT',48,'Не имеет значения','Полная занятость','Гибкий график','Есть личный автомобиль',18),(40,'Temporibus vero sunt ipsa qui eligendi dolore','Другое','South Johnson','Rerum ab.',401703,'Доктор наук','RU',67,'Не имеет значения','Волонтерство','Полный день','Есть личный автомобиль',2),(41,'Id eos deserunt qui dignissimos et consequatu','','Delphachester','Nobis quasi.',275564,'Средне-специальное','US',31,'Мужской','Частичная занятость','Вахтовый метод','Есть личный автомобиль',9),(42,'Doloribus voluptatibus inventore fugiat conse','','Janyside','Itaque dolorum quibusdam.',415229,'Магистр','ES',53,'Не имеет значения','Волонтерство','Полный день','Есть личный автомобиль',18),(43,'Nisi eum consequuntur tempore quia eos unde e','','Clayton','Nihil ab.',88543,'Магистр','FR',21,'Мужской','Стажировка','Полный день','Нет личного автомобиля',16),(44,'Totam quia explicabo esse est quia nihil veni','Маркетинг','New Era','Occaecati et enim.',483113,'Средне-специальное','US',20,'Мужской','Стажировка','Удаленная работа','Нет личного автомобиля',20),(45,'Dolorum voluptas culpa provident molestias su','','Elwintown','Et et.',277231,'Бакалавр','GB',35,'Мужской','Волонтерство','Полный день','Есть личный автомобиль',19),(46,'Aut sequi nihil vitae eveniet porro dolor nec','','West Mylene','Magnam tempore.',441581,'Кандидат наук','GB',37,'Не имеет значения','Полная занятость','Полный день','Есть личный автомобиль',7),(47,'Perferendis optio voluptatem itaque labore to','Другое','Thomasstad','Molestiae ex.',68879,'Средне-специальное','IT',33,'Не имеет значения','Проектная работа/разовое задание','Сменный график','Есть личный автомобиль',16),(48,'Iusto dolorum cupiditate itaque rem unde quia','','Port Lue','Ex vel rerum.',146583,'Магистр','RU',59,'Не имеет значения','Полная занятость','Гибкий график','Есть личный автомобиль',13),(49,'Voluptas dignissimos optio aperiam est sit er','','East Travon','Nam est.',123062,'Доктор наук','CA',53,'Женский','Волонтерство','Вахтовый метод','Нет личного автомобиля',2),(50,'Accusamus sed eum vero enim est iste ad.','Продажи','North Jammie','A aut.',314887,'Средне-специальное','ES',74,'Женский','Полная занятость','Удаленная работа','Есть личный автомобиль',15),(51,'Aliquid doloremque culpa quae aut aut aut fac','','Mertieview','Quod reiciendis quisquam.',107160,'Не имеет значение','GB',35,'Не имеет значения','Волонтерство','Гибкий график','Есть личный автомобиль',17),(52,'Non dolorum minima quia veritatis modi maxime','','Andersonside','Voluptatum delectus perferendis.',441748,'Доктор наук','ES',44,'Не имеет значения','Полная занятость','Полный день','Нет личного автомобиля',2),(53,'Molestiae doloremque quis sed ipsa aut rerum ','','East Ora','Ipsa est.',260496,'Среднее','CN',71,'Мужской','Проектная работа/разовое задание','Сменный график','Нет личного автомобиля',1),(54,'Excepturi iusto reiciendis voluptas possimus ','Маркетинг','East Federico','Doloribus culpa itaque.',316008,'Магистр','FR',62,'Мужской','Стажировка','Полный день','Есть личный автомобиль',5),(55,'Labore placeat ut repellendus voluptas blandi','Маркетинг','Lake Bobbie','Delectus eum.',354940,'Средне-специальное','IN',23,'Не имеет значения','Проектная работа/разовое задание','Вахтовый метод','Есть личный автомобиль',6),(56,'Voluptatem id quasi maiores dolore et minima ','','Vallieville','Hic et.',478650,'Незаконченное высшее','DE',19,'Не имеет значения','Полная занятость','Удаленная работа','Нет личного автомобиля',18),(57,'Eius provident et ipsum ipsam quo in id.','Маркетинг','Xzavierstad','Qui aut sequi.',397358,'Кандидат наук','IT',75,'Женский','Полная занятость','Полный день','Нет личного автомобиля',19),(58,'Laborum culpa consequatur sequi similique min','Другое','Ornberg','Temporibus doloremque itaque.',219696,'Кандидат наук','RU',45,'Мужской','Проектная работа/разовое задание','Полный день','Нет личного автомобиля',15),(59,'Provident consequatur molestiae eveniet quo q','','West Madeline','Nostrum consequuntur rerum.',352096,'Магистр','PT',69,'Мужской','Полная занятость','Гибкий график','Есть личный автомобиль',12),(60,'Voluptatem repellendus laborum aut quod fuga ','Другое','East Dwighthaven','Et quia.',208731,'Не имеет значение','GB',50,'Мужской','Стажировка','Полный день','Нет личного автомобиля',5),(61,'Eos et saepe est et et voluptas consectetur m','Продажи','Ayanastad','Ullam eos.',306712,'Доктор наук','IT',41,'Мужской','Частичная занятость','Сменный график','Нет личного автомобиля',17),(62,'Eos perspiciatis nulla rem repellat aperiam d','','East Riley','Occaecati animi.',178657,'Кандидат наук','US',38,'Не имеет значения','Волонтерство','Гибкий график','Есть личный автомобиль',11),(63,'Eum animi deserunt sunt rem enim sed aspernat','','Glenland','Est necessitatibus.',254471,'Доктор наук','US',20,'Женский','Полная занятость','Гибкий график','Нет личного автомобиля',18),(64,'Aut neque officia debitis tempore occaecati s','','Bernadineview','Iste est minima.',16607,'Кандидат наук','CA',28,'Мужской','Волонтерство','Удаленная работа','Есть личный автомобиль',5),(65,'Ab tempore facere magni fugit itaque consequa','Продажи','Haleyview','Explicabo et.',173249,'Кандидат наук','IN',35,'Не имеет значения','Частичная занятость','Гибкий график','Есть личный автомобиль',17),(66,'Quidem dolor pariatur pariatur reiciendis qua','Продажи','Lake Leraburgh','Recusandae et.',471857,'Среднее','US',38,'Мужской','Стажировка','Сменный график','Нет личного автомобиля',3),(67,'Dolores voluptatem reiciendis rerum nihil et ','','Port Charleyfurt','Eveniet fugit.',253338,'Не имеет значение','ES',19,'Мужской','Волонтерство','Гибкий график','Есть личный автомобиль',17),(68,'Qui sint voluptatem suscipit voluptatem est n','','Garfieldfort','Vero sint porro.',246568,'Среднее','IN',74,'Женский','Проектная работа/разовое задание','Полный день','Есть личный автомобиль',7),(69,'Quia facilis dolor deserunt dolores quos amet','','West Jules','Cum adipisci officiis.',327554,'Магистр','MX',30,'Не имеет значения','Полная занятость','Удаленная работа','Есть личный автомобиль',8),(70,'Sunt exercitationem veniam id modi atque debi','','East Yasmeen','Ut voluptas.',104381,'Бакалавр','RU',28,'Мужской','Полная занятость','Удаленная работа','Нет личного автомобиля',15),(71,'Commodi optio doloremque rem aliquam est vita','','Melbafort','Illum corrupti harum.',312792,'Доктор наук','MX',55,'Мужской','Проектная работа/разовое задание','Вахтовый метод','Есть личный автомобиль',9),(72,'Cum rem quos quos architecto perferendis accu','','Raynorbury','Ipsa magnam sunt.',477623,'Высшее','IT',37,'Женский','Полная занятость','Вахтовый метод','Есть личный автомобиль',16),(73,'Officiis dolore quia nemo inventore sequi ver','','Littelfurt','Et eum.',274501,'Магистр','IN',45,'Мужской','Стажировка','Сменный график','Нет личного автомобиля',13),(74,'Numquam omnis nulla reprehenderit labore corr','Маркетинг','Walshville','Id laudantium et.',14035,'Доктор наук','US',38,'Не имеет значения','Волонтерство','Гибкий график','Есть личный автомобиль',5),(75,'Accusamus aliquam praesentium qui facere haru','','East Vicenta','Provident nihil molestias.',68003,'Кандидат наук','DE',33,'Не имеет значения','Стажировка','Сменный график','Есть личный автомобиль',16),(76,'Consequatur voluptatem veniam aut ullam delec','','Zettafurt','Minima est.',452473,'Высшее','RU',43,'Мужской','Волонтерство','Гибкий график','Нет личного автомобиля',12),(77,'Qui nulla suscipit omnis facere libero expedi','','Lake Doyleburgh','Ratione nulla.',4220,'Незаконченное высшее','CN',57,'Женский','Полная занятость','Сменный график','Есть личный автомобиль',11),(78,'Pariatur velit minima quidem enim ipsum recus','Маркетинг','North Kaceychester','Assumenda quidem sint.',207034,'Кандидат наук','FR',39,'Мужской','Частичная занятость','Гибкий график','Нет личного автомобиля',12),(79,'Itaque cumque tenetur omnis minus cum non.','','Port Isabelle','Id itaque.',468814,'Кандидат наук','CA',32,'Женский','Частичная занятость','Вахтовый метод','Есть личный автомобиль',5),(80,'Est dolor dicta cupiditate saepe voluptatum q','Продажи','Marianbury','Perferendis velit.',78183,'Магистр','CN',33,'Мужской','Частичная занятость','Гибкий график','Есть личный автомобиль',13),(81,'Et explicabo consequatur rerum odit commodi c','','Vandervortberg','Reprehenderit consectetur fuga.',449414,'Не имеет значение','IN',66,'Женский','Полная занятость','Полный день','Нет личного автомобиля',6),(82,'Autem eveniet provident commodi error exceptu','Маркетинг','Karltown','In nam.',181877,'Магистр','US',51,'Женский','Частичная занятость','Гибкий график','Есть личный автомобиль',1),(83,'Ducimus consequatur placeat amet culpa esse i','','Felipaborough','Perspiciatis culpa.',348981,'Высшее','FR',29,'Не имеет значения','Проектная работа/разовое задание','Полный день','Есть личный автомобиль',15),(84,'Error repellendus occaecati nesciunt reiciend','','Eichmannfort','Ratione itaque.',344870,'Незаконченное высшее','CA',26,'Женский','Частичная занятость','Удаленная работа','Есть личный автомобиль',7),(85,'Ut ducimus fugit dolore nemo beatae consequat','','Kathrynehaven','Qui veniam.',102118,'Бакалавр','IE',32,'Не имеет значения','Волонтерство','Гибкий график','Нет личного автомобиля',6),(86,'Facilis est fuga occaecati doloribus animi es','','West Zola','Cum provident.',80032,'Незаконченное высшее','GB',68,'Женский','Проектная работа/разовое задание','Вахтовый метод','Есть личный автомобиль',20),(87,'Dolores voluptatem voluptas debitis non fugia','','Abshiremouth','Alias odit.',262224,'Магистр','FR',54,'Не имеет значения','Волонтерство','Сменный график','Нет личного автомобиля',5),(88,'Autem a consequatur illum aut aperiam ipsa ip','','South Lera','Aut autem.',27557,'Кандидат наук','GB',23,'Не имеет значения','Полная занятость','Гибкий график','Нет личного автомобиля',5),(89,'Labore aut autem ipsum deleniti quia eum.','','New Reeceland','Dignissimos rerum consequatur.',263566,'Доктор наук','FR',44,'Не имеет значения','Стажировка','Гибкий график','Есть личный автомобиль',15),(90,'Quia consequatur eos maiores nobis est suscip','','Lucindaport','Sed nihil inventore.',165319,'Бакалавр','IN',54,'Мужской','Проектная работа/разовое задание','Гибкий график','Нет личного автомобиля',16),(91,'Rerum est accusantium quam optio voluptatem a','Продажи','New Justicemouth','Officia quae.',205761,'Доктор наук','GB',66,'Не имеет значения','Частичная занятость','Гибкий график','Нет личного автомобиля',10),(92,'Quisquam qui reiciendis similique unde ab et ','','Keithton','Debitis quibusdam reprehenderit.',91106,'Незаконченное высшее','DE',55,'Не имеет значения','Стажировка','Полный день','Есть личный автомобиль',12),(93,'Dolor nulla distinctio minus sunt alias quo n','','West Ariannatown','Ipsum iste.',339136,'Кандидат наук','GB',60,'Мужской','Волонтерство','Вахтовый метод','Есть личный автомобиль',7),(94,'Sunt autem quia nobis eum eum quia vero ducim','','Beierport','Soluta modi.',73369,'Среднее','IE',30,'Не имеет значения','Проектная работа/разовое задание','Полный день','Нет личного автомобиля',8),(95,'Qui id ut iste iusto quis est et beatae et od','','Jastshire','Et illum.',91304,'Кандидат наук','IT',27,'Не имеет значения','Проектная работа/разовое задание','Удаленная работа','Есть личный автомобиль',16),(96,'Quia voluptatum quae nobis aut cupiditate quo','Продажи','Zelmachester','Doloribus est.',376119,'Бакалавр','CA',68,'Женский','Частичная занятость','Полный день','Нет личного автомобиля',3),(97,'Sequi quia adipisci earum qui blanditiis quid','Продажи','Port Charlene','Qui culpa tempore.',52277,'Не имеет значение','IE',34,'Женский','Проектная работа/разовое задание','Гибкий график','Нет личного автомобиля',11),(98,'Dolor excepturi tempore labore officia et vol','','North Greysonland','Rerum tempore inventore.',120144,'Среднее','FR',47,'Мужской','Проектная работа/разовое задание','Гибкий график','Есть личный автомобиль',13),(99,'Autem rerum ducimus assumenda in in accusanti','','West Kieranhaven','Cum quod nesciunt.',479719,'Среднее','IN',57,'Не имеет значения','Проектная работа/разовое задание','Гибкий график','Нет личного автомобиля',10),(100,'Aut nam dolores sed amet voluptate corporis v','Маркетинг','Spencerville','Modi tempora.',397324,'Не имеет значение','US',69,'Не имеет значения','Волонтерство','Гибкий график','Нет личного автомобиля',18);
/*!40000 ALTER TABLE `resume_search` ENABLE KEYS */;
UNLOCK TABLES;

--
-- Table structure for table `skills`
--

DROP TABLE IF EXISTS `skills`;
/*!40101 SET @saved_cs_client     = @@character_set_client */;
/*!40101 SET character_set_client = utf8 */;
CREATE TABLE `skills` (
  `id_skills` int(11) NOT NULL AUTO_INCREMENT,
  `skills_name` varchar(245) COLLATE utf8mb4_unicode_ci NOT NULL,
  `skills_specializations` varchar(245) COLLATE utf8mb4_unicode_ci NOT NULL,
  `vacancy_id_vacancy` int(11) NOT NULL,
  PRIMARY KEY (`id_skills`),
  KEY `fk_skills_vacancy1_idx` (`vacancy_id_vacancy`),
  CONSTRAINT `fk_skills_vacancy1` FOREIGN KEY (`vacancy_id_vacancy`) REFERENCES `vacancy` (`id_vacancy`) ON DELETE NO ACTION ON UPDATE NO ACTION
) ENGINE=InnoDB AUTO_INCREMENT=301 DEFAULT CHARSET=utf8mb4 COLLATE=utf8mb4_unicode_ci;
/*!40101 SET character_set_client = @saved_cs_client */;

--
-- Dumping data for table `skills`
--

LOCK TABLES `skills` WRITE;
/*!40000 ALTER TABLE `skills` DISABLE KEYS */;
INSERT INTO `skills` VALUES (201,'at','Государственная служба',77),(202,'aut','Транспорт',77),(203,'enim','Банки',39),(204,'quia','Производство',87),(205,'voluptates','Автомобильный бизнес',32),(206,'cupiditate','Информационные технологии',90),(207,'et',' Фармацевтика',10),(208,'et','Наука',34),(209,'corporis','Юристы',62),(210,'dolorum','Бухгалтерия',28),(211,'nisi','Маркетинг',96),(212,'perferendis','Бухгалтерия',10),(213,'eaque','Страхование',5),(214,'officiis','Государственная служба',44),(215,'aut','Продажи',82),(216,'illo','Наука',69),(217,'quibusdam','Недвижимость',82),(218,'nam',' Фармацевтика',61),(219,'dolores','Юристы',40),(220,'magnam','Автомобильный бизнес',15),(221,'totam',' Фармацевтика',86),(222,'beatae','Административный персонал',37),(223,'sit','Автомобильный бизнес',86),(224,'adipisci',' Образование',42),(225,'ipsum','Информационные технологии',25),(226,'nisi','Транспорт',7),(227,'et','Производство',17),(228,'sequi','Государственная служба',61),(229,'qui','Административный персонал',88),(230,'aut',' Фармацевтика',38),(231,'id','Страхование',64),(232,'voluptatem','Закупки',96),(233,'quas','Транспорт',36),(234,'iste','Строительство',34),(235,'accusantium','Автомобильный бизнес',42),(236,'et','Маркетинг',36),(237,'delectus','Высший менеджмент',58),(238,'harum','Информационные технологии',92),(239,'unde','Производство',92),(240,'fugit','Наука',7),(241,'occaecati','Безопасность',48),(242,'minus','Закупки',38),(243,'aut','Юристы',57),(244,'deserunt','Наука',53),(245,'harum','Бухгалтерия',15),(246,'in','Страхование',13),(247,'non','Юристы',79),(248,'dolores','Медицина',37),(249,'minima','Маркетинг',91),(250,'ullam','Недвижимость',45),(251,'tenetur','Закупки',8),(252,'facere','Бухгалтерия',25),(253,'animi','Наука',68),(254,'voluptas','Закупки',81),(255,'quis','Строительство',20),(256,'voluptatem',' Фармацевтика',42),(257,'ex','Производство',28),(258,'atque','Закупки',4),(259,'minima','Банки',7),(260,'vel','Юристы',11),(261,'sed','Административный персонал',37),(262,'exercitationem','Маркетинг',4),(263,'consectetur',' Фармацевтика',56),(264,'sit','Консультирование',34),(265,'et','Маркетинг',97),(266,'sunt','Недвижимость',69),(267,'omnis','Юристы',52),(268,'exercitationem','Транспорт',92),(269,'numquam','Бухгалтерия',37),(270,'autem','Государственная служба',3),(271,'reprehenderit','Банки',31),(272,'nostrum','Строительство',97),(273,'consectetur','Автомобильный бизнес',66),(274,'quaerat','Строительство',88),(275,'dolore','Транспорт',17),(276,'perferendis','Управление персоналом',90),(277,'praesentium','Высший менеджмент',28),(278,'molestias','Юристы',75),(279,'ut','Наука',46),(280,'non','Бухгалтерия',26),(281,'rem','Производство',77),(282,'voluptatem','Продажи',24),(283,'vel','Административный персонал',61),(284,'labore','Высший менеджмент',43),(285,'at','Юристы',37),(286,'eos','Высший менеджмент',64),(287,'illum',' Образование',26),(288,'nostrum','Страхование',58),(289,'tempore','Информационные технологии',26),(290,'asperiores',' Фармацевтика',18),(291,'ipsa','Наука',3),(292,'aliquam','Строительство',6),(293,'accusantium',' Фармацевтика',91),(294,'quo','Информационные технологии',96),(295,'eligendi','Страхование',58),(296,'vitae','Маркетинг',42),(297,'ipsa','Недвижимость',48),(298,'velit','Недвижимость',45),(299,'omnis',' Образование',91),(300,'saepe','Страхование',9);
/*!40000 ALTER TABLE `skills` ENABLE KEYS */;
UNLOCK TABLES;

--
-- Table structure for table `vacancy`
--

DROP TABLE IF EXISTS `vacancy`;
/*!40101 SET @saved_cs_client     = @@character_set_client */;
/*!40101 SET character_set_client = utf8 */;
CREATE TABLE `vacancy` (
  `id_vacancy` int(11) NOT NULL AUTO_INCREMENT,
  `vacancy_name` varchar(45) COLLATE utf8mb4_unicode_ci NOT NULL,
  `vacancy_description` varchar(245) COLLATE utf8mb4_unicode_ci NOT NULL,
  `vacancy_key_skills` varchar(145) COLLATE utf8mb4_unicode_ci NOT NULL,
  `vacancy_schedule` enum('Полный день','Сменный график','Гибкий график','Удаленная работа','Вахтовый метод') COLLATE utf8mb4_unicode_ci NOT NULL,
  `vacancy_experience` enum('Нет опыта','От 1 года до 3 лет','От 3 до 6 лет','Более 6 лет') COLLATE utf8mb4_unicode_ci NOT NULL,
  `vacancy_address` varchar(145) COLLATE utf8mb4_unicode_ci NOT NULL,
  `vacancy_employment` enum('Полная занятость','Частичная занятость','Проектная работа/разовое задание','Волонтерство','Стажировка') COLLATE utf8mb4_unicode_ci NOT NULL,
  `vacancy_salary` bigint(20) DEFAULT NULL,
  `vacancy_area` varchar(145) COLLATE utf8mb4_unicode_ci NOT NULL,
  `vacancy_created_at` datetime NOT NULL DEFAULT current_timestamp(),
  `vacancy_published_at` datetime NOT NULL DEFAULT current_timestamp(),
  `vacancy_specialization` enum('Информационные технологии, интернет, телеком','Маркетинг','Продажи','Строительство, недвижимость','Медицина, фармацевтика','Другое') COLLATE utf8mb4_unicode_ci NOT NULL,
  `vacancy_contacts` bigint(20) NOT NULL,
  `hr_users_hr_id` int(10) unsigned NOT NULL,
  PRIMARY KEY (`id_vacancy`),
  KEY `fk_vacancy_hr_users1_idx` (`hr_users_hr_id`),
  CONSTRAINT `fk_vacancy_hr_users1` FOREIGN KEY (`hr_users_hr_id`) REFERENCES `hr_users` (`hr_id`) ON DELETE NO ACTION ON UPDATE NO ACTION
) ENGINE=InnoDB AUTO_INCREMENT=101 DEFAULT CHARSET=utf8mb4 COLLATE=utf8mb4_unicode_ci;
/*!40101 SET character_set_client = @saved_cs_client */;

--
-- Dumping data for table `vacancy`
--

LOCK TABLES `vacancy` WRITE;
/*!40000 ALTER TABLE `vacancy` DISABLE KEYS */;
INSERT INTO `vacancy` VALUES (1,'Non pariatur sequi et nihil necessitatibus la','Veniam earum dolorem dolorum commodi voluptas consequatur rerum. Atque cum in ad perspiciatis sint est. Ut quos placeat ut sunt aut omnis dolorem. Error sed nihil omnis sint.','Quisquam in dolor ut pariatur qui voluptatem.','Вахтовый метод','От 1 года до 3 лет','56957 Keeling Glens\nNorth Beryl, OH 25222-4395','Волонтерство',482627,'Gutmannport','1998-01-30 18:28:21','2008-01-14 05:18:18','',79705227079,10),(2,'Id dolorem nobis laborum odio.','Ad porro fugit sit quia dolor quam. Eos dolores doloribus qui totam sed. Ullam maxime non odit quia vitae ut. Laborum quia dolorem quam voluptatem reiciendis qui alias.','Dolore numquam ab cum omnis mollitia voluptas.','Удаленная работа','От 1 года до 3 лет','846 Witting Bypass\nStokeston, MS 23666-3891','Стажировка',219420,'North Hillardbury','1991-03-09 13:11:16','2009-04-08 02:32:11','Маркетинг',79459935573,20),(3,'Et quae eaque qui.','Est unde voluptatem illo quia aut et nam dolor. Atque quo qui et. Deleniti eligendi praesentium sint omnis.','Eos sapiente maxime qui dolores sit delectus.','Полный день','Более 6 лет','185 Percival Bypass Suite 787\nDandreshire, PA 39464-1062','Волонтерство',36205,'Mikaylaside','1984-01-02 02:52:10','1992-06-23 06:43:16','',79036946338,10),(4,'Iste voluptatem porro recusandae temporibus e','Eaque voluptatem impedit et quasi. Repellat veritatis magni vitae dolores corporis minus est. Aliquid architecto eos voluptates beatae et necessitatibus.','Qui cumque dolorum consequatur est sunt aliquid cum corrupti debitis.','Гибкий график','Нет опыта','8802 Carroll Club\nLake Emmaleemouth, ME 55229','Волонтерство',418093,'Kemmerland','2016-11-23 10:01:13','2005-10-24 22:25:02','',79665209343,14),(5,'Ea atque soluta repellat.','Quasi et odio est est excepturi. Voluptatem provident explicabo asperiores voluptate. Ullam aut laborum fugit porro sit sit accusamus odit.','Nemo tempora dicta blanditiis repudiandae voluptas architecto qui.','Вахтовый метод','От 1 года до 3 лет','0768 Greta Ridges Apt. 599\nBlockchester, AZ 43381','Частичная занятость',497550,'Veumstad','2011-01-21 03:08:22','1993-03-12 19:30:58','',79146505706,11),(6,'Nam doloremque id assumenda.','Voluptas nisi vel perferendis quibusdam. Ipsa placeat reiciendis sit sed consequatur et. Aperiam qui esse blanditiis assumenda non. Molestiae et quia omnis velit.','Nam ducimus corrupti qui repudiandae laborum nesciunt ipsum ipsum autem molestiae.','Гибкий график','От 3 до 6 лет','770 Roberts Summit Suite 155\nEast Desmondfurt, NV 37305-8526','Проектная работа/разовое задание',442660,'Okeystad','1995-06-11 07:12:44','1994-05-12 19:49:15','',79104211450,6),(7,'Unde ut facere adipisci cum.','Nisi itaque non ut esse non. Aut dolorem quibusdam ea dolor vel nostrum unde voluptatum. Suscipit asperiores adipisci perferendis velit ducimus praesentium. Aut inventore qui commodi error natus.','Voluptatem sint error illum voluptatem fugit eveniet vitae quam rerum atque libero modi.','Полный день','Нет опыта','036 Schmidt Lock\nCorwinberg, DC 08017','Стажировка',164215,'Josueshire','1974-09-15 17:28:18','1982-06-03 15:55:39','',79825755620,12),(8,'Quod quas sed est et aut et.','Qui dolorem consectetur aliquid nihil ipsa aut. Nam libero tenetur nobis qui vero accusamus et. Quo illum qui natus error repellendus cupiditate.','Repudiandae et esse laborum earum veritatis quia vero ullam.','Вахтовый метод','Более 6 лет','7139 Wava Ports Suite 075\nLake Wilmer, OH 78769','Частичная занятость',13842,'Schustermouth','1971-11-05 12:26:03','1973-07-25 20:49:30','',79327956975,12),(9,'Facilis perferendis sit et quasi incidunt ex.','Soluta assumenda ut rerum optio ut beatae. Dolor omnis commodi pariatur commodi eveniet in. Vero et et eos et ut.','Repudiandae ipsa in in sint voluptatem iste repudiandae magnam temporibus labore dolorum ipsum voluptates.','Гибкий график','От 3 до 6 лет','80725 Isabella Stream\nEast Assunta, LA 24008-2658','Проектная работа/разовое задание',239081,'Colinfort','2004-05-14 11:11:40','2002-09-13 23:15:50','',79825783880,2),(10,'Molestiae provident nihil aspernatur.','Quod consequatur nulla quasi repellat illum explicabo voluptatibus reiciendis. Aut unde modi occaecati eum quia iusto expedita laboriosam.','Magni temporibus debitis atque laudantium officia est ipsa vitae.','Сменный график','Нет опыта','791 Kariane Pine\nSchmittview, RI 11835','Стажировка',466504,'East Hillard','2015-05-06 21:29:30','2019-12-01 04:23:01','',79842461717,5),(11,'Et est ea ipsa.','Accusantium enim officiis ipsa necessitatibus nihil quo. Nostrum voluptas incidunt et et libero. Sed eum enim eligendi est qui. Qui earum aut adipisci quia.','Consequatur in dignissimos molestiae mollitia excepturi nulla porro impedit corrupti commodi et nam qui.','Удаленная работа','От 3 до 6 лет','51531 Sharon Views\nPort Jarrett, ID 64345','Частичная занятость',292734,'New Lilian','1985-04-10 23:29:35','2019-02-19 14:24:34','Маркетинг',79210562529,11),(12,'Tempore non at rerum aut nihil.','Tempore sed unde eius dolorem. Dolore aperiam tenetur ad nam unde. Voluptatibus consectetur quas sed dolor inventore.','Est aut dolore quia exercitationem cupiditate cupiditate excepturi natus iste quia.','Сменный график','Более 6 лет','95240 Kenyatta Orchard\nElishire, SC 64637','Частичная занятость',337966,'Beierview','1991-06-21 07:48:10','1997-02-04 10:24:32','',79596080458,17),(13,'Ipsam et non harum.','Modi impedit aut tempora. Ipsam porro beatae ut ut. Facilis accusamus odio quos alias. Aut iure et rerum deleniti molestiae. Tempore optio quis voluptate eligendi corporis.','Magni illum quo ipsa consequatur ad rerum minus sed.','Гибкий график','От 3 до 6 лет','70744 Dejuan Lights\nBlockland, AR 93884','Полная занятость',135057,'Reubenfurt','1971-06-09 04:01:37','1986-12-02 05:21:23','',79385499808,1),(14,'Odit qui quia voluptatem esse sapiente.','Repudiandae fugit voluptates rerum at sunt fugiat omnis non. Molestiae nesciunt fugiat dolorem. Eligendi dolor asperiores occaecati aut.','Quam quia exercitationem qui beatae atque dolores voluptatum vel est pariatur.','Сменный график','От 3 до 6 лет','2713 Rae Summit\nSouth Tanyashire, MO 02163-5218','Стажировка',271058,'West Jedidiah','1979-03-03 05:27:00','2007-11-17 02:10:44','',79958834695,6),(15,'Voluptatum sequi consequatur sed inventore ne','Et soluta autem accusantium perspiciatis sit pariatur neque. Blanditiis rerum rerum cupiditate vel.','Necessitatibus maiores et qui in aliquam ratione qui maxime natus tenetur dolores.','Сменный график','От 3 до 6 лет','60392 Lindgren Mews\nWest Amalia, GA 27676','Частичная занятость',482945,'East Casimer','2020-08-04 20:43:45','1977-05-05 22:01:56','',79927092108,15),(16,'Aliquid doloremque aut rerum nihil ea quis.','Est pariatur nisi mollitia perferendis ducimus. Ipsam ipsa quam quia nisi veniam occaecati. Ut quas et cupiditate esse vel veritatis saepe. Minus impedit et delectus est.','Id culpa hic eos error ea debitis ut iure dignissimos sunt et.','Гибкий график','От 1 года до 3 лет','8090 Kovacek Loaf Suite 371\nSarinaburgh, NJ 96387-1986','Частичная занятость',344668,'West Heaven','1978-04-27 05:42:33','1999-12-12 12:36:26','',79209181177,13),(17,'Molestiae occaecati quae voluptatum.','Excepturi non qui ad eius. Ut autem dolor velit laboriosam. Explicabo non explicabo mollitia voluptatem.','Placeat expedita minima qui excepturi quia ex voluptatum fugit qui et eos aut.','Полный день','От 1 года до 3 лет','696 Durgan Drives Suite 768\nSouth Clemmiemouth, SD 31419-7619','Стажировка',412737,'Marlonview','1987-05-29 22:19:41','2017-11-09 08:43:01','Продажи',79118246935,6),(18,'Voluptatum et inventore facilis.','Rem rerum nesciunt a non aut numquam possimus ea. Voluptate distinctio sit illum quis id. Quo debitis esse est rerum ullam id labore est.','Delectus laborum eos sequi velit ducimus eius consectetur quia consequatur.','Удаленная работа','Более 6 лет','628 Schneider Spring Suite 381\nNew Theresia, SD 13662-7845','Частичная занятость',353684,'North Zoe','2003-01-03 17:06:57','2006-05-19 18:35:37','',79188783920,20),(19,'Sint fugit corporis ratione error libero.','Cum corporis maxime et id harum. Facilis sint eos recusandae quia quia quaerat maiores id.','Facilis quasi non quisquam voluptas sit vel dolores et sequi magnam et suscipit.','Вахтовый метод','От 3 до 6 лет','695 Brakus Walks Suite 612\nUllrichton, OH 81659','Проектная работа/разовое задание',84035,'North Zetta','1996-04-22 20:19:42','2004-02-27 03:24:07','Маркетинг',79414453806,10),(20,'Aut esse exercitationem quis est rem.','Esse qui veritatis veniam eaque minima. Asperiores id fugit perspiciatis mollitia. Quis labore libero animi pariatur amet quia similique.','Maxime corrupti a possimus vero mollitia voluptates facilis id quia aut ut.','Гибкий график','От 1 года до 3 лет','21761 Maynard Pine Apt. 978\nNew Casimer, KY 15742-8126','Проектная работа/разовое задание',492781,'East Carmelo','2003-02-04 06:37:21','1990-04-25 23:13:18','',79571068785,6),(21,'Ullam eius voluptate nisi dolorem labore quis','Culpa architecto libero eos incidunt ut culpa. Sapiente id ex atque. Sapiente animi est facere iusto.','Quod accusantium molestiae tenetur aspernatur debitis incidunt omnis laborum ea repudiandae.','Вахтовый метод','Нет опыта','2536 Ryley Knolls Suite 248\nFeltonport, DC 70613-4957','Проектная работа/разовое задание',476510,'Deronburgh','1983-12-14 23:03:25','1971-09-08 22:36:56','',79324789558,10),(22,'Laboriosam ut illum et consectetur sunt.','Et maxime nemo consequatur quia provident quis nam possimus. Quia rerum in asperiores eum qui. Corrupti autem consequatur sequi sint.','Autem impedit similique necessitatibus fugiat voluptatem dolor nulla officia ut eligendi in rerum quod.','Полный день','Нет опыта','57137 Alanna Crescent Apt. 604\nWest Amelia, AR 83649','Частичная занятость',361746,'Cloydmouth','2019-07-25 09:32:45','1993-10-02 12:22:48','',79967348080,15),(23,'Quia ut dolore consequatur.','Dolorem quidem aspernatur aliquid rerum optio quis et quo. Consequatur sit consequatur ab est est odit nisi. Ut quidem ipsam tempora voluptas repellat.','Eveniet qui et repellat nesciunt id et saepe unde dolores cumque quo.','Вахтовый метод','Нет опыта','4918 Demario Fords Apt. 345\nPurdyland, WA 29651','Частичная занятость',105327,'Barrowsbury','1992-04-24 02:39:02','1980-10-29 19:01:50','Продажи',79094618865,5),(24,'Pariatur alias optio quis at esse.','Voluptatem cum rerum voluptatem quo sed aut. Soluta voluptate expedita facilis. Asperiores sunt minus ad eos eos nihil. Eius enim est nihil porro est. Culpa natus quia dolor occaecati magnam eum.','Quisquam magnam tenetur officiis est est veritatis voluptas molestiae molestias at temporibus.','Удаленная работа','От 3 до 6 лет','61827 Towne Mill Apt. 302\nEast Trent, VT 65941-6014','Волонтерство',374568,'Ondrickabury','2004-05-25 17:16:09','2003-05-14 12:59:10','',79979860450,1),(25,'Ea impedit rerum vitae voluptas consequatur v','Consequuntur suscipit dolores ducimus. Debitis et quidem nisi ipsam tempore itaque suscipit. Iste incidunt voluptatem in placeat. Modi harum rerum qui suscipit voluptatibus facilis.','Quia quae autem vel molestias hic qui optio et aut ipsum culpa.','Сменный график','Более 6 лет','949 Reichel Corners\nNew Sammiechester, CT 45377-2462','Стажировка',44941,'South Nichole','1979-01-16 02:51:56','2000-09-21 22:21:55','Продажи',79793911009,6),(26,'Debitis et culpa laborum officia voluptatibus','Voluptas ex quia nemo. Omnis ut rem quisquam at quaerat. Facere consectetur maxime et possimus optio voluptates debitis velit.\nSequi suscipit ut est. Recusandae itaque eius odio reprehenderit ut.','Cum sapiente maxime explicabo aut optio consequatur blanditiis incidunt ex.','Вахтовый метод','Более 6 лет','31923 Winifred Burg\nStromanchester, AL 53927','Стажировка',52352,'South Earlinefurt','2005-03-24 22:19:29','1970-05-21 02:23:33','',79924877910,9),(27,'Velit et nesciunt temporibus.','Laudantium porro voluptas nesciunt illo consequatur. Optio officia laboriosam accusantium nostrum distinctio asperiores repellat. Deserunt rerum tempora nesciunt molestiae aut a nulla suscipit.','Modi hic aliquam animi quia facere voluptas vero sit consequuntur consectetur hic ut et.','Вахтовый метод','От 3 до 6 лет','88550 Leannon River Suite 010\nHaagburgh, MO 17453-5181','Частичная занятость',205765,'Lake Jordyn','2014-02-07 01:20:45','2005-08-18 12:47:20','Другое',79605009983,2),(28,'Fugit natus incidunt voluptatum non rem dolor','Minima aperiam consequatur vel est ut voluptate maxime. Quidem aut dolorem itaque quae natus. Itaque voluptas laudantium nostrum similique. Ab ut ipsam dolor natus ipsa nihil quia.','Necessitatibus possimus ipsa qui explicabo autem sint repellendus doloribus ipsam.','Сменный график','Более 6 лет','2925 Ullrich Pass\nAminatown, NJ 35917','Стажировка',109501,'New Creola','1975-11-26 15:09:16','1971-08-18 01:28:40','',79665915698,7),(29,'Iste repellat nobis quisquam ut corporis.','Eveniet sit corrupti ea iure reiciendis consequatur expedita. Sequi voluptatum autem est illum consequatur cupiditate. Omnis labore consectetur quia modi consequatur dolorum sed.','Fugiat dicta dolores eius maxime natus qui tenetur laborum nisi suscipit adipisci laudantium eum.','Удаленная работа','Нет опыта','70633 Oleta Summit Apt. 862\nConroyland, FL 15114','Проектная работа/разовое задание',275533,'Lake Maximillianfort','1991-08-25 01:43:24','1985-09-28 11:58:27','',79523041933,14),(30,'Facilis nostrum at voluptas esse fugit.','Non veniam natus quia inventore. Totam corporis temporibus blanditiis temporibus accusamus est. Est maxime alias voluptatem et.','Molestias veniam magnam nisi quibusdam maiores sed a in corrupti dolorum est.','Гибкий график','Более 6 лет','09107 Dahlia Lodge\nEmardtown, DE 16151-5253','Волонтерство',343853,'Adrainhaven','1998-07-04 19:20:43','1989-06-27 10:01:08','Другое',79417489161,10),(31,'Quis eligendi voluptatibus atque.','Maxime aut aut culpa molestiae praesentium ad. Placeat vel odio molestias excepturi temporibus rerum perspiciatis repellat. Assumenda qui eum vel asperiores quis aut.','Fuga eos ab iste assumenda facere incidunt sed voluptatem est non alias.','Вахтовый метод','Нет опыта','693 Levi Squares Suite 215\nBoyleberg, OK 81992','Волонтерство',270348,'Amaliaborough','2008-10-30 15:56:28','2003-03-15 22:59:30','',79745401781,19),(32,'Tenetur illo distinctio voluptatum aut dolore','Assumenda rerum voluptates accusamus consectetur ex dolores sed. Labore animi vero sint aut porro voluptatem. Optio ad hic harum aut.','Nulla tenetur vel ipsam rerum voluptatibus et earum qui quis quia in.','Гибкий график','Нет опыта','29583 Schaefer Shoal Suite 874\nChristopheton, HI 50622-4844','Волонтерство',478227,'O\'Kontown','2015-10-22 23:23:23','2013-11-29 10:53:01','',79792463025,4),(33,'Earum explicabo rem et sequi.','Non quasi rerum tenetur doloribus atque. Officiis distinctio et ipsam qui. Vel dolor odit aut consequatur. Libero maxime culpa rerum.','Non doloribus ducimus harum quam voluptatibus libero hic qui voluptatem.','Сменный график','От 3 до 6 лет','69844 Joanie Fields Suite 287\nVolkmantown, ID 41838','Полная занятость',296667,'Baumbachburgh','1974-02-08 00:29:07','2014-10-08 05:15:19','',79509208565,10),(34,'Et aut dignissimos sequi voluptate.','Ex repellendus rerum voluptatibus itaque sapiente. Omnis est quia qui odio temporibus sapiente et beatae. Et repellat suscipit nesciunt consequuntur.','Illum quia voluptate qui suscipit magnam assumenda et nulla impedit necessitatibus praesentium.','Сменный график','Более 6 лет','89481 Makayla Drive\nOlaport, MN 13347-1288','Волонтерство',454025,'East Lamontmouth','2005-11-26 14:10:12','1993-07-21 18:17:28','',79841997785,8),(35,'Fugit ad magnam et vel omnis eos.','Placeat cum et quis provident suscipit consectetur provident. Quas et esse voluptatem. In modi deserunt harum eos quo veniam.','Accusantium neque nihil deserunt repellendus cum perspiciatis provident dolores.','Удаленная работа','Более 6 лет','00093 Ludie Trace Apt. 841\nPort Ryannchester, MO 35393-1389','Стажировка',481383,'Port Constance','1996-08-20 22:47:17','1975-05-21 03:32:30','',79106453728,17),(36,'Sit et reprehenderit odio quis neque aut.','Nemo consequatur dolorum enim similique officia. Aut est dolores omnis rerum aut. Ipsa possimus eos qui dicta ipsa. Nihil rem est quas nam.','Praesentium atque architecto reprehenderit temporibus odio alias voluptate et quod.','Гибкий график','От 3 до 6 лет','0347 Doyle Land\nPort Wyman, ID 39533-9839','Проектная работа/разовое задание',229791,'Odieshire','2000-02-12 14:54:47','2015-08-21 09:17:47','',79178841481,20),(37,'Quo et eligendi reprehenderit dolore fuga quo','Ea aut commodi facere quod ut non corporis. Ut quia omnis qui sit sed quis. Incidunt quaerat placeat sequi dolores et consectetur.','Delectus natus architecto et similique ad pariatur quo qui exercitationem dolores qui at.','Удаленная работа','От 1 года до 3 лет','9913 Jake Curve\nLake Helena, AR 40829','Частичная занятость',273754,'East Michel','1977-09-23 15:25:31','1979-04-06 09:48:31','',79589466184,13),(38,'Eius ex velit possimus debitis dolorem qui.','A eos est et ab accusamus ut sint officiis. Numquam eaque in officia dolore in autem nisi. Eum sint fuga reprehenderit. Voluptatem officia dignissimos iusto voluptates qui temporibus.','Occaecati at ut tempora distinctio eum assumenda omnis dolorem nostrum quis voluptatem eos.','Удаленная работа','От 1 года до 3 лет','519 Alexzander Crest\nMichaelaville, AL 82129','Полная занятость',432044,'Lake Bridgetteshire','1980-05-13 18:54:06','1971-09-21 14:26:53','',79526789759,9),(39,'Eos voluptatem excepturi asperiores.','Eum ipsum aut praesentium quisquam qui nihil. Qui ex quia debitis facilis quia aliquid neque. Et aspernatur neque eveniet enim impedit quam qui. Sint est impedit sequi voluptas accusantium.','Consequatur quam ea voluptatibus totam ratione reprehenderit omnis eius non harum vitae rem quas.','Гибкий график','От 3 до 6 лет','30619 Brakus Grove\nWest Greg, AK 78378-9759','Полная занятость',155894,'Katelynnport','2013-07-06 01:37:16','2016-06-16 09:26:56','Продажи',79294485566,11),(40,'Eum nihil eaque accusamus.','Et sequi voluptatem aut consequatur qui beatae occaecati. Culpa veritatis fugit libero a non eligendi. Commodi dignissimos rerum quibusdam dolores nulla eum in.','Omnis ex ut debitis qui consectetur ex eum.','Вахтовый метод','Нет опыта','7900 Feest Islands\nBashirianfurt, NH 47585-8631','Стажировка',483336,'Curtstad','2018-12-12 11:30:35','1994-01-03 11:44:31','',79329442335,15),(41,'Ut pariatur dolorum consequatur.','Aliquam qui adipisci dolorem et est. Sed quo qui nemo exercitationem maiores libero eligendi quo. Incidunt aut et laboriosam itaque nisi incidunt eum.','Magni et ratione est vel ut in ipsa placeat dolorum totam.','Полный день','От 3 до 6 лет','2965 Ubaldo Fords Suite 231\nNew Selenaborough, NH 19839-1700','Проектная работа/разовое задание',336722,'Predovicstad','1994-05-04 19:22:38','1970-02-08 09:09:26','',79673962514,14),(42,'Et ea molestiae maxime non.','Atque est aut delectus harum nihil aut. Suscipit aut quidem totam. Ut enim odio et sed eum sit.','Quia a praesentium magnam quidem voluptatem voluptas.','Сменный график','Нет опыта','49916 Roob Cliffs Suite 288\nRodriguezmouth, UT 74265','Частичная занятость',247348,'Jonathonville','1998-04-17 11:42:08','1984-07-22 19:42:32','',79104094893,1),(43,'Omnis commodi quia est quae ad autem.','A assumenda dolore consequatur maiores delectus. Maiores saepe dolorem ipsum debitis consequatur. At libero ad et nemo. Qui temporibus earum sunt a rerum.','Nemo rerum non voluptatum aliquid doloribus in eos itaque.','Вахтовый метод','Нет опыта','0304 Delphia Divide\nTillmanberg, ND 55909-6255','Волонтерство',403260,'North Aurore','2015-10-31 13:15:49','2002-08-16 12:50:35','',79296239797,11),(44,'Necessitatibus cum fuga voluptates et quod au','Commodi ut distinctio dolorem error. Architecto mollitia qui totam delectus id autem possimus. Quibusdam omnis inventore nihil laborum quis nesciunt.','Quos ex rerum qui ex quasi beatae delectus.','Полный день','Более 6 лет','81467 Durgan Station\nWest Carmelafort, TN 12858','Частичная занятость',416238,'Johnsland','1988-01-20 03:25:59','2019-11-21 06:32:55','Другое',79292032528,15),(45,'Vel ea odit incidunt quidem unde.','Minima voluptatem ut sint eligendi ea quam. Numquam dolorem aut dignissimos possimus. Quia excepturi dolore nemo laboriosam commodi vel sit.','Deserunt aliquam dolore necessitatibus culpa deleniti id repellat.','Удаленная работа','От 1 года до 3 лет','356 Feeney Course\nNorth Kyliehaven, MT 39671-1873','Стажировка',403807,'Sonyamouth','1995-07-06 13:54:06','2003-10-28 14:03:26','',79223226817,7),(46,'Alias consequatur animi sed doloribus illum c','Cumque laudantium consequuntur rerum voluptatem sit in enim molestiae. Temporibus totam est voluptas ut. Repellat voluptatem culpa ut quia.','Architecto ab accusantium suscipit minus iusto aliquam tempora qui voluptas dolores et eum.','Удаленная работа','От 3 до 6 лет','8597 Thompson Falls Apt. 455\nMarvinview, AR 23883','Проектная работа/разовое задание',131773,'West Dora','2009-06-14 07:23:52','1997-02-10 16:00:49','',79370117594,6),(47,'Deleniti architecto vitae error recusandae po','Est sequi consequatur animi repellendus est. Dolores nisi voluptatum et quia. Quo cumque unde vel voluptas deserunt voluptatem delectus.','Rem molestiae aliquid dolorem et accusamus molestiae aut ipsam sit et.','Удаленная работа','От 1 года до 3 лет','661 Bauch Parkways Apt. 590\nSchmelerfort, NH 92509','Стажировка',254234,'Herzogfort','1978-03-15 22:46:01','1980-12-28 09:47:10','',79915426982,8),(48,'Nostrum perspiciatis vel dignissimos eaque cu','In ad dolore molestiae repudiandae est consequuntur aut. Quia fugiat dolore recusandae magni quia voluptas ad. Qui et vitae consequatur eum.','Dolorum sunt sapiente impedit quibusdam ab possimus.','Полный день','Более 6 лет','09681 Simonis Centers Apt. 215\nJamarville, MS 09882-3672','Частичная занятость',305041,'North Jaylin','2020-10-10 21:13:42','2005-04-28 05:59:25','',79268197486,13),(49,'Sequi dolorem quas qui commodi dolorem quae.','Sint vitae ipsam quaerat qui aut fugiat. Labore nam tempore et doloremque. Laudantium consequatur eum ex natus.','Sequi praesentium et minima voluptas minus deleniti adipisci iste.','Сменный график','Более 6 лет','391 Gayle Crossing\nWest Kayleemouth, MN 97049','Полная занятость',233782,'Goodwinshire','1992-07-28 18:56:00','1979-11-11 17:45:50','',79867654115,6),(50,'Id nam voluptas explicabo doloremque sit iure','Ab quia amet error ipsum maiores magnam voluptates. Non saepe dignissimos sit sequi qui alias. Explicabo mollitia debitis expedita et qui adipisci provident qui. Ea perspiciatis veniam nostrum.','Eveniet cum alias voluptatum hic quae corporis at id explicabo.','Вахтовый метод','Более 6 лет','672 Harber Station Apt. 547\nPort Kenna, TN 10252-7266','Проектная работа/разовое задание',434075,'New Robb','1999-09-13 07:34:49','1980-12-04 04:02:58','',79289305007,17),(51,'Ut maiores quas aut dolor.','Debitis debitis minima qui accusantium porro unde dolores. Eius nihil quis ratione dolor delectus sint quae culpa. Enim in earum accusantium voluptate ut.','Natus magni velit repudiandae omnis qui ea aut ratione expedita in soluta.','Вахтовый метод','Нет опыта','450 Harmony Union Apt. 077\nNew Athena, ME 58337','Проектная работа/разовое задание',26337,'New Samara','2005-11-03 10:06:37','1991-07-28 16:03:37','',79306762241,18),(52,'Culpa aut exercitationem minima incidunt accu','At amet accusamus sit nihil ratione dolorem est. Aut est voluptatem non sit. Commodi in facilis enim rerum vel.','Adipisci et aliquid fugiat odit voluptas et temporibus quasi quod ab sunt.','Вахтовый метод','От 3 до 6 лет','399 Rowe Gateway\nNew Anya, DE 50170-7967','Проектная работа/разовое задание',323570,'Port Yadiraville','1984-06-14 19:42:57','2010-05-28 22:25:11','',79915428307,16),(53,'Aliquam amet eaque dicta id omnis.','Fugiat eum a quo eius. Deserunt ad aut repellendus. Sint minus quos cum quod quos molestiae nisi. Sit et rerum perferendis perspiciatis dolores officiis expedita.','Eligendi mollitia ratione aperiam praesentium quisquam cumque ut et reprehenderit deserunt.','Вахтовый метод','Нет опыта','437 Javon Island\nEugenemouth, IL 84939-1220','Частичная занятость',37491,'Kleinborough','2007-02-28 15:06:29','1974-04-21 23:32:30','Продажи',79110181150,11),(54,'Aut perferendis impedit distinctio dolor nisi','Optio in sit provident. Excepturi molestias aut dolorem doloribus odit ab accusantium. Dolorem sed illo quia incidunt libero nihil ut quibusdam. Sed est ullam sint nulla.','Nam aut architecto dolorum minus voluptas officia eum rerum sed animi.','Сменный график','От 1 года до 3 лет','4747 Ottis Parks\nVeumberg, TN 42879','Проектная работа/разовое задание',23151,'Kaliside','1971-05-08 00:49:05','1980-06-15 14:39:36','',79717259051,3),(55,'Facere voluptas qui fuga.','Ipsum qui placeat ea suscipit minima ut. Dolorum rerum recusandae perferendis nemo eos. Possimus praesentium aliquid expedita laboriosam qui. Sint accusantium nulla est qui et.','Sunt quasi enim et vero dolorum aut facilis.','Удаленная работа','От 3 до 6 лет','2134 Satterfield Ways\nEast Oswaldmouth, DC 14693-6816','Проектная работа/разовое задание',495435,'West Marco','1972-10-08 17:48:25','2000-02-07 02:54:09','',79633718871,16),(56,'Omnis reiciendis dolore minus.','Rerum possimus odio molestiae ex. Ad rem tempore et nobis non et. Quos non harum dolor. Ut necessitatibus voluptatem voluptatem repellat omnis cupiditate.','Ad iste qui quis adipisci est eos odit vitae voluptatem est praesentium deserunt.','Сменный график','От 3 до 6 лет','341 Cierra Roads\nCordeliahaven, KS 85311-0838','Стажировка',314466,'Port Rhiannatown','1991-03-16 13:58:31','1972-07-17 12:08:35','',79726276107,17),(57,'In eligendi quia aliquam ullam distinctio vol','Non non et quia. Sint et ipsam modi dolores accusamus laboriosam eligendi. Nisi recusandae similique quibusdam officiis.','Explicabo aut aspernatur et cupiditate soluta et.','Вахтовый метод','Нет опыта','167 Hagenes Fields\nNew Kennethtown, VA 21456','Частичная занятость',212616,'Steuberland','1998-10-15 03:22:43','2000-01-02 16:19:18','',79305754373,11),(58,'Quo voluptatem iusto autem facere error persp','Quis odit sunt distinctio sunt qui dolores accusantium. Officia fuga sint fuga voluptatem. Veritatis sunt nam dolor aliquam molestiae eos.','Saepe quibusdam quisquam quidem accusamus quo earum sit eius commodi nostrum illo.','Полный день','Более 6 лет','83834 Ruecker Lights Suite 698\nWest Nelsland, LA 01170','Полная занятость',263525,'Nakiahaven','1999-05-17 22:12:13','1993-01-17 03:27:58','Другое',79206678006,18),(59,'Magni et aspernatur nemo aut ab molestias.','Quo voluptates perspiciatis accusamus qui voluptatibus est. Explicabo illum velit a cum iure. Quis ut quam esse libero adipisci velit. Id praesentium dolor voluptatem quo minus non voluptatibus.','Maxime tempore voluptas laudantium ducimus blanditiis animi alias consequuntur illo asperiores et et.','Гибкий график','От 3 до 6 лет','248 Gerard Freeway Apt. 239\nRainaview, HI 72204','Волонтерство',112220,'Theresiachester','1986-03-06 18:39:25','2014-09-28 05:39:15','Другое',79274854667,3),(60,'Sed quibusdam dolor doloremque recusandae quo','In veritatis earum quia repellendus magnam quas numquam. Adipisci eos cupiditate quasi consequatur. Molestiae sunt molestiae voluptatem deleniti laudantium iste nulla. Sit enim sunt libero qui et.','Officia soluta animi ducimus quam quas debitis distinctio quia rem.','Полный день','От 1 года до 3 лет','7895 Jessica Mall\nWaltonmouth, NC 21518','Частичная занятость',103304,'Aleneshire','2016-10-02 08:47:06','2010-07-17 00:57:46','',79472839557,5),(61,'Neque reiciendis beatae molestiae quas est om','Numquam ea eum laudantium incidunt libero. Quo deleniti repellat aliquid laboriosam. Eligendi dolor sit aliquid eius cupiditate error.','Aperiam enim esse sapiente aliquam laboriosam nobis aliquam.','Вахтовый метод','От 1 года до 3 лет','69307 Farrell Cliffs Suite 022\nLake Demetriusburgh, AK 55635-8192','Волонтерство',239857,'Bartville','1974-12-03 22:05:17','1986-07-19 10:28:49','',79494763717,7),(62,'Ad doloremque dolores quisquam molestias est.','Earum sapiente eum itaque deleniti. Illum ut praesentium velit sunt accusantium. Et voluptatem aut mollitia sit sit corporis itaque vel.','Omnis eos hic impedit quod perferendis repellendus assumenda nihil.','Полный день','От 3 до 6 лет','77865 Murray Expressway\nNorth Clotilde, KY 42452-5553','Волонтерство',150714,'Cummingsfort','2015-06-30 01:25:05','2010-11-16 14:28:54','',79479326686,2),(63,'Laudantium consequatur magni necessitatibus e','Ea dicta fugit aspernatur iusto. Ab dolorem inventore dolor eaque voluptas aut et quidem. Veritatis aut autem fugiat quia. Ut earum fuga nihil aperiam quas.','Atque fugit minus vero cumque est doloribus qui est animi ipsam.','Сменный график','От 1 года до 3 лет','480 Mitchell Meadows Apt. 853\nWest Joshuahchester, OH 39189','Проектная работа/разовое задание',344886,'Loniebury','1987-05-13 00:36:14','1972-09-03 05:45:00','',79373111510,8),(64,'Numquam at sed et omnis quia quia.','Rem enim excepturi blanditiis repudiandae aliquid quia cupiditate. Error aut quis est nemo nostrum accusantium dolor. Et molestiae et nihil exercitationem. Dolorum quaerat qui aperiam autem.','Eaque reiciendis eligendi iste voluptate magnam ut ad praesentium impedit.','Полный день','От 3 до 6 лет','35011 Stiedemann Cove Apt. 432\nNew Haven, IL 12796-6253','Стажировка',82811,'Greenfelderville','1972-02-02 13:03:03','1986-05-11 04:28:12','',79672838491,16),(65,'Nam modi harum veniam similique soluta.','Magni ducimus quis omnis omnis dicta consequuntur ut. Et rerum et est id in quis autem. Possimus assumenda eos facere nobis et tempora ut. Et voluptates itaque autem culpa in et est.','Reiciendis consequuntur repellat perspiciatis aut sit quod at eveniet voluptates vel aut aut minus.','Гибкий график','От 1 года до 3 лет','51159 Ledner Station\nWuckertport, CT 79299','Частичная занятость',96266,'Kesslerberg','1978-08-09 17:34:18','1996-07-05 19:59:35','Маркетинг',79937082036,9),(66,'Dolorem sunt vitae vitae maxime et sed.','Ipsam vitae sunt beatae. Culpa officiis voluptates repellendus dolorem necessitatibus impedit est. Aut magni ullam nisi quae alias aliquam.','Labore quibusdam est magni velit hic ut nesciunt saepe.','Удаленная работа','От 3 до 6 лет','46066 Renee Haven Suite 770\nLake Matt, CO 43615-2763','Проектная работа/разовое задание',58358,'Farrellside','2001-05-09 21:27:16','1980-11-22 01:56:05','Маркетинг',79942722574,5),(67,'Perferendis ut quisquam dolore earum.','Sapiente sequi quo quaerat. Voluptates fuga sunt delectus reiciendis. Officia voluptatum aut optio ipsa aut pariatur animi. Dolores officia dolorem est facilis.','Totam sed illum provident molestiae nihil consequatur veniam.','Вахтовый метод','Более 6 лет','8434 Mraz Locks Apt. 419\nWest Kolby, IA 26646-4255','Стажировка',246732,'Lake Groverberg','1988-02-20 18:35:45','1990-01-22 16:40:42','Другое',79643407760,16),(68,'Aliquid eum sapiente minus et.','Quaerat qui laudantium dolor ut doloremque quas. Inventore ipsum consequuntur porro nihil ea. Corrupti architecto sunt voluptatem quia pariatur. Odit itaque consequatur at aut exercitationem id quod.','Itaque quisquam neque maxime quis architecto sequi doloremque voluptas esse ut reiciendis sed.','Сменный график','От 1 года до 3 лет','7319 Ullrich Manors\nLeviborough, NE 17988','Волонтерство',468731,'North Glennietown','1990-10-29 19:37:41','2002-02-01 23:05:50','',79575655359,2),(69,'Consequatur et culpa sunt nemo harum.','Esse assumenda cum eos consequatur omnis optio incidunt. Officia ipsum ut quas cumque. Asperiores dignissimos eius sed culpa odit voluptate. Sed et iure quod.','Quibusdam laboriosam voluptatibus nostrum mollitia qui est enim molestiae nam et numquam non.','Удаленная работа','От 3 до 6 лет','329 Kihn Path\nParisianchester, WV 58615','Полная занятость',252912,'Kellenburgh','1990-09-08 08:09:51','2017-07-15 22:42:29','',79609239921,14),(70,'Inventore tempore molestiae eum qui quam quib','Animi ipsa excepturi neque tempora. Quas doloremque pariatur a autem nam. Eligendi accusamus dolorum atque magnam. Nulla animi debitis ipsa ab blanditiis esse itaque.','Architecto non consequuntur officia consectetur officia unde dolorem voluptates omnis fugiat occaecati.','Вахтовый метод','От 3 до 6 лет','941 Mitchell Islands Suite 065\nSimonisview, RI 89451-3178','Полная занятость',239073,'Parkermouth','2004-04-15 05:31:20','2010-10-12 20:21:00','',79465965751,6),(71,'Totam fugit suscipit vel.','Distinctio architecto velit ut dolore. Ut molestiae sequi quae non fuga. Aspernatur non cum id enim voluptas dignissimos et. Vero quaerat corrupti beatae explicabo vel voluptatem impedit.','Sunt earum cumque dolorum non perspiciatis doloribus animi qui dolor.','Удаленная работа','От 3 до 6 лет','74700 Skyla Stream Apt. 673\nDwightfort, NM 08414','Частичная занятость',296852,'Murrayview','1973-01-16 18:10:32','2005-03-29 20:33:31','',79536546732,16),(72,'Illum et quis corporis et.','Officiis vitae voluptate mollitia sint perspiciatis unde. Earum sint minima dolorum harum rerum amet ut. Deleniti nemo ratione occaecati dolores ipsa repellendus.','Ullam libero occaecati illo sint eveniet rerum laborum itaque blanditiis illo veritatis.','Сменный график','Более 6 лет','7845 Maxine Course\nPort Nathaniel, NH 20216','Частичная занятость',215340,'Conradbury','2017-12-27 14:59:14','1988-06-17 00:50:44','',79986435680,8),(73,'Sint nihil sapiente sint mollitia aut a.','Aspernatur rem sed ducimus velit sed. Sint autem velit qui beatae molestiae ut. At alias rem qui non.','Iste rerum sequi tempora quos saepe vel.','Вахтовый метод','Нет опыта','4315 Stefanie Falls\nNorth Mara, OH 49101-5810','Частичная занятость',132512,'South Janickbury','1984-11-04 17:05:23','1991-06-13 19:27:38','',79074142404,7),(74,'Voluptatem in vel consequatur.','Pariatur eum sed commodi enim voluptatem ut error. Numquam repudiandae consectetur molestias at quod odit. Consequatur libero quasi vero et ut in soluta.','Maxime et reiciendis et velit consectetur molestias ipsum porro velit animi.','Удаленная работа','Более 6 лет','26230 Xander Locks\nHaroldport, NH 90756-8905','Волонтерство',224787,'Port Octavia','1972-09-21 15:17:39','1971-03-12 01:03:50','Продажи',79366647867,7),(75,'Veritatis veritatis explicabo omnis.','Molestiae incidunt totam et et eos aut nobis. Qui sit vel corporis laboriosam vel ullam expedita. Unde delectus sint dolore. Molestiae et quasi culpa dolores.','Pariatur dolorem et amet cum laboriosam soluta explicabo sit quaerat ratione magni voluptas expedita.','Удаленная работа','Нет опыта','36699 Heidenreich Highway\nSouth Nia, NM 34511','Стажировка',188225,'Alverashire','2009-01-22 02:35:17','1989-12-07 16:03:07','',79411121573,2),(76,'Deleniti at aliquam voluptatibus.','Velit omnis aut aut similique optio officiis sint ea. Quae nisi minima dolores dolorem autem dolor. Quia veritatis soluta sint est. Vel et consectetur qui sunt in dicta.','Error ut possimus quo odio harum est.','Сменный график','От 1 года до 3 лет','53737 Brakus Drive\nCortezmouth, WV 64938','Волонтерство',203513,'East Ethelynview','1978-08-03 03:24:27','2002-05-19 09:44:17','',79036303645,14),(77,'Laborum omnis eaque voluptatem ratione ut omn','Aut molestiae hic ducimus voluptates numquam commodi. Voluptas quas iusto sit impedit. Qui nihil consequatur hic tempora porro a.','Consequatur incidunt et sunt saepe quod mollitia ut.','Полный день','От 1 года до 3 лет','652 Pouros Ways\nHirtheshire, KS 11718-2887','Проектная работа/разовое задание',44568,'West Ashleymouth','1988-04-30 06:21:42','2020-07-14 19:41:49','',79957090679,13),(78,'Debitis non dicta et dolores asperiores vel.','Atque et et voluptas iure pariatur. Ab consequatur et saepe qui totam deserunt. Voluptatibus eum molestiae quia dolorum. Omnis eveniet nobis aliquid aut impedit velit quos aut.','Laudantium non cupiditate deleniti quia fuga tenetur sit.','Удаленная работа','От 1 года до 3 лет','05877 Donald Mountains Suite 990\nAlfredville, UT 94151-4658','Стажировка',297336,'South Randiton','2009-08-11 17:43:57','2002-02-09 03:06:48','',79376592115,9),(79,'Eligendi ipsa cumque ut sapiente dolores quia','Esse id a dolores enim officia rerum suscipit. Ad quidem laboriosam libero odit voluptatem ad dolore. Necessitatibus quibusdam beatae omnis eligendi et.','Nihil quia perspiciatis esse officia delectus non eveniet aut fuga earum.','Гибкий график','От 3 до 6 лет','58141 Kutch Shoals\nMurphybury, UT 83868','Стажировка',184547,'East Elwinland','1987-07-09 04:06:44','1988-06-13 19:32:20','',79610508373,7),(80,'Explicabo iure et rem sint quibusdam neque.','Aliquam deserunt ut quia et. Et voluptas optio mollitia vero corporis dolores et. Quibusdam id quas id est tempora eveniet nisi. Quibusdam voluptatem dolorem rerum consequatur.','Ut a soluta in corrupti aut esse pariatur quia.','Вахтовый метод','От 1 года до 3 лет','051 Elvis Dale Suite 679\nCristview, CO 04482','Волонтерство',308572,'East Brain','1970-08-15 23:18:45','2019-12-11 14:10:46','',79706424891,18),(81,'Et numquam recusandae molestiae dicta nobis h','Nihil quae blanditiis aut velit. Qui culpa ea reprehenderit dignissimos enim id veniam aut. Dolores consequatur iure libero. Consectetur nulla ea eum illum tempore pariatur debitis officia.','Dolore sit quas officia tenetur ut voluptate officia iure qui qui ut dolore ex.','Сменный график','От 3 до 6 лет','001 Thora Crossroad Suite 035\nKuphalberg, MA 41949','Частичная занятость',265524,'Felipebury','1979-07-07 00:18:48','1998-12-23 10:10:24','',79971101465,6),(82,'Reprehenderit ut porro esse occaecati.','Sapiente occaecati magnam cupiditate atque tempora repellendus saepe. Quia soluta aut quasi consequatur ipsam sed dolorem sit. Id est animi earum. Fuga occaecati voluptas sequi corrupti laborum.','Qui reiciendis sapiente unde dolore tempora autem et aut eum.','Полный день','Нет опыта','67984 Billy Lake\nDavisport, LA 04732','Полная занятость',96117,'North Danny','1992-09-26 23:43:01','1991-05-15 17:06:35','',79629061704,5),(83,'Necessitatibus et vel aliquid sed.','Maxime eius ut nostrum accusamus assumenda repudiandae aliquid aut. Est est facere repellat rerum est cupiditate.','Id doloribus et blanditiis ut placeat esse aut veniam.','Полный день','Нет опыта','56563 Sierra Turnpike\nHodkiewiczchester, NJ 75868-3805','Полная занятость',413878,'Dannieshire','2002-09-29 00:51:01','1990-11-24 14:26:21','',79963609473,14),(84,'Nam a quia ab vero quasi consequuntur.','Molestiae tempore ipsam delectus dignissimos alias nemo et. Et debitis dolore harum eius doloremque optio harum. Dolor sit consequatur possimus. Est sit dolorem sint nobis in iusto.','Aspernatur non accusantium aliquid nihil voluptas quo illo et excepturi odit reiciendis.','Сменный график','Нет опыта','6285 Montana Pines\nWest Dashawnville, PA 05887-0235','Полная занятость',11067,'South Juliusville','1988-08-26 10:19:23','2000-03-22 00:54:09','',79131666400,17),(85,'Tempore dolor quae culpa nostrum quas.','Voluptatibus accusamus molestiae dolorem sint. Tempore molestias occaecati nesciunt cumque. Voluptas exercitationem est eius aperiam id nam.','Sed amet sit nihil eius magnam doloribus magni ad ut et aliquid.','Полный день','От 1 года до 3 лет','573 Hackett Camp\nWest Aleen, KS 72014-3431','Проектная работа/разовое задание',429891,'New Cruz','1993-06-07 04:42:55','2003-04-27 22:14:17','',79396287776,7),(86,'Ipsam provident aspernatur saepe accusantium.','Et odit eius consequuntur doloremque. Eum est sint consequatur placeat est autem fugit. Cupiditate sed iste quia incidunt dolor sunt. Nihil sed officiis vero iusto.','Distinctio aut non explicabo aut molestiae quaerat corporis quasi quia.','Вахтовый метод','Более 6 лет','79683 Orland Drive\nJaysonburgh, CT 35861-1013','Частичная занятость',205436,'Lake Maryside','2021-03-18 22:11:11','2019-09-05 03:24:53','',79673100064,9),(87,'Eaque magnam ab ipsa qui non dolores.','Sunt voluptas perspiciatis et consequatur earum commodi voluptas aut. Eum optio quis nostrum tenetur reprehenderit. Ipsam qui nihil tempora accusamus.','Incidunt est ipsa reprehenderit magnam molestiae non totam qui officia.','Полный день','От 3 до 6 лет','9280 Maddison River Suite 376\nPort Kayleighmouth, IA 29643-0325','Стажировка',227129,'Ritchietown','2017-10-14 01:26:12','1990-03-10 11:25:01','',79201481460,13),(88,'Debitis tenetur soluta repellendus.','Qui vero illo voluptatibus itaque repellat quo quia. In dolor ea temporibus aspernatur. Exercitationem in rerum consequatur dolores. Et neque ratione quos aut doloribus optio.','Veniam vel nobis provident molestias incidunt ut.','Вахтовый метод','Более 6 лет','71359 Aglae Port Suite 590\nVivianneshire, MA 87736-2975','Стажировка',90279,'Quitzonville','1998-12-18 11:26:12','2013-09-14 15:29:55','',79195595819,17),(89,'Aliquid optio quod et.','Reprehenderit quae dignissimos et beatae molestias. Corrupti omnis ullam quia natus beatae officiis. Animi molestias in aperiam esse. Accusamus beatae eos et delectus.','Eos et velit voluptatibus tempora illum fuga voluptatem.','Удаленная работа','От 1 года до 3 лет','828 Hane Mountain\nDickistad, MO 85382','Частичная занятость',431411,'Lake Arnoldomouth','2001-05-21 04:34:38','1999-07-16 11:23:37','',79058137401,7),(90,'Architecto consequatur enim nam odio.','Porro soluta doloremque corporis cupiditate. Placeat dolorem tempore et tempora. Accusamus labore ad expedita iusto. Sapiente neque dolorum alias sunt corrupti error corrupti occaecati.','Consectetur et a et atque ut voluptates itaque sed veritatis voluptatem minus doloribus aut.','Сменный график','От 3 до 6 лет','7972 Gleason Road\nJonesville, MI 68875-4344','Волонтерство',99427,'Zboncakside','1973-02-20 09:59:46','1988-10-18 13:13:03','',79167893297,16),(91,'Quam mollitia quo dolorem illum.','Est explicabo est quisquam aut minima. Molestiae in et harum nam. Aut eos laudantium sit et.\nNon ad delectus in aut sed fugit atque nam. Totam dolorem in modi facere provident.','Ut beatae quibusdam a id et repellendus recusandae aut cumque.','Вахтовый метод','Нет опыта','06165 Purdy Square\nWest Malcolmview, IA 96866','Волонтерство',68201,'East Brandi','2008-09-01 16:34:48','1974-02-25 15:07:37','Другое',79456338200,2),(92,'Enim dolores possimus eos natus.','Aut cum animi vel nostrum eaque ut. Porro perferendis est esse quia cum esse. Consectetur et placeat enim nulla eius nesciunt culpa rerum.','Enim doloremque est consequatur delectus voluptatem officia dicta adipisci.','Полный день','От 1 года до 3 лет','3042 Gislason Lodge\nNorth Precious, ME 79177','Частичная занятость',267250,'Port Brendaport','1995-04-21 23:34:47','2002-01-10 22:27:22','',79298417811,13),(93,'Odio cumque fugiat sit ut maxime.','Soluta deleniti expedita similique qui. Animi asperiores enim a autem. Provident facere est tempore nesciunt nobis voluptatem. Alias quo atque autem.','Nam quia aut enim dolor cumque accusantium eligendi voluptatem odit impedit.','Полный день','Более 6 лет','130 Mervin Row Suite 781\nPort Tinastad, WY 74188','Проектная работа/разовое задание',277190,'South Broderickville','2013-06-05 05:17:13','2010-02-06 04:29:36','',79621392783,18),(94,'Eum saepe est sint inventore qui.','Voluptatum sed voluptas qui sit. Recusandae excepturi eos nobis voluptas occaecati impedit similique.','Qui totam porro culpa sit et eos et.','Удаленная работа','Нет опыта','07553 Petra Ports Suite 116\nPort Davidville, SC 12058-4724','Частичная занятость',247936,'New Destin','1991-11-26 16:37:40','2006-10-02 14:13:21','Продажи',79842912298,10),(95,'Aut numquam minus sed consequatur nihil.','Unde saepe atque facere blanditiis. Eum et quaerat sunt.','Quae expedita et optio repellat nesciunt optio explicabo beatae perspiciatis.','Полный день','От 1 года до 3 лет','3677 Daniel Turnpike\nAbbigailton, NE 67451-4096','Проектная работа/разовое задание',17300,'Framifort','2017-01-25 07:41:46','2012-01-18 01:18:36','Маркетинг',79204575886,9),(96,'Quia optio cupiditate et deleniti amet.','Ut non et ut sapiente vitae. Nesciunt ex nulla suscipit tempora ut alias qui voluptas. Nisi rerum amet aperiam.','Accusamus molestiae facilis dolores ut aut dolorum at accusamus veniam.','Вахтовый метод','Более 6 лет','128 Ruthie Burg\nNew Genovevaberg, WV 08884','Частичная занятость',466132,'North Liliana','1989-04-25 08:29:13','1999-01-13 18:59:52','',79657950485,7),(97,'Sint odio dolor magni quaerat dolores totam.','Fuga laboriosam magnam cumque similique nesciunt culpa ipsum. Veritatis optio porro dolores vel atque id. Eos porro eaque numquam eius.','Consequuntur esse sequi beatae nobis repellat dolor.','Полный день','От 3 до 6 лет','87028 Kadin Mission Suite 162\nNew Bettyefurt, SC 22189','Волонтерство',9034,'Port Demarcus','2007-10-23 12:08:27','2011-10-11 01:02:41','',79743475703,15),(98,'Error quam voluptatem aut sed.','Assumenda sit provident sequi doloribus explicabo asperiores. Rerum rerum autem dolor velit. Itaque et quibusdam voluptates eius quaerat optio ea.','Blanditiis dolor pariatur perspiciatis nobis aut dolorem magni eos autem labore.','Гибкий график','От 3 до 6 лет','352 Tracy Haven Apt. 967\nMadisenbury, KS 80745','Проектная работа/разовое задание',417088,'North Johnnychester','1978-01-22 04:49:14','2011-10-16 08:36:16','Маркетинг',79986737852,4),(99,'Doloremque atque ipsum aliquid exercitationem','Dolorem sunt nesciunt dicta maxime et aspernatur laudantium. Accusamus autem voluptas natus autem unde cum error. Quia saepe accusamus molestiae eum aperiam corporis sint quas.','Consectetur quasi eius sit est quasi eum voluptas laborum ipsum temporibus et voluptatem.','Полный день','Нет опыта','06789 Karlie Tunnel Apt. 755\nBraxtonhaven, UT 25795','Полная занятость',319596,'East Brianahaven','2010-04-01 05:04:46','2000-07-24 04:40:47','',79752263026,8),(100,'Quos est aperiam facilis minima.','Provident consequatur consequatur tempora numquam illum aut velit. Veritatis sint non ullam vero nemo perspiciatis. Quis ea in dolorem sint iusto.','Perferendis libero quasi et sed maiores provident.','Сменный график','Нет опыта','81095 Hansen Brook Suite 646\nKyleechester, ME 39812','Стажировка',32327,'Monroechester','2000-05-28 00:50:38','1988-03-07 20:21:50','',79644879447,9);
/*!40000 ALTER TABLE `vacancy` ENABLE KEYS */;
UNLOCK TABLES;
/*!40103 SET TIME_ZONE=@OLD_TIME_ZONE */;

/*!40101 SET SQL_MODE=@OLD_SQL_MODE */;
/*!40014 SET FOREIGN_KEY_CHECKS=@OLD_FOREIGN_KEY_CHECKS */;
/*!40014 SET UNIQUE_CHECKS=@OLD_UNIQUE_CHECKS */;
/*!40101 SET CHARACTER_SET_CLIENT=@OLD_CHARACTER_SET_CLIENT */;
/*!40101 SET CHARACTER_SET_RESULTS=@OLD_CHARACTER_SET_RESULTS */;
/*!40101 SET COLLATION_CONNECTION=@OLD_COLLATION_CONNECTION */;
/*!40111 SET SQL_NOTES=@OLD_SQL_NOTES */;

-- Dump completed on 2021-04-04 14:54:24
