-- MariaDB dump 10.17  Distrib 10.4.15-MariaDB, for Linux (x86_64)
--
-- Host: mysql.hostinger.ro    Database: u574849695_24
-- ------------------------------------------------------
-- Server version	10.4.15-MariaDB-cll-lve

/*!40101 SET @OLD_CHARACTER_SET_CLIENT=@@CHARACTER_SET_CLIENT */;
/*!40101 SET @OLD_CHARACTER_SET_RESULTS=@@CHARACTER_SET_RESULTS */;
/*!40101 SET @OLD_COLLATION_CONNECTION=@@COLLATION_CONNECTION */;
/*!40101 SET NAMES utf8mb4 */;
/*!40103 SET @OLD_TIME_ZONE=@@TIME_ZONE */;
/*!40103 SET TIME_ZONE='+00:00' */;
/*!40014 SET @OLD_UNIQUE_CHECKS=@@UNIQUE_CHECKS, UNIQUE_CHECKS=0 */;
/*!40014 SET @OLD_FOREIGN_KEY_CHECKS=@@FOREIGN_KEY_CHECKS, FOREIGN_KEY_CHECKS=0 */;
/*!40101 SET @OLD_SQL_MODE=@@SQL_MODE, SQL_MODE='NO_AUTO_VALUE_ON_ZERO' */;
/*!40111 SET @OLD_SQL_NOTES=@@SQL_NOTES, SQL_NOTES=0 */;

--
-- Table structure for table `communities`
--

DROP TABLE IF EXISTS `communities`;
/*!40101 SET @saved_cs_client     = @@character_set_client */;
/*!40101 SET character_set_client = utf8 */;
CREATE TABLE `communities` (
  `id` int(10) unsigned NOT NULL,
  `name` varchar(145) COLLATE utf8mb4_unicode_ci NOT NULL,
  `description` varchar(245) COLLATE utf8mb4_unicode_ci DEFAULT NULL,
  `admin_id` int(10) unsigned NOT NULL,
  PRIMARY KEY (`id`),
  KEY `fk_communities_users1_idx` (`admin_id`),
  CONSTRAINT `fk_communities_users1` FOREIGN KEY (`admin_id`) REFERENCES `users` (`id`)
) ENGINE=InnoDB DEFAULT CHARSET=utf8mb4 COLLATE=utf8mb4_unicode_ci;
/*!40101 SET character_set_client = @saved_cs_client */;

--
-- Dumping data for table `communities`
--

LOCK TABLES `communities` WRITE;
/*!40000 ALTER TABLE `communities` DISABLE KEYS */;
INSERT INTO `communities` VALUES (1,'commodi',NULL,83),(2,'expedita',NULL,48),(3,'qui',NULL,46),(4,'voluptates','Rerum quia autem quia eligendi.',9),(5,'debitis','Tempore unde nesciunt ut a.',75),(6,'dicta','Aut consequatur velit consequatur et numquam.',87),(7,'vel','Quod et atque vel provident ratione sequi et.',13),(8,'ad','Id nam atque quia veniam quo saepe labore.',68),(9,'sit','Autem id dolores ullam maiores.',4),(10,'quas',NULL,56);
/*!40000 ALTER TABLE `communities` ENABLE KEYS */;
UNLOCK TABLES;

--
-- Table structure for table `friend`
--

DROP TABLE IF EXISTS `friend`;
/*!40101 SET @saved_cs_client     = @@character_set_client */;
/*!40101 SET character_set_client = utf8 */;
CREATE TABLE `friend` (
  `from_users_id` int(10) unsigned NOT NULL,
  `to_users_id` int(10) unsigned NOT NULL,
  `status` tinyint(1) NOT NULL DEFAULT 0 COMMENT '-1 - отклонен\\n0 - запрос\\n1 - принят',
  `created_at` datetime NOT NULL DEFAULT current_timestamp(),
  `updated_at` datetime DEFAULT NULL,
  PRIMARY KEY (`from_users_id`,`to_users_id`),
  KEY `fk_friend_requests_users1_idx` (`from_users_id`),
  KEY `fk_friend_requests_users2_idx` (`to_users_id`),
  CONSTRAINT `fk_friend_requests_users1` FOREIGN KEY (`from_users_id`) REFERENCES `users` (`id`),
  CONSTRAINT `fk_friend_requests_users2` FOREIGN KEY (`to_users_id`) REFERENCES `users` (`id`)
) ENGINE=InnoDB DEFAULT CHARSET=utf8mb4 COLLATE=utf8mb4_unicode_ci;
/*!40101 SET character_set_client = @saved_cs_client */;

--
-- Dumping data for table `friend`
--

LOCK TABLES `friend` WRITE;
/*!40000 ALTER TABLE `friend` DISABLE KEYS */;
INSERT INTO `friend` VALUES (2,49,0,'1989-12-18 11:12:22','2002-02-14 16:14:55'),(3,12,0,'2005-09-03 08:54:16','1986-08-01 17:29:29'),(3,98,0,'2010-01-20 14:17:44','1997-04-13 15:26:35'),(5,62,0,'1991-12-03 01:36:51','2007-05-25 19:49:48'),(5,83,0,'0000-00-00 00:00:00','2017-10-11 22:30:45'),(7,37,0,'2017-10-10 17:41:14','1980-02-28 19:21:47'),(7,65,0,'1982-06-10 08:28:57','2009-02-07 02:35:22'),(8,30,0,'1982-07-24 13:31:50','2000-04-20 14:13:48'),(8,92,0,'2001-10-03 00:27:57','2014-03-14 00:45:39'),(13,48,0,'0000-00-00 00:00:00','2004-01-07 08:23:56'),(13,99,0,'0000-00-00 00:00:00','2012-05-05 09:20:37'),(15,36,0,'0000-00-00 00:00:00','2005-12-08 17:15:13'),(15,69,0,'0000-00-00 00:00:00','2004-07-21 05:13:55'),(17,65,0,'2018-09-11 07:12:03','1982-12-06 13:55:06'),(17,80,0,'0000-00-00 00:00:00','1980-08-21 17:02:09'),(18,12,0,'2006-09-08 07:40:57','2003-11-07 23:46:32'),(19,60,0,'0000-00-00 00:00:00','2020-07-08 00:16:11'),(19,62,0,'2012-01-20 05:25:25','2003-11-08 23:25:29'),(20,80,0,'0000-00-00 00:00:00','1980-08-16 02:43:02'),(21,45,0,'0000-00-00 00:00:00','1986-03-17 09:22:17'),(21,54,0,'1975-05-03 17:58:35','1985-09-17 18:17:19'),(21,59,0,'0000-00-00 00:00:00','2004-02-14 04:48:26'),(24,84,0,'1980-11-22 21:21:30','1974-10-12 00:19:50'),(25,45,0,'1985-03-20 05:45:19','1980-08-01 17:48:42'),(26,23,0,'0000-00-00 00:00:00','2002-12-25 11:06:08'),(27,41,0,'1973-10-12 17:47:58','1992-02-12 16:21:16'),(27,67,0,'2015-01-08 14:31:18','2006-06-19 00:29:05'),(28,100,0,'2017-05-19 07:13:32','2002-01-21 14:59:23'),(30,22,0,'1989-01-28 19:33:48','1981-05-15 06:19:56'),(30,51,0,'0000-00-00 00:00:00','2019-04-12 23:33:35'),(30,84,0,'0000-00-00 00:00:00','2020-06-12 06:31:55'),(33,12,0,'0000-00-00 00:00:00','2016-11-17 06:26:48'),(33,17,0,'0000-00-00 00:00:00','1983-11-03 20:26:13'),(33,64,0,'1993-05-10 06:43:21','1987-05-12 08:40:39'),(35,1,0,'0000-00-00 00:00:00','1972-07-07 04:31:32'),(37,38,0,'0000-00-00 00:00:00','1971-06-20 12:28:13'),(37,73,0,'2019-11-01 10:37:37','2007-04-29 22:24:08'),(38,72,0,'0000-00-00 00:00:00','1981-05-13 11:49:32'),(39,14,0,'2012-02-20 22:56:11','2010-10-02 20:06:08'),(39,25,0,'0000-00-00 00:00:00','2016-02-18 12:02:52'),(39,98,0,'1997-02-08 12:53:44','2011-02-10 01:23:22'),(40,67,0,'1973-04-27 04:07:18','2020-10-15 17:44:37'),(40,96,0,'1998-04-08 02:55:33','2006-07-05 02:09:32'),(40,98,0,'1992-12-17 00:03:22','2002-08-21 20:27:41'),(41,20,0,'1978-11-19 09:11:08','1984-01-24 02:00:03'),(41,22,0,'2019-08-26 07:43:44','1979-04-30 01:18:52'),(41,28,0,'0000-00-00 00:00:00','1971-04-11 18:41:15'),(41,86,0,'0000-00-00 00:00:00','1990-07-18 22:21:42'),(42,3,0,'0000-00-00 00:00:00','2009-02-26 22:01:41'),(42,26,0,'1987-01-11 13:45:08','1999-05-14 07:26:05'),(43,22,0,'0000-00-00 00:00:00','2012-04-03 09:22:54'),(44,98,0,'0000-00-00 00:00:00','1983-07-03 04:32:40'),(45,40,0,'0000-00-00 00:00:00','1998-09-05 20:28:55'),(45,79,0,'0000-00-00 00:00:00','2006-05-28 00:17:03'),(46,33,0,'0000-00-00 00:00:00','2001-07-02 02:06:46'),(46,57,0,'0000-00-00 00:00:00','1980-09-16 04:38:31'),(49,10,0,'0000-00-00 00:00:00','1994-09-26 15:17:31'),(49,76,0,'1970-04-30 15:17:21','2000-07-16 00:39:54'),(50,15,0,'0000-00-00 00:00:00','2006-08-06 04:03:06'),(50,91,0,'2008-03-10 10:57:59','2015-02-01 06:32:39'),(53,48,0,'1994-12-23 13:01:13','2020-09-21 09:29:27'),(54,63,0,'2011-03-27 06:30:08','1970-12-03 11:11:39'),(55,17,0,'0000-00-00 00:00:00','1983-01-31 00:09:54'),(55,81,0,'0000-00-00 00:00:00','2010-02-17 03:55:29'),(57,5,0,'1986-03-03 04:11:20','1974-09-22 14:06:58'),(60,65,0,'2020-12-11 12:34:02','1972-09-10 00:28:30'),(61,52,0,'2006-04-09 00:47:02','1990-11-30 23:47:32'),(61,97,0,'2007-05-05 02:35:28','1992-01-30 06:57:26'),(62,3,0,'0000-00-00 00:00:00','1976-01-15 23:06:31'),(62,83,0,'1982-06-18 22:06:34','1997-02-19 11:51:24'),(63,66,0,'1980-06-24 19:39:06','1980-07-10 07:58:01'),(63,95,0,'2019-06-19 00:37:12','1974-08-02 17:17:04'),(64,63,0,'2018-01-27 03:09:00','2020-12-21 01:10:22'),(65,73,0,'0000-00-00 00:00:00','1999-03-14 17:25:34'),(66,14,0,'2002-12-17 12:41:34','1980-08-01 17:00:53'),(68,13,0,'0000-00-00 00:00:00','2012-12-15 05:04:34'),(68,23,0,'1988-04-21 11:18:21','2019-05-19 07:56:03'),(69,20,0,'1992-05-11 20:16:33','2007-02-20 06:09:28'),(70,21,0,'1974-05-28 18:31:20','1993-04-29 18:40:27'),(76,4,0,'1972-07-22 03:29:50','2004-06-05 10:02:21'),(79,91,0,'0000-00-00 00:00:00','1978-09-28 21:40:29'),(82,74,0,'1996-02-15 07:12:35','1970-06-22 01:35:58'),(83,22,0,'1983-05-21 10:59:11','1994-09-28 05:15:33'),(83,27,0,'0000-00-00 00:00:00','2003-04-03 16:44:21'),(84,39,0,'0000-00-00 00:00:00','1997-09-03 17:00:41'),(85,79,0,'0000-00-00 00:00:00','2001-03-08 17:33:05'),(87,33,0,'2016-07-11 18:15:51','2016-03-31 18:28:26'),(88,7,0,'1982-02-08 06:07:20','2012-11-20 18:23:39'),(90,77,0,'2018-07-12 22:17:20','2009-08-18 04:13:05'),(90,90,0,'0000-00-00 00:00:00','1988-04-05 11:26:23'),(92,63,0,'1980-06-13 11:05:23','2015-05-16 16:30:22'),(92,93,0,'0000-00-00 00:00:00','2001-02-17 08:19:05'),(93,23,0,'1990-09-09 11:16:25','1999-03-22 09:29:02'),(93,57,0,'2010-12-09 22:15:40','2008-01-12 16:35:09'),(93,68,0,'0000-00-00 00:00:00','2018-07-07 16:30:44'),(95,19,0,'0000-00-00 00:00:00','2000-03-27 21:44:39'),(96,12,0,'2002-02-23 22:29:44','2008-05-15 05:04:27'),(97,22,0,'0000-00-00 00:00:00','2016-02-03 09:01:06'),(97,24,0,'2003-03-28 03:40:56','2015-09-04 20:43:27'),(99,18,0,'1989-12-18 07:08:18','1980-06-21 03:24:12');
/*!40000 ALTER TABLE `friend` ENABLE KEYS */;
UNLOCK TABLES;

--
-- Table structure for table `likes`
--

DROP TABLE IF EXISTS `likes`;
/*!40101 SET @saved_cs_client     = @@character_set_client */;
/*!40101 SET character_set_client = utf8 */;
CREATE TABLE `likes` (
  `users_id` int(10) unsigned NOT NULL,
  `media_id` int(10) unsigned DEFAULT NULL,
  `messages_id` int(10) unsigned DEFAULT NULL,
  `posts_id` int(10) unsigned DEFAULT NULL,
  `created_at` datetime DEFAULT current_timestamp(),
  `likescol` int(11) DEFAULT NULL,
  `summ` int(10) unsigned NOT NULL,
  UNIQUE KEY `like_media` (`users_id`,`media_id`),
  UNIQUE KEY `like_messages` (`users_id`,`messages_id`),
  UNIQUE KEY `like_posts` (`users_id`,`posts_id`),
  KEY `fk_likes_users1_idx` (`users_id`),
  KEY `fk_likes_media1_idx` (`media_id`),
  KEY `fk_likes_messages1_idx` (`messages_id`),
  KEY `fk_likes_posts1_idx` (`posts_id`),
  CONSTRAINT `fk_likes_media1` FOREIGN KEY (`media_id`) REFERENCES `media` (`id`),
  CONSTRAINT `fk_likes_messages1` FOREIGN KEY (`messages_id`) REFERENCES `messages` (`id`),
  CONSTRAINT `fk_likes_posts1` FOREIGN KEY (`posts_id`) REFERENCES `posts` (`id`),
  CONSTRAINT `fk_likes_users1` FOREIGN KEY (`users_id`) REFERENCES `users` (`id`)
) ENGINE=InnoDB DEFAULT CHARSET=utf8mb4 COLLATE=utf8mb4_unicode_ci;
/*!40101 SET character_set_client = @saved_cs_client */;

--
-- Dumping data for table `likes`
--

LOCK TABLES `likes` WRITE;
/*!40000 ALTER TABLE `likes` DISABLE KEYS */;
INSERT INTO `likes` VALUES (34,NULL,48,NULL,'2011-05-03 20:30:12',NULL,0),(10,NULL,40,NULL,'1979-04-24 23:27:34',NULL,0),(11,66,NULL,NULL,'2004-05-19 07:57:16',NULL,0),(21,NULL,NULL,23,'2010-07-09 19:46:07',NULL,0),(41,97,NULL,NULL,'1994-02-25 23:58:42',NULL,0),(20,100,NULL,NULL,'1998-04-13 18:08:28',NULL,0),(61,NULL,11,NULL,'1974-02-07 08:34:51',NULL,0),(86,2,NULL,NULL,'2004-05-18 12:26:21',NULL,0),(6,NULL,NULL,16,'2017-09-29 03:40:09',NULL,0),(16,NULL,16,NULL,'1971-10-15 04:02:49',NULL,0),(55,NULL,33,NULL,'1989-11-23 02:10:39',NULL,0),(54,NULL,NULL,94,'2016-06-02 12:04:04',NULL,0),(65,74,NULL,NULL,'2004-11-01 08:39:00',NULL,0),(74,37,NULL,NULL,'1990-02-16 08:19:13',NULL,0),(22,NULL,61,NULL,'1989-11-27 00:52:31',NULL,0),(48,NULL,NULL,54,'1995-11-08 01:55:44',NULL,0),(82,NULL,69,NULL,'2008-08-27 04:26:41',NULL,0),(64,NULL,24,NULL,'1970-03-03 01:56:11',NULL,0),(33,NULL,NULL,86,'1987-04-01 23:18:44',NULL,0),(25,NULL,80,NULL,'2006-05-12 07:21:08',NULL,0),(64,NULL,74,NULL,'2005-05-06 17:06:46',NULL,0),(33,NULL,NULL,55,'2018-11-24 17:07:02',NULL,0),(56,32,NULL,NULL,'2009-12-13 17:22:06',NULL,0),(29,87,NULL,NULL,'1977-11-09 14:11:58',NULL,0),(62,26,NULL,NULL,'2010-01-20 05:46:25',NULL,0),(10,NULL,44,NULL,'2016-09-07 11:27:56',NULL,0),(86,37,NULL,NULL,'1988-04-30 12:28:38',NULL,0),(26,8,NULL,NULL,'1975-03-09 11:36:45',NULL,0),(5,72,NULL,NULL,'2005-03-22 08:19:37',NULL,0),(82,NULL,92,NULL,'2010-08-23 16:30:09',NULL,0),(29,53,NULL,NULL,'1984-10-20 05:44:07',NULL,0),(39,NULL,NULL,100,'2017-06-13 03:57:56',NULL,0),(22,NULL,25,NULL,'1980-12-15 09:59:56',NULL,0),(2,68,NULL,NULL,'1995-01-22 17:52:51',NULL,0),(4,NULL,98,NULL,'1994-07-16 03:50:11',NULL,0),(10,NULL,20,NULL,'2009-11-11 11:22:43',NULL,0),(69,NULL,NULL,50,'2012-09-11 01:30:44',NULL,0),(44,42,NULL,NULL,'1973-09-19 21:48:49',NULL,0),(95,26,NULL,NULL,'1987-05-18 15:39:18',NULL,0),(23,96,NULL,NULL,'2008-09-04 05:24:12',NULL,0),(68,58,NULL,NULL,'1998-11-07 10:04:45',NULL,0),(26,50,NULL,NULL,'1974-10-04 05:43:44',NULL,0),(52,NULL,60,NULL,'2020-12-28 21:05:32',NULL,0),(51,NULL,NULL,19,'1979-11-01 01:59:42',NULL,0),(26,26,NULL,NULL,'1974-08-09 07:48:45',NULL,0),(68,55,NULL,NULL,'2005-12-15 20:47:13',NULL,0),(81,NULL,NULL,3,'2002-02-03 16:11:38',NULL,0),(67,NULL,47,NULL,'1999-06-07 10:16:34',NULL,0),(86,23,NULL,NULL,'2007-08-02 03:30:59',NULL,0),(73,NULL,41,NULL,'1982-06-04 21:56:28',NULL,0),(15,NULL,NULL,66,'1980-01-02 08:48:31',NULL,0),(80,59,NULL,NULL,'2006-08-18 19:22:34',NULL,0),(84,NULL,NULL,51,'2005-07-13 03:17:43',NULL,0),(7,NULL,13,NULL,'2013-04-29 14:27:07',NULL,0),(86,7,NULL,NULL,'1999-11-10 15:07:02',NULL,0),(35,37,NULL,NULL,'1978-02-08 10:30:59',NULL,0),(60,NULL,NULL,32,'1984-07-20 04:49:44',NULL,0),(49,NULL,56,NULL,'1975-05-21 21:38:58',NULL,0),(71,40,NULL,NULL,'2009-04-18 05:38:49',NULL,0),(99,NULL,NULL,83,'1996-05-05 12:17:21',NULL,0),(67,NULL,34,NULL,'1977-03-26 04:50:51',NULL,0),(44,46,NULL,NULL,'2016-09-06 15:53:59',NULL,0),(53,51,NULL,NULL,'2012-07-27 17:14:24',NULL,0),(87,NULL,NULL,47,'1991-11-20 17:12:31',NULL,0),(55,NULL,78,NULL,'2010-05-26 13:53:05',NULL,0),(7,NULL,68,NULL,'1984-05-20 02:20:38',NULL,0),(74,97,NULL,NULL,'1984-04-15 08:22:22',NULL,0),(11,83,NULL,NULL,'2005-11-09 22:39:40',NULL,0),(11,87,NULL,NULL,'1987-06-08 17:39:18',NULL,0),(33,NULL,NULL,85,'1990-12-16 19:12:55',NULL,0),(62,64,NULL,NULL,'2012-05-25 14:34:35',NULL,0),(30,NULL,NULL,85,'1979-02-14 05:22:11',NULL,0),(13,NULL,89,NULL,'1976-06-05 07:31:04',NULL,0),(6,NULL,NULL,79,'2017-05-13 21:44:56',NULL,0),(53,26,NULL,NULL,'2014-07-18 16:17:10',NULL,0),(8,4,NULL,NULL,'1992-06-04 03:55:37',NULL,0),(91,NULL,72,NULL,'2013-05-13 19:37:32',NULL,0),(2,55,NULL,NULL,'2013-05-07 15:58:31',NULL,0),(18,NULL,NULL,48,'1971-07-24 13:58:14',NULL,0),(55,NULL,32,NULL,'1995-10-17 12:35:58',NULL,0),(77,21,NULL,NULL,'1984-03-14 15:07:41',NULL,0),(76,NULL,61,NULL,'2003-06-04 04:17:33',NULL,0),(10,NULL,92,NULL,'2011-02-15 22:10:32',NULL,0),(15,NULL,NULL,6,'1973-10-25 21:18:01',NULL,0),(22,NULL,29,NULL,'2000-01-15 12:24:33',NULL,0),(62,36,NULL,NULL,'1982-11-25 14:30:26',NULL,0),(14,97,NULL,NULL,'1989-12-15 23:40:10',NULL,0),(1,NULL,37,NULL,'1998-03-15 14:11:44',NULL,0),(79,NULL,60,NULL,'1997-06-29 22:40:13',NULL,0),(8,20,NULL,NULL,'2018-09-07 13:31:57',NULL,0),(31,NULL,36,NULL,'1980-05-03 18:43:48',NULL,0),(6,NULL,NULL,27,'1977-09-22 20:47:04',NULL,0),(79,NULL,50,NULL,'1978-04-22 15:59:53',NULL,0),(15,NULL,NULL,29,'1984-02-18 11:10:09',NULL,0),(32,47,NULL,NULL,'1981-05-23 19:31:04',NULL,0),(5,33,NULL,NULL,'1975-10-29 18:26:32',NULL,0),(56,70,NULL,NULL,'1996-03-06 03:13:09',NULL,0),(90,NULL,NULL,20,'1974-12-02 22:24:57',NULL,0),(94,NULL,65,NULL,'2003-04-11 12:28:59',NULL,0),(89,15,NULL,NULL,'1980-10-14 11:28:33',NULL,0);
/*!40000 ALTER TABLE `likes` ENABLE KEYS */;
UNLOCK TABLES;

--
-- Table structure for table `media`
--

DROP TABLE IF EXISTS `media`;
/*!40101 SET @saved_cs_client     = @@character_set_client */;
/*!40101 SET character_set_client = utf8 */;
CREATE TABLE `media` (
  `id` int(10) unsigned NOT NULL AUTO_INCREMENT,
  `media_types_id` int(10) unsigned NOT NULL,
  `users_id` int(10) unsigned NOT NULL,
  `size` bigint(20) NOT NULL,
  `file` varchar(45) COLLATE utf8mb4_unicode_ci DEFAULT NULL COMMENT '/files/folder/file.jpg\n\n',
  `blob` blob DEFAULT NULL,
  `metadata` longtext CHARACTER SET utf8mb4 COLLATE utf8mb4_bin DEFAULT NULL,
  PRIMARY KEY (`id`),
  KEY `fk_media_media_types1_idx` (`media_types_id`),
  KEY `fk_media_users1_idx` (`users_id`),
  CONSTRAINT `fk_media_media_types1` FOREIGN KEY (`media_types_id`) REFERENCES `media_types` (`id`),
  CONSTRAINT `fk_media_users1` FOREIGN KEY (`users_id`) REFERENCES `users` (`id`),
  CONSTRAINT `media_chk_1` CHECK (json_valid(`metadata`))
) ENGINE=InnoDB AUTO_INCREMENT=101 DEFAULT CHARSET=utf8mb4 COLLATE=utf8mb4_unicode_ci;
/*!40101 SET character_set_client = @saved_cs_client */;

--
-- Dumping data for table `media`
--

LOCK TABLES `media` WRITE;
/*!40000 ALTER TABLE `media` DISABLE KEYS */;
INSERT INTO `media` VALUES (1,1,49,983,'application/vnd.syncml+xml','PNG\r\n\Z\n\0\0\0\rIHDR\0\0r\0\0A\0\0\0P&\0\0\0$PLTENF\0\0ꄦۭ{6\0q\0\0:3/Z\0\08IDATx^왿nZEH*D)RT),sޙ08,	+0[|1\0\0\0\0\0\0\0\0\0\0\0\0\0\0\0\0\0\0\0\0\0\0\0\0\0r\0|n=6`Af&QbfT1\03\Zkv\0\\V)AZ}ܒ`nUgO}aPnM`A&0rOvܿ0wAv\Zb9s{ݘQ1sva|Ks\'ͽ?A*׀N@(R\"r64^U۪d	HV^=S*W$~JH2֚(O=\0fnD6sc4y8471/M!/ ,sܿ̂bzW;Q,_ JXkJefܔn9qXA[]Kh\nY3sO,jHgndi\'k4S_roRɁ)Hu5Kݯ`$RH\"@~ލӼIۨ\\3n\0,}ᨫ,5b\Z$bCkLX\rߑ~Z\\\"mcU.)lk,@OnO.47x?4pD鄹k\0ezR.\Z1Ukh\n`.[Ӂ]i8\\e˹Z5ЕiKD}=3\nX5q92Ws7UfJ59^S?AM\06뵙mܮ{GL4㕔507\\B\r~nAF\\͈Z0jg.!\rw|V\'uR:W3LIa5w|*.PUn7(U%֌1ԔԵњtu.$֠%_uYЍ;s%P0bxOsLd\0-$o볒F=Rga}pj(^\\xacxau/+ܾF/a\\![)A഻R\"SVؙmfɝ\\:nYӜ2YWOr+ 6}͒\\!5-ޑk,]\n	bȔǀoXm(֚2851U扈N\Z>v\'unzGR|Z5We3דVQ׸/5w6\0&z;\r^t.;yZ2Jk>\r\0|=\0ؗ\0\0\"K`_ݱN#W#F.	\0iE+Zp*\"M۸xq(\\tV!:\0\0\0\0\0\0\0\0\0\0\0\0\0\0\0\0\0\0\0\0\0\0\0t~\"XϏt	h\"}ErArsBrArAr\\\\\\$wZ,}rܦ=ݔ}hw-efO.-R5e<Hr;m].~:Ht}b{ErEDO.ۗN&>ErNKy.]Oy~ArmӗR\"..&ɝ.?;4hŻeC\Z:0q6{rql{Ou;&\"tO.s#Ǹ_fy̟\\J)aUR.*yr\'7sc[s    H.Hn\"H.H.H.J.^\Z$drf~H.Vw?1㤠YݮRzzpwJ(ۻu2~6\rhV/Er(ۮ۶fzE>}ꅱ9_^0yꅋezQ{AƲUk*`ZeaPW*F$9?@]P\ZE٪^RŠ=ʠ\ZekP?@fTl=lGR2@Ag6ol\r*PekPZllU/V*[KOA?_0ןvQyŲ5ɠtF]ܜW([]EU~VSZA7^lݜGUW\nm*ӳ\ZWaVOXU+[\Z޹6uQx\'B|0<4D?\"8OIAJE\"kQ8GPŗ}&\0ܶm2E5*an6C\ZQS\\rA.̥Z}oڱ~SJjfKR-k$3gjӲ0̓ɅurAerang\\rA|\\\\r!rZttLe=C WIa	r/G wTX_V h5-J>lrsA]K4\'z8iRјV\rm(t{zԏFY\nr\rƘ<VlGeA/syҩ8rjbh	UHjef?	Ւx /U%{<g%tw>kF67kw\"WJ\ri5!LS7׊<U<Tiyϝ|闗=Z&7sz=ٹKrSZl)>LUUZ>\rU]YD\0s,!=m\Z8 :;9\'n,Ԙ(/7Kxz-j쎾W#]U< $_ir$<ݛ	jr#rAnhn⭎\Zn,m[h\rb1=/=&*ӽl.t;dLnB.6?ȝEN,Yj۴/\Zr뀷lv\"y\\א\'[ɘ܀\\ۏI6_AnW	fʑÛ~-UjC$ґ;O沽D^~[Iܐ\\\\3pn܎e\nRG]hls3\"F\\fߖ8+eL*Jyb.gc6\\XFXpe$9@#4\\&7&s\'ZӹlarpVS+6YLv3?}5-.#w3s?#Fhdfٌ){44uzYtV)G܂	N\'u{j+ V:9s9Yd~a.cnOn~٘L!Wh\"\'w8\\@si=&xWMٸS=pj(	<8ev EeJǚ\'D7e˲%5ȂVI%|@Os!yy@n{s5kݳ^^@kT%g߮$bc-\\k8\rBC)j\\ͮ{ʻֻ+Y.}wr[+rj^Ȼy@.ȅ@.rA.rA.ȅ@. \Zr06\\e,mRU%Ԇ`n6CZ)~,M3R>9S?k.䭴þm\n.;	iJZiv[ܖp=Agu^j1,ķ N	U+jM9Ԥ	OkBbQ14Z3oqv!ߦ	y[kP8uE7-\'\'3ܜ]h\\+nv2\0,@/\'-Kea[C\'-b[Vuu.f%5Nσ/	9&`8!_]4o\'-o=a8!{Wx\'lv&`8Q{1;\0՟WpfNtl&[	pZJ~Skx\ZN~an[>㩧ۮ*v@HP=(1?4hv0 \\G~@RP=Hp[UR{pRͺrMd	É~PV $)wA7l2ɘi#pMNDrˏ\r7Ft9!R &Ƞ{F\r\rvroKf.=8m#\Z	o<2ld6 KMJA<wD2yR+Cȕ <(\n䊹`oV$nPrA.A.e%rA. \\/\\rE#\ZDQtrA.ȽDwQ`O/!]/ #MP0E5*=i8\';&YuOS?\Z]# wHrrzk^WH.pvw h ;}\'6;vWH.FջhW2\\so?N.\\+RI#zyLͣM0+WynNgRJJDtQ4א<&-B{,&7?{\Z:긫M4ЮNavR11wo繢đY\'P~0\"^TiEs=zDۏ߳Ŀ&LR\"\'%/Xr7E\\\\m+|^$J<9; ڜ體;paK.WDfԺRb:L:rm07C䒭$F$\\Y}w.\\\nMj]T&vr>BeYruٻaKs7\ZD#z],rAԺRbcrXuO7k3B&\\Qr\ZΥ֕Jq66m=1&>ZrJ1wO ؚ}k\"Os[áXWJs|05rD{4[JKEP\\\\cb])nD6rrA.WQ[LI<Cd:+\Z\"%f\ZيR3Sќ/, \\rA. \\rA.\Z\\rAn9j{[ȕRAB^$*e\\3,\Z`J5\"rAZIS$]ĵt ,tj,W W7Vwp!r QbgߵޕcZdC\0?..\\o]@vkn->]DXe&<nM2?[DlЋU&u9$fUZq8%:YTX o\"AZg*~J6	/˄Ԃ;Kz;?|yz^:XT4ꌂ-s*<iSZn{Yb]1q0u\Ztkɹ4U\nV뼳`?)e\\5;KA_O.},7Q(0	ul\ZDA7HW%\r~fJx]1P,#{*QUw\r٨F& \'i**,-;\Zd#a\rnzIA^.ؗ,ʒg_j4\'.q!\'ݮ6:^w]G5Bզ0/Bn/rQн\ZNVNQn-*bW?cjI\nauF8>@80\'8EP)p4C,$	ܸm`4j~{9^&A2	?$&FWdw\'ACi;H;r?yZd#Q4}\0CrqMN6wMp\'$AP6bW;.~	SuKGr\\?B%w1nl\r]JZEṄ\\uxd]K]}--Č`W3GT	?fX?zR>qEwhR\0IMl4h蚉\"_!r_(0#W._4jТ(o4w +\'83$蓛j6sqUʵ@~?]6yx.nB\\Izn$frrJ\Z.fH._*卫܅MoB.,*L.t=_s0\\lӓ-Hp#J|g!7KBnKÙ-@:ϟLn&ڏOn&7fr3fOn&7n۝;LW؋mfVfr3nvϕ1q@dFe^;cZ-u6{{r\\b?~R$w~r˶m_~5r3#[/Y~sf=N?p_K=ϯi\"%wlHjлfs_U+#rr̚\\\\&{s]\"<IY~zg<J&[o>>|!w9Xq\nFg@.d|iLiz[ŭc\ZiJu[Er7<^ܰm5rѴnIbfMWN.,VF.9<Gv&6$萻	{zx\n\n{-\\̬i|r,VD.9nʏj&\\CG:r؛}F0 3\n-\\̬+_2K}sTՐ[	Ev<ߑgFNJi1/>uK 2kʩiL钝/v#!RuW{3:rNH.]\'6d:dhZFsނ%54dɸX3[{1Ϸ|Ts#O$Ź\nRXaKCG\"rǭ-\\Ȭ)1eKɥf5k?{/&\']mAF.mF w0&LǀM%][ZQȅ̚2\ZSdZ\\:~q[\'n\"1卽R%ׄJn{A#\n#rt4KK![Y#%Iy=ׯ|[᷀p,Z&\n#2rK+;Tr1KV\'oWc~rgKYmAcaKb.MK%][wn)bf\rcʗNnBU2\\ݷPTsE0\"#Lon4\\е-K95)[r~\\sxzn4\\е-[\nY1KN<\\Vad90\"20 t-\\̬3ْifr9ǀM?沭@ݔ,-c\n6w\"2\\rfr3=Ln&7fr3Ln&7frSLn&7?$LnFc~Rr3	?|fr3-t\\ ̃=-lm\Z]\"ՙ)*	o`07\\Yӓ;̀\\bu 7FjMorWJ	\\)jXGQ	#)\rs!7QwNS6/Qt}ax^NK.-VNx;NyޚNa(ۦO`ۙ{߱\rd7\n_mpQA.+0$l=+I3Y#5X\\	\0DA.}P$ީ\"*t]r{rGr)ꢋ$JBA\"ԨP\"^ޥ/*8@N!r#\'p12aߏ.z&OW(xۃ>\rxǗ?W=4%5zZ6}μh]:\r10Ny\Z. b+*XrB`:7ѡQlxt|Pv?vE-W #bͱ0(\Zrnag|px-kY[Gp)O\nⒼna ]»Zw賲I@A\"b\Z\\LY:,v:ͮ:B}P7qu-u	(sxtjA.s`u\'^@ǂ`\0Hd\r=J;ݸHN0/@{+HD7Et#L`ߐ1\\WCXeie͹X\'bSZ+=:5PHpr17C5۟=]#T\no:1Q[4F.1Átmϔ\"]hn2gTaϩ%LRe7Pv=Gקj]ܳ覩c`M+@vͦeb6TM(r`̈́ղJwsN`hw:˻N=;{:c\Zr4\\3Ɖ\nv(.-^b 9rq	\Zo=H17?N_ov`yُHŃZa<0=,c\n,#gu\ne!hd\"	]cY{QWvy o>=h<ထ1ʭJPηY\ZxFK$y؊rvYa>@ұRWux]3]u鸖)	CՁkϊ΅nAD9\\	ċ	F儡Վغ\nP;veέNDA҈s.M*1lɥ8<A\'{6A6\nvfRIZ#@*bra$VVFL~,|Ժ25@\0\'r %wޅ:zy\\.a_G3$So:nA&N@J!*N,*x\0#1ұI3ʀר<\0/\Z3:]C<fvg:_~|ndBnw/_KnwuW^𰅯E:N:N:N:N:N:N:Nv*fNnNE.Ǡ</\'J!#7/!S֜&*A1Qn1>u~wmЉȍ*dߠ(Je8{0r4\0Jȡf_e8>t<\Z_\"p؛^d@喘GY^w\rv~S;ڊDcIX-QP_\"=#ieotU\\K3ك\'M(^9h9X|cB@/=.A7R f m8_ɚ~ɦjѶ6z\r:ݑ2#B%\rW\rΦbOnSG(l({LfXI69Ŀ\'TH]AK9^QAetw^ƭ̱bPg\rb\\Gfh\\Xaqy\rr_\'mz\n!	IlWs^Zp-SLfT\'wGlSHvܔ+Tb>ZY\'\n[D:{iH`BM ~o@67goD\r@S\rHRFar)΀4	e:KaB,(=ܜ&Fɐ{D\"t\rd @.!{72J+QDڛ\0\\cKܸn\r:{@-\n`>\nWx)3C]G[-T\r;B1fys^\\ZgKIq3\rC*K.G#c\"c\r!4+*9ڻXνE*]*o\r7xS>zSqJ˔/~/Ez23b	J%IEqdJAi\r}nܢc\\\Z=26f5~\\[H])9֐sNwC.`tPU-D|kT\ZjKXb C\'u-~}Gg</O\r%LlP\re5lT]\'g	x\\ZOgj?Zy4g/3&dM=\\o{1йwE=KX@KELHŇ}o&5]bޡV oxOhУڈ$`@nL(OV%]G.fSrj>2xrm}|f#%ߟSC>4HdE\0K\ns?o8jB364%(-68o9ۂhUe5QzSMBh|WjV%Wйg(RT@nrg]K7ri,@FT|.Ykl!j1Vish*U\rN?lObQm/sr&f&>s}\0-쮘A:eCuwi,x:ίi%XB焋Q;P+\r#^(\"x\'y9ם27g8^:[\\/oCg$s$wiЮBƖF1)QZTS79I\Z>{bJ3g\0Kq\0^Cx24<TYoRAEeO}8_Vg:d\0~{v=\r)z0bIje#lg\\?\Z0rLn6\rJ̦\rSC;>-<\';BrAjJn\0r*,6>)847,ځ\0\'噩T4&_grU,oS^ub6Yr繤K\0-^nҨ&H;1,LeXqE(;|[\Z/@	]d\n+:\0j}Ǩ@|VdVx)CC=64mr$*B6a{\\L6\\4KN&Kn,0n810i/P  2Vk4`FLk(f,0蠮\0vIQgE-@\r@ooc,X{Ht7`Qi\ZEvoӺeP!cDf;x&]Qv\r`RM\",j144iC1:z\'\'o\"]x-&oМ\\\'ur\\\'ur\\\'ur\\\'ur\\\'ur\\\'ur\\\'urrfm\0a D4LL6--:\Z\03wb/V\\o\0}7SWLW g/7,@d,ի=9BЋ,ENFKbq\0N0ka_XNE (潊P\0\0\0\0\0\0\0\0\0\0\0\0\0\0\0Fl渎y;~mߊ)oOicek~/SQ*WdC^\\.ToQW_\rzrS37k+7UnRѢ\\nursUnʍsʍC\rV)W;q%\n~ZHKAZ؏%gi(Ǿb*߭aS7΀!3a\Z9mwN^erMP2ytIuwxeKdsph(@X2@[hG*_¸N\'5F3nssE\r5)\\FsT,t}(07j]jtcƘ)z2hvD\\9~lYЫY%\'gPGsm,!5:ғz-U		V=[rvBgp͜:.}gyˣdYfMx?au頒ZzJYx YV:\\oEW|+k4t̾o\rZ^6D*\rB6VeQy>nx/ꭗ{|4q\'sLժg9::HM:R^Rωe﹆2BE6|e͚zz	UpC_Ul0-Tʕ*wtX!>׮f,tʍDr`zj\re͚:Җ--7@qILkr窼pӥ{,[SnëmѡtG4,z&TBk/tSpm`Ϛ5B@rOF;U.лPP!+3K>Grrk>%^&;+GV\\X1ڠ\\[#}+(/^P{VCLK(rO	78vYYaL[η{R^O6e54Fkk4u9jVrṣGS6tz7:F5e84K$+F+rggR\Z{\\ʲAQuX ?q/5|?]^}|FZU\\\rOWKSGZ4;3\Z{\\:{P;8=rKs)@rAHNPriHKZ_*\Z{\\ʦsE=^ܕN}I蛌rePJKVvuGKʥ\'MB_S`.\"kǤ+(-vat|l-hʚݾkS!wǤ%K$+#\'/2ʅ&ʥܔ}Dzk!:\\Gqv/AKm䛡.y&T?뀤(xZL+te\rj9J>kԓ\rڸ\"J#%;RVa=(=nprsx1(ӄ>(Wf~0IQz2{\0/i>.LP4kJC-v8fM=\'(ǐ05<lfU{hI4%Kzc|vwr\nʽ?耤(`P> +BL^ǠSĲfMi(/dCsk̂yIQ{CfF/eoȗNVa%FIQ^(WeGݛZ\\\Z֬\']IʟD˺ʲ(\\)OR8)@/ \"(JS\'e\rßTߎr(((-(-((-((-(~&킂jƃzP(ma<W\Z_d#g|Va|]TnmA|{R?E㽢\\a7}\r\0Lh|_yNu:sW6Pܷ:sr1{ET6P9)W(lRǳ!cQ--\Z* ;qR:B/c?G_nOW=T<x^eڎIZƴ7\0QnQ֥=\r(H \\m#_CIBOv\'YAfU(A+d!tjGZƴ7\0\\j{&[Pzu#^_س|BgKzb\'튓*Uv8%rp=1M	7@Br.l@AF6[9=5ҩ%~}#(1[JDĝԌi4x\rVs*f\rދO(/;\'~U#}+ᔷkDp[U4H9\\TtLzmp\';X3قċتפB_=ȷPK^VXषJUةQÕi_/\0]LK]3نNDbGGNvȕF֨RE}I˘=âYdid\n>j],$Lr\'4H:K˯rTr`^aڗ*i7@nҞw(W>4,$Lr%Tө_^VM]ꕫ5%Ziδ5P|T!,{L{&߃fKM,4l\nMV6N=ʭ/rꕫg.iδorC}6.ڃcsj2cr	=yH=ʭBrE(i6ZͧS7(w&\\	t{;%]Qr]rODpSMUi>Y{\r	Ҟ(.\'Ƭr(\nz_R⤗ܞcLdm sʥ=(^|h163c?G>Q_j\\#Ë ENjGZƴO\ZlpnaM\'x3\nR/)^LY9=qۛz){8R5%zjC\'Ef|eL7@sהK{&PZ[A)BՂzeIoW\'xՌi4^g\rދO6~trz-ǞKz)w75ᤷF+g3֫&\ri>\rֿ=M(Hix^\r9g>Bz|֨g\\iiF7g@{;(\0a\0X/s:@R[ 3p(0m-p\0\0\0\0\0\0\0\0\0\0\0\0\rIH\0\0\0\0IENDB`',NULL),(2,2,60,2303781,'application/vnd.realvnc.bed',NULL,NULL),(3,3,80,109,'application/vnd.ms-word.template.macroenabled',NULL,NULL),(4,3,50,9501014,'application/x-texinfo',NULL,NULL),(5,2,77,63955902,'model/vrml',NULL,NULL),(6,2,1,7,'application/x-sv4crc',NULL,NULL),(7,2,89,68473823,'video/3gpp',NULL,NULL),(8,2,68,65649,'application/vnd.data-vision.rdz',NULL,NULL),(9,3,5,938888695,'application/vnd.ms-excel',NULL,NULL),(10,2,96,50,'video/h264',NULL,NULL),(11,3,8,27,'video/mj2',NULL,NULL),(12,1,4,96303,'video/x-msvideo',NULL,NULL),(13,2,13,40900,'image/vnd.adobe.photoshop',NULL,NULL),(14,2,24,0,'video/ogg',NULL,NULL),(15,1,84,65,'text/plain',NULL,NULL),(16,1,23,0,'application/vnd.oasis.opendocument.chart-temp',NULL,NULL),(17,1,67,9,'application/mp4',NULL,NULL),(18,3,9,0,'video/vnd.dece.video',NULL,NULL),(19,2,70,5,'application/vnd.ms-artgalry',NULL,NULL),(20,2,80,31885,'application/vnd.triscape.mxs',NULL,NULL),(21,2,7,0,'application/vnd.rig.cryptonote',NULL,NULL),(22,3,91,88798251,'application/x-tads',NULL,NULL),(23,3,31,1641848,'application/x-cdlink',NULL,NULL),(24,2,89,95054327,'application/vnd.ms-xpsdocument',NULL,NULL),(25,2,7,999292104,'application/x-ms-wmd',NULL,NULL),(26,3,17,73833,'application/wsdl+xml',NULL,NULL),(27,1,93,729810,'application/x-chat',NULL,NULL),(28,1,55,1,'application/vnd.fdf',NULL,NULL),(29,1,87,25,'application/vnd.hydrostatix.sof-data',NULL,NULL),(30,3,12,349119,'video/quicktime',NULL,NULL),(31,3,99,11,'application/vnd.fdsn.mseed',NULL,NULL),(32,2,2,857037,'application/x-mscardfile',NULL,NULL),(33,2,16,3862,'application/x-lzh-compressed',NULL,NULL),(34,1,11,732154,'video/jpeg',NULL,NULL),(35,3,69,510691,'application/xml',NULL,NULL),(36,3,32,852,'application/vnd.sun.xml.draw',NULL,NULL),(37,3,71,716,'application/mathml+xml',NULL,NULL),(38,1,71,419613,'application/vnd.kde.kformula',NULL,NULL),(39,1,80,344255855,'application/vnd.ms-powerpoint',NULL,NULL),(40,2,37,687642,'application/vnd.sun.xml.impress',NULL,NULL),(41,3,43,121083,'application/vnd.shana.informed.package',NULL,NULL),(42,2,100,691863580,'image/vnd.net-fpx',NULL,NULL),(43,2,74,1,'image/vnd.fastbidsheet',NULL,NULL),(44,2,41,21087,'image/vnd.wap.wbmp',NULL,NULL),(45,2,33,0,'audio/x-flac',NULL,NULL),(46,2,30,3376,'application/x-x509-ca-cert',NULL,NULL),(47,1,85,38200383,'application/vnd.shana.informed.package',NULL,NULL),(48,1,95,47,'application/vnd.sun.xml.draw.template',NULL,NULL),(49,1,43,0,'application/vnd.ms-excel.sheet.macroenabled.1',NULL,NULL),(50,1,86,31219,'application/vnd.svd',NULL,NULL),(51,1,95,6197773,'application/vnd.seemail',NULL,NULL),(52,1,87,0,'application/lost+xml',NULL,NULL),(53,2,39,20367,'model/iges',NULL,NULL),(54,2,67,23,'application/vnd.oasis.opendocument.text-templ',NULL,NULL),(55,1,16,49834488,'application/vnd.dynageo',NULL,NULL),(56,1,5,972160,'application/x-font-type1',NULL,NULL),(57,2,56,84203,'application/vnd.ds-keypoint',NULL,NULL),(58,1,93,46324,'audio/xm',NULL,NULL),(59,1,59,2,'application/vnd.oma.dd2+xml',NULL,NULL),(60,1,88,0,'text/vnd.curl.mcurl',NULL,NULL),(61,3,84,0,'application/x-xpinstall',NULL,NULL),(62,1,21,64,'audio/x-aiff',NULL,NULL),(63,3,49,74367233,'application/vnd.wap.wmlscriptc',NULL,NULL),(64,1,69,348115,'application/vnd.trueapp',NULL,NULL),(65,3,21,0,'application/vnd.las.las+xml',NULL,NULL),(66,2,2,356,'text/troff',NULL,NULL),(67,1,72,7093,'application/x-texinfo',NULL,NULL),(68,3,81,73,'application/x-freearc',NULL,NULL),(69,1,45,3,'application/xhtml+xml',NULL,NULL),(70,2,29,632,'image/webp',NULL,NULL),(71,2,49,46,'application/x-stuffit',NULL,NULL),(72,1,17,71278,'text/x-nfo',NULL,NULL),(73,1,37,30669,'application/atom+xml',NULL,NULL),(74,1,33,3193746,'application/vnd.oasis.opendocument.formula',NULL,NULL),(75,3,41,72928,'application/x-msdownload',NULL,NULL),(76,1,85,0,'video/x-flv',NULL,NULL),(77,1,38,744,'application/vnd.ms-powerpoint.slide.macroenab',NULL,NULL),(78,1,93,1744983,'application/vnd.ms-ims',NULL,NULL),(79,3,21,1,'application/postscript',NULL,NULL),(80,2,77,95556,'video/ogg',NULL,NULL),(81,2,17,93046,'application/vnd.dece.ttml+xml',NULL,NULL),(82,3,56,10,'application/x-cdlink',NULL,NULL),(83,3,67,35464,'video/quicktime',NULL,NULL),(84,2,98,9440,'application/vnd.wt.stf',NULL,NULL),(85,1,82,9860867,'application/vnd.quark.quarkxpress',NULL,NULL),(86,1,70,60,'application/epub+zip',NULL,NULL),(87,1,58,919,'application/pkix-pkipath',NULL,NULL),(88,3,35,88902608,'application/x-tex',NULL,NULL),(89,3,95,138378,'application/vnd.las.las+xml','PNG\r\n\Z\n\0\0\0\rIHDR\0\0r\0\0A\0\0\0P&\0\0\0$PLTENF\0\0ꄦۭ{6\0q\0\0:3/Z\0\08IDATx^왿nZEH*D)RT),sޙ08,	+0[|1\0\0\0\0\0\0\0\0\0\0\0\0\0\0\0\0\0\0\0\0\0\0\0\0\0r\0|n=6`Af&QbfT1\03\Zkv\0\\V)AZ}ܒ`nUgO}aPnM`A&0rOvܿ0wAv\Zb9s{ݘQ1sva|Ks\'ͽ?A*׀N@(R\"r64^U۪d	HV^=S*W$~JH2֚(O=\0fnD6sc4y8471/M!/ ,sܿ̂bzW;Q,_ JXkJefܔn9qXA[]Kh\nY3sO,jHgndi\'k4S_roRɁ)Hu5Kݯ`$RH\"@~ލӼIۨ\\3n\0,}ᨫ,5b\Z$bCkLX\rߑ~Z\\\"mcU.)lk,@OnO.47x?4pD鄹k\0ezR.\Z1Ukh\n`.[Ӂ]i8\\e˹Z5ЕiKD}=3\nX5q92Ws7UfJ59^S?AM\06뵙mܮ{GL4㕔507\\B\r~nAF\\͈Z0jg.!\rw|V\'uR:W3LIa5w|*.PUn7(U%֌1ԔԵњtu.$֠%_uYЍ;s%P0bxOsLd\0-$o볒F=Rga}pj(^\\xacxau/+ܾF/a\\![)A഻R\"SVؙmfɝ\\:nYӜ2YWOr+ 6}͒\\!5-ޑk,]\n	bȔǀoXm(֚2851U扈N\Z>v\'unzGR|Z5We3דVQ׸/5w6\0&z;\r^t.;yZ2Jk>\r\0|=\0ؗ\0\0\"K`_ݱN#W#F.	\0iE+Zp*\"M۸xq(\\tV!:\0\0\0\0\0\0\0\0\0\0\0\0\0\0\0\0\0\0\0\0\0\0\0t~\"XϏt	h\"}ErArsBrArAr\\\\\\$wZ,}rܦ=ݔ}hw-efO.-R5e<Hr;m].~:Ht}b{ErEDO.ۗN&>ErNKy.]Oy~ArmӗR\"..&ɝ.?;4hŻeC\Z:0q6{rql{Ou;&\"tO.s#Ǹ_fy̟\\J)aUR.*yr\'7sc[s    H.Hn\"H.H.H.J.^\Z$drf~H.Vw?1㤠YݮRzzpwJ(ۻu2~6\rhV/Er(ۮ۶fzE>}ꅱ9_^0yꅋezQ{AƲUk*`ZeaPW*F$9?@]P\ZE٪^RŠ=ʠ\ZekP?@fTl=lGR2@Ag6ol\r*PekPZllU/V*[KOA?_0ןvQyŲ5ɠtF]ܜW([]EU~VSZA7^lݜGUW\nm*ӳ\ZWaVOXU+[\Z޹6uQx\'B|0<4D?\"8OIAJE\"kQ8GPŗ}&\0ܶm2E5*an6C\ZQS\\rA.̥Z}oڱ~SJjfKR-k$3gjӲ0̓ɅurAerang\\rA|\\\\r!rZttLe=C WIa	r/G wTX_V h5-J>lrsA]K4\'z8iRјV\rm(t{zԏFY\nr\rƘ<VlGeA/syҩ8rjbh	UHjef?	Ւx /U%{<g%tw>kF67kw\"WJ\ri5!LS7׊<U<Tiyϝ|闗=Z&7sz=ٹKrSZl)>LUUZ>\rU]YD\0s,!=m\Z8 :;9\'n,Ԙ(/7Kxz-j쎾W#]U< $_ir$<ݛ	jr#rAnhn⭎\Zn,m[h\rb1=/=&*ӽl.t;dLnB.6?ȝEN,Yj۴/\Zr뀷lv\"y\\א\'[ɘ܀\\ۏI6_AnW	fʑÛ~-UjC$ґ;O沽D^~[Iܐ\\\\3pn܎e\nRG]hls3\"F\\fߖ8+eL*Jyb.gc6\\XFXpe$9@#4\\&7&s\'ZӹlarpVS+6YLv3?}5-.#w3s?#Fhdfٌ){44uzYtV)G܂	N\'u{j+ V:9s9Yd~a.cnOn~٘L!Wh\"\'w8\\@si=&xWMٸS=pj(	<8ev EeJǚ\'D7e˲%5ȂVI%|@Os!yy@n{s5kݳ^^@kT%g߮$bc-\\k8\rBC)j\\ͮ{ʻֻ+Y.}wr[+rj^Ȼy@.ȅ@.rA.rA.ȅ@. \Zr06\\e,mRU%Ԇ`n6CZ)~,M3R>9S?k.䭴þm\n.;	iJZiv[ܖp=Agu^j1,ķ N	U+jM9Ԥ	OkBbQ14Z3oqv!ߦ	y[kP8uE7-\'\'3ܜ]h\\+nv2\0,@/\'-Kea[C\'-b[Vuu.f%5Nσ/	9&`8!_]4o\'-o=a8!{Wx\'lv&`8Q{1;\0՟WpfNtl&[	pZJ~Skx\ZN~an[>㩧ۮ*v@HP=(1?4hv0 \\G~@RP=Hp[UR{pRͺrMd	É~PV $)wA7l2ɘi#pMNDrˏ\r7Ft9!R &Ƞ{F\r\rvroKf.=8m#\Z	o<2ld6 KMJA<wD2yR+Cȕ <(\n䊹`oV$nPrA.A.e%rA. \\/\\rE#\ZDQtrA.ȽDwQ`O/!]/ #MP0E5*=i8\';&YuOS?\Z]# wHrrzk^WH.pvw h ;}\'6;vWH.FջhW2\\so?N.\\+RI#zyLͣM0+WynNgRJJDtQ4א<&-B{,&7?{\Z:긫M4ЮNavR11wo繢đY\'P~0\"^TiEs=zDۏ߳Ŀ&LR\"\'%/Xr7E\\\\m+|^$J<9; ڜ體;paK.WDfԺRb:L:rm07C䒭$F$\\Y}w.\\\nMj]T&vr>BeYruٻaKs7\ZD#z],rAԺRbcrXuO7k3B&\\Qr\ZΥ֕Jq66m=1&>ZrJ1wO ؚ}k\"Os[áXWJs|05rD{4[JKEP\\\\cb])nD6rrA.WQ[LI<Cd:+\Z\"%f\ZيR3Sќ/, \\rA. \\rA.\Z\\rAn9j{[ȕRAB^$*e\\3,\Z`J5\"rAZIS$]ĵt ,tj,W W7Vwp!r QbgߵޕcZdC\0?..\\o]@vkn->]DXe&<nM2?[DlЋU&u9$fUZq8%:YTX o\"AZg*~J6	/˄Ԃ;Kz;?|yz^:XT4ꌂ-s*<iSZn{Yb]1q0u\Ztkɹ4U\nV뼳`?)e\\5;KA_O.},7Q(0	ul\ZDA7HW%\r~fJx]1P,#{*QUw\r٨F& \'i**,-;\Zd#a\rnzIA^.ؗ,ʒg_j4\'.q!\'ݮ6:^w]G5Bզ0/Bn/rQн\ZNVNQn-*bW?cjI\nauF8>@80\'8EP)p4C,$	ܸm`4j~{9^&A2	?$&FWdw\'ACi;H;r?yZd#Q4}\0CrqMN6wMp\'$AP6bW;.~	SuKGr\\?B%w1nl\r]JZEṄ\\uxd]K]}--Č`W3GT	?fX?zR>qEwhR\0IMl4h蚉\"_!r_(0#W._4jТ(o4w +\'83$蓛j6sqUʵ@~?]6yx.nB\\Izn$frrJ\Z.fH._*卫܅MoB.,*L.t=_s0\\lӓ-Hp#J|g!7KBnKÙ-@:ϟLn&ڏOn&7fr3fOn&7n۝;LW؋mfVfr3nvϕ1q@dFe^;cZ-u6{{r\\b?~R$w~r˶m_~5r3#[/Y~sf=N?p_K=ϯi\"%wlHjлfs_U+#rr̚\\\\&{s]\"<IY~zg<J&[o>>|!w9Xq\nFg@.d|iLiz[ŭc\ZiJu[Er7<^ܰm5rѴnIbfMWN.,VF.9<Gv&6$萻	{zx\n\n{-\\̬i|r,VD.9nʏj&\\CG:r؛}F0 3\n-\\̬+_2K}sTՐ[	Ev<ߑgFNJi1/>uK 2kʩiL钝/v#!RuW{3:rNH.]\'6d:dhZFsނ%54dɸX3[{1Ϸ|Ts#O$Ź\nRXaKCG\"rǭ-\\Ȭ)1eKɥf5k?{/&\']mAF.mF w0&LǀM%][ZQȅ̚2\ZSdZ\\:~q[\'n\"1卽R%ׄJn{A#\n#rt4KK![Y#%Iy=ׯ|[᷀p,Z&\n#2rK+;Tr1KV\'oWc~rgKYmAcaKb.MK%][wn)bf\rcʗNnBU2\\ݷPTsE0\"#Lon4\\е-K95)[r~\\sxzn4\\е-[\nY1KN<\\Vad90\"20 t-\\̬3ْifr9ǀM?沭@ݔ,-c\n6w\"2\\rfr3=Ln&7fr3Ln&7frSLn&7?$LnFc~Rr3	?|fr3-t\\ ̃=-lm\Z]\"ՙ)*	o`07\\Yӓ;̀\\bu 7FjMorWJ	\\)jXGQ	#)\rs!7QwNS6/Qt}ax^NK.-VNx;NyޚNa(ۦO`ۙ{߱\rd7\n_mpQA.+0$l=+I3Y#5X\\	\0DA.}P$ީ\"*t]r{rGr)ꢋ$JBA\"ԨP\"^ޥ/*8@N!r#\'p12aߏ.z&OW(xۃ>\rxǗ?W=4%5zZ6}μh]:\r10Ny\Z. b+*XrB`:7ѡQlxt|Pv?vE-W #bͱ0(\Zrnag|px-kY[Gp)O\nⒼna ]»Zw賲I@A\"b\Z\\LY:,v:ͮ:B}P7qu-u	(sxtjA.s`u\'^@ǂ`\0Hd\r=J;ݸHN0/@{+HD7Et#L`ߐ1\\WCXeie͹X\'bSZ+=:5PHpr17C5۟=]#T\no:1Q[4F.1Átmϔ\"]hn2gTaϩ%LRe7Pv=Gקj]ܳ覩c`M+@vͦeb6TM(r`̈́ղJwsN`hw:˻N=;{:c\Zr4\\3Ɖ\nv(.-^b 9rq	\Zo=H17?N_ov`yُHŃZa<0=,c\n,#gu\ne!hd\"	]cY{QWvy o>=h<ထ1ʭJPηY\ZxFK$y؊rvYa>@ұRWux]3]u鸖)	CՁkϊ΅nAD9\\	ċ	F儡Վغ\nP;veέNDA҈s.M*1lɥ8<A\'{6A6\nvfRIZ#@*bra$VVFL~,|Ժ25@\0\'r %wޅ:zy\\.a_G3$So:nA&N@J!*N,*x\0#1ұI3ʀר<\0/\Z3:]C<fvg:_~|ndBnw/_KnwuW^𰅯E:N:N:N:N:N:N:Nv*fNnNE.Ǡ</\'J!#7/!S֜&*A1Qn1>u~wmЉȍ*dߠ(Je8{0r4\0Jȡf_e8>t<\Z_\"p؛^d@喘GY^w\rv~S;ڊDcIX-QP_\"=#ieotU\\K3ك\'M(^9h9X|cB@/=.A7R f m8_ɚ~ɦjѶ6z\r:ݑ2#B%\rW\rΦbOnSG(l({LfXI69Ŀ\'TH]AK9^QAetw^ƭ̱bPg\rb\\Gfh\\Xaqy\rr_\'mz\n!	IlWs^Zp-SLfT\'wGlSHvܔ+Tb>ZY\'\n[D:{iH`BM ~o@67goD\r@S\rHRFar)΀4	e:KaB,(=ܜ&Fɐ{D\"t\rd @.!{72J+QDڛ\0\\cKܸn\r:{@-\n`>\nWx)3C]G[-T\r;B1fys^\\ZgKIq3\rC*K.G#c\"c\r!4+*9ڻXνE*]*o\r7xS>zSqJ˔/~/Ez23b	J%IEqdJAi\r}nܢc\\\Z=26f5~\\[H])9֐sNwC.`tPU-D|kT\ZjKXb C\'u-~}Gg</O\r%LlP\re5lT]\'g	x\\ZOgj?Zy4g/3&dM=\\o{1йwE=KX@KELHŇ}o&5]bޡV oxOhУڈ$`@nL(OV%]G.fSrj>2xrm}|f#%ߟSC>4HdE\0K\ns?o8jB364%(-68o9ۂhUe5QzSMBh|WjV%Wйg(RT@nrg]K7ri,@FT|.Ykl!j1Vish*U\rN?lObQm/sr&f&>s}\0-쮘A:eCuwi,x:ίi%XB焋Q;P+\r#^(\"x\'y9ם27g8^:[\\/oCg$s$wiЮBƖF1)QZTS79I\Z>{bJ3g\0Kq\0^Cx24<TYoRAEeO}8_Vg:d\0~{v=\r)z0bIje#lg\\?\Z0rLn6\rJ̦\rSC;>-<\';BrAjJn\0r*,6>)847,ځ\0\'噩T4&_grU,oS^ub6Yr繤K\0-^nҨ&H;1,LeXqE(;|[\Z/@	]d\n+:\0j}Ǩ@|VdVx)CC=64mr$*B6a{\\L6\\4KN&Kn,0n810i/P  2Vk4`FLk(f,0蠮\0vIQgE-@\r@ooc,X{Ht7`Qi\ZEvoӺeP!cDf;x&]Qv\r`RM\",j144iC1:z\'\'o\"]x-&oМ\\\'ur\\\'ur\\\'ur\\\'ur\\\'ur\\\'ur\\\'urrfm\0a D4LL6--:\Z\03wb/V\\o\0}7SWLW g/7,@d,ի=9BЋ,ENFKbq\0N0ka_XNE (潊P\0\0\0\0\0\0\0\0\0\0\0\0\0\0\0Fl渎y;~mߊ)oOicek~/SQ*WdC^\\.ToQW_\rzrS37k+7UnRѢ\\nursUnʍsʍC\rV)W;q%\n~ZHKAZ؏%gi(Ǿb*߭aS7΀!3a\Z9mwN^erMP2ytIuwxeKdsph(@X2@[hG*_¸N\'5F3nssE\r5)\\FsT,t}(07j]jtcƘ)z2hvD\\9~lYЫY%\'gPGsm,!5:ғz-U		V=[rvBgp͜:.}gyˣdYfMx?au頒ZzJYx YV:\\oEW|+k4t̾o\rZ^6D*\rB6VeQy>nx/ꭗ{|4q\'sLժg9::HM:R^Rωe﹆2BE6|e͚zz	UpC_Ul0-Tʕ*wtX!>׮f,tʍDr`zj\re͚:Җ--7@qILkr窼pӥ{,[SnëmѡtG4,z&TBk/tSpm`Ϛ5B@rOF;U.лPP!+3K>Grrk>%^&;+GV\\X1ڠ\\[#}+(/^P{VCLK(rO	78vYYaL[η{R^O6e54Fkk4u9jVrṣGS6tz7:F5e84K$+F+rggR\Z{\\ʲAQuX ?q/5|?]^}|FZU\\\rOWKSGZ4;3\Z{\\:{P;8=rKs)@rAHNPriHKZ_*\Z{\\ʦsE=^ܕN}I蛌rePJKVvuGKʥ\'MB_S`.\"kǤ+(-vat|l-hʚݾkS!wǤ%K$+#\'/2ʅ&ʥܔ}Dzk!:\\Gqv/AKm䛡.y&T?뀤(xZL+te\rj9J>kԓ\rڸ\"J#%;RVa=(=nprsx1(ӄ>(Wf~0IQz2{\0/i>.LP4kJC-v8fM=\'(ǐ05<lfU{hI4%Kzc|vwr\nʽ?耤(`P> +BL^ǠSĲfMi(/dCsk̂yIQ{CfF/eoȗNVa%FIQ^(WeGݛZ\\\Z֬\']IʟD˺ʲ(\\)OR8)@/ \"(JS\'e\rßTߎr(((-(-((-((-(~&킂jƃzP(ma<W\Z_d#g|Va|]TnmA|{R?E㽢\\a7}\r\0Lh|_yNu:sW6Pܷ:sr1{ET6P9)W(lRǳ!cQ--\Z* ;qR:B/c?G_nOW=T<x^eڎIZƴ7\0QnQ֥=\r(H \\m#_CIBOv\'YAfU(A+d!tjGZƴ7\0\\j{&[Pzu#^_س|BgKzb\'튓*Uv8%rp=1M	7@Br.l@AF6[9=5ҩ%~}#(1[JDĝԌi4x\rVs*f\rދO(/;\'~U#}+ᔷkDp[U4H9\\TtLzmp\';X3قċتפB_=ȷPK^VXषJUةQÕi_/\0]LK]3نNDbGGNvȕF֨RE}I˘=âYdid\n>j],$Lr\'4H:K˯rTr`^aڗ*i7@nҞw(W>4,$Lr%Tө_^VM]ꕫ5%Ziδ5P|T!,{L{&߃fKM,4l\nMV6N=ʭ/rꕫg.iδorC}6.ڃcsj2cr	=yH=ʭBrE(i6ZͧS7(w&\\	t{;%]Qr]rODpSMUi>Y{\r	Ҟ(.\'Ƭr(\nz_R⤗ܞcLdm sʥ=(^|h163c?G>Q_j\\#Ë ENjGZƴO\ZlpnaM\'x3\nR/)^LY9=qۛz){8R5%zjC\'Ef|eL7@sהK{&PZ[A)BՂzeIoW\'xՌi4^g\rދO6~trz-ǞKz)w75ᤷF+g3֫&\ri>\rֿ=M(Hix^\r9g>Bz|֨g\\iiF7g@{;(\0a\0X/s:@R[ 3p(0m-p\0\0\0\0\0\0\0\0\0\0\0\0\rIH\0\0\0\0IENDB`',NULL),(90,2,88,63287,'application/pgp-encrypted',NULL,NULL),(91,2,87,88118166,'image/gif',NULL,NULL),(92,3,60,10454,'application/postscript',NULL,NULL),(93,1,78,5499772,'application/pkixcmp',NULL,NULL),(94,2,11,340668825,'model/mesh',NULL,NULL),(95,3,15,192778045,'application/xop+xml',NULL,NULL),(96,3,39,934479430,'application/vnd.fdsn.mseed',NULL,NULL),(97,1,66,71341,'application/vnd.ms-xpsdocument',NULL,NULL),(98,3,18,3,'application/x-sv4cpio',NULL,NULL),(99,1,30,64070334,'audio/vnd.dece.audio',NULL,NULL),(100,1,43,9680,'model/vnd.dwf',NULL,NULL);
/*!40000 ALTER TABLE `media` ENABLE KEYS */;
UNLOCK TABLES;

--
-- Table structure for table `media_types`
--

DROP TABLE IF EXISTS `media_types`;
/*!40101 SET @saved_cs_client     = @@character_set_client */;
/*!40101 SET character_set_client = utf8 */;
CREATE TABLE `media_types` (
  `id` int(10) unsigned NOT NULL AUTO_INCREMENT,
  `name` varchar(45) COLLATE utf8mb4_unicode_ci NOT NULL,
  PRIMARY KEY (`id`)
) ENGINE=InnoDB AUTO_INCREMENT=4 DEFAULT CHARSET=utf8mb4 COLLATE=utf8mb4_unicode_ci;
/*!40101 SET character_set_client = @saved_cs_client */;

--
-- Dumping data for table `media_types`
--

LOCK TABLES `media_types` WRITE;
/*!40000 ALTER TABLE `media_types` DISABLE KEYS */;
INSERT INTO `media_types` VALUES (1,'audio'),(2,'img'),(3,'video');
/*!40000 ALTER TABLE `media_types` ENABLE KEYS */;
UNLOCK TABLES;

--
-- Table structure for table `messages`
--

DROP TABLE IF EXISTS `messages`;
/*!40101 SET @saved_cs_client     = @@character_set_client */;
/*!40101 SET character_set_client = utf8 */;
CREATE TABLE `messages` (
  `id` int(10) unsigned NOT NULL AUTO_INCREMENT,
  `from_users_id` int(10) unsigned NOT NULL,
  `to_users_id` int(10) unsigned NOT NULL,
  `text` text COLLATE utf8mb4_unicode_ci DEFAULT NULL,
  `created_at` datetime NOT NULL DEFAULT current_timestamp(),
  `read_at` datetime DEFAULT NULL,
  PRIMARY KEY (`id`),
  KEY `fk_messages_users1_idx` (`from_users_id`),
  KEY `fk_messages_users2_idx` (`to_users_id`),
  CONSTRAINT `fk_messages_users1` FOREIGN KEY (`from_users_id`) REFERENCES `users` (`id`),
  CONSTRAINT `fk_messages_users2` FOREIGN KEY (`to_users_id`) REFERENCES `users` (`id`)
) ENGINE=InnoDB AUTO_INCREMENT=101 DEFAULT CHARSET=utf8mb4 COLLATE=utf8mb4_unicode_ci;
/*!40101 SET character_set_client = @saved_cs_client */;

--
-- Dumping data for table `messages`
--

LOCK TABLES `messages` WRITE;
/*!40000 ALTER TABLE `messages` DISABLE KEYS */;
INSERT INTO `messages` VALUES (1,26,6,'Quia similique numquam ipsum in cupiditate.','1982-06-22 15:04:39',NULL),(2,95,33,'Reiciendis dicta occaecati veritatis provident quis esse.','2005-03-22 10:59:52',NULL),(3,50,40,'Expedita et exercitationem est nulla vel ea commodi.','2012-06-14 18:43:30','1970-06-14 18:02:17'),(4,26,82,'Nisi fuga dignissimos velit voluptates quasi explicabo animi facilis.','2007-08-06 06:46:25',NULL),(5,47,71,'Qui neque iure ut perferendis adipisci et et esse.','1979-11-30 05:46:03','2020-04-01 04:15:52'),(6,59,12,'Non est autem rem eveniet iusto corporis.','2014-05-27 16:12:54',NULL),(7,43,31,'Et blanditiis id enim numquam minus aut nostrum.','2019-11-02 18:16:43',NULL),(8,87,77,'Omnis amet velit repellat eum nihil.','1998-02-15 18:53:42','2011-12-14 04:53:21'),(9,70,65,'Nulla qui deserunt unde molestias ut ullam.','1997-10-16 10:25:32','1995-10-01 02:20:50'),(10,70,37,'Sunt numquam consequatur cupiditate nulla eligendi in.','1988-03-02 20:12:29',NULL),(11,58,2,'Et nihil et atque velit.','1988-04-09 03:18:58','2016-08-01 03:16:50'),(12,35,84,'Eligendi iure cupiditate voluptatem unde id dolor officia.','2020-05-07 15:10:58','1979-08-20 07:14:55'),(13,48,56,'Voluptas et quidem rem nisi molestiae et est.','2005-11-03 23:03:17','1976-05-27 00:38:45'),(14,82,90,'Dicta voluptatem reiciendis eaque.','1975-11-04 03:49:24','2020-06-12 13:26:56'),(15,33,78,'Id ipsum culpa quasi et voluptatum atque laboriosam.','1970-04-02 06:25:02','1981-11-02 13:23:33'),(16,44,58,'Est voluptas non eum impedit eius commodi quo.','1980-01-12 02:37:31','2005-01-26 06:30:36'),(17,83,39,'Incidunt similique non dolores eum molestias non.','1991-07-21 04:12:29','2013-05-12 15:53:35'),(18,91,33,'Sit doloribus sequi et cum dolorem deserunt itaque.','2020-11-05 15:31:17',NULL),(19,79,16,'Natus rerum dolorem sed blanditiis consequuntur sit.','2004-05-06 20:52:02',NULL),(20,14,25,'Reiciendis mollitia impedit in architecto quos sit.','2020-05-29 09:57:56',NULL),(21,87,72,'Illo debitis aliquid architecto.','1999-07-10 14:18:05','2018-08-13 06:21:19'),(22,36,29,'Ipsa dolorem nulla sunt eum voluptatem quas veniam.','1976-08-09 21:05:38','1983-05-01 21:18:01'),(23,3,23,'Odit asperiores fugit illo harum officiis quia debitis.','1996-06-13 21:29:24','1976-06-28 10:57:27'),(24,6,72,'Nesciunt quasi labore provident cum.','2014-05-24 21:28:10',NULL),(25,88,75,'Molestiae doloremque excepturi expedita aut laudantium magni voluptatem.','2012-10-28 14:14:30','1992-02-20 06:16:50'),(26,9,46,'Debitis voluptatibus rerum quo cupiditate.','1973-12-01 21:17:32',NULL),(27,77,44,'Similique autem at quos voluptatum.','2019-11-26 08:40:39',NULL),(28,29,25,'Ab perferendis maxime libero architecto omnis et dolor illum.','1977-10-31 01:37:04','1989-07-20 15:30:22'),(29,99,10,'Et ullam ut sint ut alias aut totam.','2012-11-12 03:22:57',NULL),(30,14,31,'Quibusdam praesentium voluptas beatae et officia fuga.','1981-03-22 21:04:41',NULL),(31,87,58,'Non velit neque dicta officia laudantium fugiat facere qui.','1997-05-16 19:03:17','1987-02-14 15:25:15'),(32,89,70,'Et odit repellendus eum modi molestiae voluptas atque.','2019-05-09 11:46:45','2013-02-22 13:49:21'),(33,97,80,'Modi voluptatem sequi ut.','1989-06-28 07:52:55',NULL),(34,3,75,'Aut atque earum est voluptatem.','2018-12-14 18:24:00','2012-11-07 12:24:34'),(35,95,16,'Laudantium tempore saepe quisquam quis nostrum natus tempora aliquam.','1986-08-15 09:19:43',NULL),(36,99,81,'Ducimus corrupti sit a harum rem earum adipisci.','2008-08-14 08:09:07','1998-11-24 09:33:38'),(37,88,35,'Cumque doloremque maxime fugit vel iusto quidem voluptatum.','2021-01-03 23:42:41','2015-01-24 02:23:19'),(38,10,90,'Et vel nam consequatur fugit.','1987-10-27 06:00:37','1994-06-28 02:21:19'),(39,58,16,'Sint dolorem corrupti deserunt et rem fugiat est.','1978-09-04 15:11:59','1983-11-03 06:48:07'),(40,62,45,'Dolores neque rerum officiis velit sunt.','1980-08-18 21:18:16',NULL),(41,91,70,'Voluptates magnam voluptatibus nostrum fuga.','1998-04-03 19:34:56',NULL),(42,90,68,'Laboriosam et est autem dicta praesentium qui.','2005-05-12 03:21:20',NULL),(43,13,18,'Facere dolor tempore dolor facilis omnis sit optio voluptates.','2004-01-27 20:46:27','1980-03-26 18:28:31'),(44,92,12,'Labore esse debitis saepe quia rerum ut et.','1984-02-16 05:35:26','1975-08-05 10:29:47'),(45,28,5,'Sunt est ab aut assumenda et qui non.','1976-02-05 01:56:29',NULL),(46,43,15,'Eaque deleniti quia cumque porro.','1974-10-16 08:31:48','1977-11-23 20:14:41'),(47,63,32,'Voluptatem libero ea omnis suscipit.','2013-09-24 19:07:53','1980-06-30 23:09:19'),(48,85,59,'Sint quo qui est veniam.','2020-06-21 04:37:05',NULL),(49,11,87,'Repudiandae est doloribus et consequatur perferendis.','2001-06-18 13:28:21','1970-04-24 23:04:31'),(50,33,5,'Perspiciatis dolor quidem in in possimus.','1986-05-24 05:09:49',NULL),(51,2,32,'Et earum iste occaecati neque vitae ea.','2013-08-12 12:31:49','2006-02-17 10:02:46'),(52,86,90,'Est deserunt suscipit rerum harum.','1997-09-13 18:24:36','2003-11-28 21:33:44'),(53,66,96,'Quae velit perspiciatis maxime et iure tempora ad et.','1998-05-01 13:02:41',NULL),(54,80,23,'Occaecati dolores amet in qui.','1984-07-09 16:24:50','1996-12-19 18:23:19'),(55,11,41,'Quis ut qui eum.','1978-03-31 02:37:38',NULL),(56,68,2,'Sunt recusandae doloribus debitis cum porro.','2020-07-16 20:24:22',NULL),(57,11,58,'Qui nemo amet pariatur vel deserunt qui dolore.','1974-03-23 02:48:53','2004-06-23 11:28:27'),(58,69,24,'Veritatis rerum incidunt blanditiis recusandae esse perspiciatis.','2015-03-11 14:18:06',NULL),(59,75,60,'Perspiciatis nulla nihil exercitationem sequi omnis.','1973-07-20 04:15:09','1991-01-04 11:18:27'),(60,35,3,'In voluptatum labore possimus fugit.','1993-08-27 11:50:57','1988-08-07 19:31:23'),(61,65,78,'Facilis assumenda blanditiis quo.','1999-11-24 23:55:19','1990-08-25 18:22:32'),(62,17,27,'Et sit assumenda doloribus sint sit natus.','2007-07-11 00:41:14','1979-05-23 10:04:22'),(63,9,1,'Similique libero quo quo omnis quam.','2000-02-20 15:34:55','2004-02-07 03:10:16'),(64,85,19,'Architecto magni explicabo deleniti deleniti vero velit ut.','1978-09-04 04:20:44',NULL),(65,88,17,'Cupiditate at ratione nisi assumenda quo quo magni voluptatem.','2013-08-25 08:57:16',NULL),(66,24,90,'Tempora eum eaque doloremque quasi aut rerum et exercitationem.','1998-02-07 07:25:15','1974-06-12 07:50:12'),(67,49,10,'Iusto labore velit nostrum rerum.','1979-06-24 16:06:56','1988-08-20 05:24:28'),(68,79,14,'Illo quidem id quia eos.','2014-11-24 13:59:38',NULL),(69,5,58,'Rerum quis dolorem sunt magnam.','2016-05-29 13:55:06',NULL),(70,37,16,'Quis qui voluptas est labore laudantium.','1998-05-29 23:01:51',NULL),(71,99,5,'Ipsa et eaque optio repudiandae.','1988-07-18 00:51:57','1994-09-21 04:58:01'),(72,17,9,'Maiores aut molestiae error quaerat minus.','2013-02-25 01:27:11','1991-07-03 08:10:02'),(73,62,85,'Voluptates dolores sint ut necessitatibus unde molestias.','2000-06-02 18:23:14',NULL),(74,32,36,'Maiores dolores eos aspernatur ea eligendi quae.','2006-12-21 06:36:39',NULL),(75,45,67,'Voluptas assumenda eum sint vel ex modi impedit.','1984-02-18 20:16:58',NULL),(76,39,9,'Maiores ducimus velit dolorum debitis voluptates.','1991-12-13 16:42:47','1980-05-05 10:14:51'),(77,45,56,'Ut dolorum eaque quis in expedita non et.','1980-04-14 15:24:04','2020-03-07 16:51:30'),(78,36,53,'Ab ratione illum velit voluptatem earum possimus magni.','1971-12-02 14:07:43',NULL),(79,57,20,'Esse perspiciatis velit error nemo rerum.','1992-04-03 11:37:25','2010-02-02 06:03:16'),(80,72,44,'Error recusandae quaerat ex eligendi repellat architecto.','2010-02-15 15:38:37','1979-12-19 21:14:51'),(81,37,95,'Voluptas adipisci quisquam et illo est error.','1996-05-23 21:46:59','1990-01-25 21:56:50'),(82,33,85,'Corrupti corrupti error impedit quos neque.','1991-09-05 15:52:22',NULL),(83,4,12,'Eaque ut omnis voluptatem.','1987-03-06 23:57:49','2001-09-26 14:50:20'),(84,99,9,'Repellat tempora et beatae aliquam sequi perferendis adipisci est.','1974-07-14 06:49:44',NULL),(85,69,36,'Vel a repellat neque et molestiae consequuntur autem.','1999-08-17 07:57:11','1985-07-28 04:22:31'),(86,24,68,'Voluptatum quia ex qui consectetur quas ex cum.','2003-02-13 00:32:19',NULL),(87,40,41,'Vel et aut esse occaecati pariatur veritatis.','1992-09-30 19:38:57','1992-03-13 18:42:51'),(88,76,1,'Veritatis nesciunt corrupti illum deleniti nam.','2005-05-05 07:40:54',NULL),(89,26,8,'Quam qui perspiciatis voluptatem similique fugit molestias dolor voluptatibus.','1971-06-08 07:38:12','2005-09-05 18:55:41'),(90,37,70,'Nulla ut autem reprehenderit neque perspiciatis aut molestiae.','2014-04-04 16:29:41','2005-11-08 16:02:32'),(91,75,75,'Hic consectetur minus ad et est dignissimos cupiditate.','2017-09-18 03:14:57','2003-06-02 00:02:18'),(92,79,20,'In delectus ex porro eum omnis est.','2005-08-12 10:53:35','2009-11-17 15:01:24'),(93,31,14,'Facilis laudantium nam nesciunt officia.','1992-01-18 17:59:14',NULL),(94,72,87,'Neque saepe ullam dolor minima magni fugit.','1980-08-19 11:04:18','1993-01-13 21:38:09'),(95,34,43,'Quia tenetur est voluptatum voluptate.','1975-07-08 18:17:37','1972-12-12 16:30:14'),(96,30,70,'Fugit velit explicabo earum beatae voluptates.','2000-04-09 20:09:36',NULL),(97,38,62,'Laudantium sit quibusdam a numquam est numquam.','2018-10-23 17:25:14',NULL),(98,55,41,'Sunt quo suscipit sed non repellendus quo.','1994-03-11 13:10:04',NULL),(99,74,53,'Est voluptatibus fuga est eos ut.','2011-09-10 08:12:52',NULL),(100,49,43,'Eos et ut ad et.','2011-06-22 12:51:24',NULL);
/*!40000 ALTER TABLE `messages` ENABLE KEYS */;
UNLOCK TABLES;

--
-- Table structure for table `posts`
--

DROP TABLE IF EXISTS `posts`;
/*!40101 SET @saved_cs_client     = @@character_set_client */;
/*!40101 SET character_set_client = utf8 */;
CREATE TABLE `posts` (
  `id` int(10) unsigned NOT NULL AUTO_INCREMENT,
  `posts_id` int(10) unsigned DEFAULT NULL,
  `users_id` int(10) unsigned NOT NULL,
  `communities_id` int(10) unsigned DEFAULT NULL,
  `text` text COLLATE utf8mb4_unicode_ci DEFAULT NULL,
  `created_at` datetime NOT NULL DEFAULT current_timestamp(),
  `media_id` int(10) unsigned NOT NULL,
  PRIMARY KEY (`id`),
  KEY `fk_posts_users1_idx` (`users_id`),
  KEY `fk_posts_communities1_idx` (`communities_id`),
  KEY `fk_posts_media1_idx` (`media_id`),
  KEY `fk_posts_posts1_idx` (`posts_id`),
  CONSTRAINT `fk_posts_communities1` FOREIGN KEY (`communities_id`) REFERENCES `communities` (`id`),
  CONSTRAINT `fk_posts_media1` FOREIGN KEY (`media_id`) REFERENCES `media` (`id`),
  CONSTRAINT `fk_posts_posts1` FOREIGN KEY (`posts_id`) REFERENCES `posts` (`id`),
  CONSTRAINT `fk_posts_users1` FOREIGN KEY (`users_id`) REFERENCES `users` (`id`)
) ENGINE=InnoDB AUTO_INCREMENT=101 DEFAULT CHARSET=utf8mb4 COLLATE=utf8mb4_unicode_ci;
/*!40101 SET character_set_client = @saved_cs_client */;

--
-- Dumping data for table `posts`
--

LOCK TABLES `posts` WRITE;
/*!40000 ALTER TABLE `posts` DISABLE KEYS */;
INSERT INTO `posts` VALUES (1,NULL,91,2,'Quia quis aspernatur exercitationem omnis.','1970-09-15 16:44:26',1),(2,NULL,73,4,'Enim eligendi dignissimos earum voluptas.','2017-03-11 12:22:53',30),(3,NULL,62,1,'Rerum aut eveniet unde id excepturi dolore.','1976-10-22 17:17:41',92),(4,NULL,3,1,'Qui aperiam debitis veritatis libero veniam.','1999-12-10 13:52:13',52),(5,NULL,78,7,'Possimus consectetur autem sapiente fuga provident placeat deleniti.','1984-01-29 00:33:14',57),(6,NULL,22,3,'Dolores perferendis reiciendis et eaque laborum.','1978-12-12 06:59:15',78),(7,NULL,13,7,'Optio quidem ipsa cupiditate assumenda eius temporibus vel.','1994-12-11 09:17:57',57),(8,NULL,45,8,'Quibusdam autem veritatis sed qui quis at.','1996-12-17 16:30:30',30),(9,NULL,47,4,'Impedit facere blanditiis doloremque dolorum omnis iure voluptatibus sint.','2020-10-31 21:59:24',5),(10,NULL,13,8,'Sed placeat ex voluptatem maxime sint qui eum.','2010-05-14 21:14:50',50),(11,NULL,100,7,'Architecto a officiis quam inventore tempora et soluta.','1970-11-20 05:32:55',69),(12,NULL,100,4,'Debitis temporibus debitis vel tenetur est consectetur iusto.','2011-04-06 18:59:28',7),(13,NULL,30,10,'Eius perspiciatis aspernatur animi reprehenderit adipisci eius voluptas.','2018-10-12 15:34:28',9),(14,NULL,22,1,'Ut est sint quisquam corrupti rerum reiciendis.','1979-01-15 01:07:51',18),(15,NULL,73,8,'Facere vero est aut perferendis pariatur et ut.','1983-07-31 00:44:35',81),(16,NULL,29,1,'Explicabo quis tenetur deserunt et necessitatibus odio quod.','1982-11-10 14:22:23',9),(17,NULL,7,2,'Aspernatur quia temporibus assumenda magnam.','1998-03-23 13:25:51',69),(18,NULL,64,6,'Sit aperiam occaecati error dolorem rerum aperiam et.','1970-07-13 23:22:15',46),(19,NULL,93,1,'Debitis ut rerum enim minus rem ipsa sed.','2007-09-29 06:07:19',81),(20,NULL,98,2,'Laudantium et repudiandae eligendi dolor nostrum.','2016-10-16 20:34:59',57),(21,NULL,48,2,'Illum accusamus inventore doloremque nobis quam ducimus in.','1996-09-16 22:17:12',23),(22,NULL,16,2,'Neque aspernatur earum nostrum voluptatem.','1991-02-27 17:38:50',61),(23,NULL,23,5,'Ipsum hic hic et consequatur quos et ducimus.','1992-02-10 17:19:46',60),(24,NULL,31,7,'Error illo vitae corporis dolorum non.','1982-03-30 13:47:35',62),(25,NULL,49,4,'Maiores est dolorum et praesentium.','1985-09-03 12:55:11',41),(26,NULL,29,7,'Et dolores aspernatur et nihil placeat ea.','2002-06-14 17:28:25',42),(27,NULL,37,8,'Omnis ut soluta cumque dolor expedita veniam.','1985-06-24 17:39:12',54),(28,NULL,6,4,'Hic voluptates consequatur explicabo natus id non.','2012-04-10 19:37:05',11),(29,NULL,52,3,'Repellendus aut saepe enim aut nihil et aut.','1976-12-17 02:06:31',14),(30,NULL,32,3,'Corporis eaque voluptatem enim aut.','1974-06-22 08:32:44',30),(31,NULL,88,8,'Distinctio tempora fugiat necessitatibus.','1972-05-09 22:00:42',45),(32,NULL,11,10,'Aut eius temporibus exercitationem ut repudiandae illo repellendus.','1979-07-13 14:57:23',61),(33,NULL,71,2,'Optio culpa sit iusto qui dolores.','1986-07-18 10:21:15',6),(34,NULL,31,5,'Distinctio delectus qui unde ab blanditiis nesciunt.','2018-03-04 14:24:48',72),(35,NULL,92,10,'Cum cum eveniet sit iste cumque officiis laudantium.','1986-06-22 17:17:15',11),(36,NULL,33,3,'Totam rerum culpa possimus aliquid nemo quod.','2020-08-20 03:55:32',78),(37,NULL,74,6,'Accusamus voluptas sed et.','1975-03-25 01:07:08',52),(38,NULL,28,7,'Occaecati nihil cupiditate asperiores labore illo cumque ut et.','1972-10-05 06:10:05',90),(39,NULL,39,2,'Non accusantium aut sint eum.','1970-12-20 03:56:44',19),(40,NULL,52,5,'Neque culpa officiis facere eaque quia labore.','1998-06-27 10:56:58',47),(41,NULL,81,4,'Qui aut animi eaque excepturi rerum aut porro voluptas.','2009-11-08 22:25:20',22),(42,NULL,26,5,'Esse omnis error illum deleniti dolor voluptatibus odit.','2012-07-12 00:33:40',12),(43,NULL,87,2,'Quasi quibusdam esse quia doloribus labore et totam.','1974-02-27 23:24:38',25),(44,NULL,93,5,'Nihil adipisci tempora quia vel quo quia.','1971-11-07 16:32:05',68),(45,NULL,65,4,'Ut veritatis tempore qui incidunt.','1973-06-30 10:27:05',60),(46,NULL,75,7,'Qui quis eos ut veritatis.','2010-04-24 11:39:17',80),(47,NULL,53,5,'Harum repudiandae optio sit.','1997-10-21 15:14:42',37),(48,NULL,5,7,'Dolorum numquam ea molestiae quo earum atque.','2005-07-12 03:15:19',99),(49,NULL,94,1,'Sunt eos cumque doloribus earum consequatur.','1983-08-17 02:00:24',12),(50,NULL,13,6,'Quod corrupti nostrum id totam ab.','1990-10-12 10:19:54',57),(51,NULL,59,5,'Mollitia eligendi aliquid ut iure qui odit.','1978-12-06 13:21:13',90),(52,NULL,81,7,'Dolorem architecto et dolorem beatae.','2010-12-28 14:30:43',33),(53,NULL,92,6,'Et ab ex labore blanditiis deserunt.','2017-04-02 05:58:59',46),(54,NULL,17,5,'Eius ducimus earum itaque et aut laboriosam iusto.','2007-11-13 06:39:45',90),(55,NULL,84,1,'Eum ut optio in.','1995-07-26 06:22:13',26),(56,NULL,43,9,'Enim placeat officia architecto nam.','2002-11-15 01:51:30',94),(57,NULL,23,4,'Unde occaecati molestiae exercitationem quibusdam quibusdam omnis quas repudiandae.','1989-07-15 03:39:36',37),(58,NULL,59,5,'Debitis facilis odio natus qui mollitia.','2020-04-09 13:08:34',7),(59,NULL,57,4,'Aut alias sed beatae dolores mollitia quasi est.','1985-02-22 10:12:28',15),(60,NULL,69,5,'Nesciunt consequuntur voluptatum nesciunt perferendis optio.','2015-05-24 07:02:48',75),(61,NULL,25,1,'Velit dolorem quisquam voluptatem.','1994-01-11 09:37:57',15),(62,NULL,15,9,'Quisquam ex ad et.','2020-08-12 01:18:14',82),(63,NULL,47,8,'Aut quis sunt et iusto aut.','1992-06-16 20:44:51',35),(64,NULL,92,10,'Pariatur officia suscipit est nemo facere totam.','1989-10-16 10:22:15',80),(65,NULL,82,8,'Non tenetur dolores perspiciatis corrupti.','1983-12-10 22:52:12',89),(66,NULL,7,3,'Est dolores quia error magni est.','2011-02-15 23:52:00',72),(67,NULL,1,5,'Sed quos assumenda et est quam incidunt praesentium.','1981-05-30 13:56:21',9),(68,NULL,37,1,'Optio repellendus repellendus sequi quos est doloribus.','1995-09-22 07:19:44',49),(69,NULL,43,6,'Fugiat quaerat consectetur eum quisquam illo incidunt.','2002-09-18 06:40:37',83),(70,NULL,58,3,'Atque beatae alias esse deleniti doloribus.','1997-07-16 11:11:34',30),(71,NULL,32,6,'Adipisci qui ea perspiciatis aspernatur ut et in.','1986-10-05 01:46:21',35),(72,NULL,47,7,'Non sit aut eos nemo quaerat.','2020-05-09 22:08:55',21),(73,NULL,28,2,'Doloribus voluptatem laudantium explicabo omnis.','1982-08-02 01:39:04',99),(74,NULL,62,1,'Omnis laborum est ut nobis.','1977-03-01 11:09:59',93),(75,NULL,42,9,'Et quia aut voluptates sunt a voluptas voluptas recusandae.','1983-07-25 06:03:35',70),(76,NULL,30,10,'Quisquam nostrum voluptatem ut excepturi autem atque ex magni.','1985-06-08 09:03:16',91),(77,NULL,2,10,'Consequatur nihil voluptas est quam in omnis.','2005-04-03 16:30:27',33),(78,NULL,10,3,'Perferendis quia iure a illo.','2018-09-27 19:13:14',34),(79,NULL,59,7,'Necessitatibus blanditiis accusantium ipsum et sequi officia ut.','2002-11-04 05:50:46',92),(80,NULL,42,3,'Sit harum commodi omnis et quis qui.','1999-06-22 00:31:18',18),(81,NULL,71,6,'Illum non aut earum magnam quibusdam eveniet.','1989-07-12 11:50:35',68),(82,NULL,6,1,'Modi quas beatae voluptatum repellendus.','1988-03-21 20:45:09',33),(83,NULL,26,4,'Reiciendis neque qui aspernatur assumenda eligendi culpa.','2017-09-14 01:45:07',44),(84,NULL,25,10,'Voluptas delectus nihil corrupti est ut.','2009-04-15 15:55:51',46),(85,NULL,17,4,'Possimus illo voluptas illum eos et.','2016-09-04 18:25:13',30),(86,NULL,86,7,'Repellat veniam deserunt beatae impedit saepe molestiae saepe dolorum.','1980-08-10 10:27:26',20),(87,NULL,77,7,'Aut officia iusto nihil magni adipisci facere et.','2015-03-16 10:50:01',11),(88,NULL,9,8,'Rem qui ratione rem quis consequatur magnam.','2002-03-09 19:14:59',38),(89,NULL,43,4,'Qui voluptas et quo harum.','1981-08-07 16:15:18',8),(90,NULL,34,8,'Non impedit pariatur exercitationem quia facere ducimus ea quibusdam.','1989-10-18 06:07:58',35),(91,NULL,51,5,'Beatae omnis commodi et qui omnis officia libero.','2017-08-07 02:06:50',94),(92,NULL,19,6,'Eligendi distinctio est qui magnam dolorum unde labore.','1972-05-23 14:24:18',98),(93,NULL,51,8,'Iste expedita magni debitis eos quis.','1997-04-23 08:23:13',31),(94,NULL,95,1,'Est voluptatibus molestiae repellat dolorem.','1970-01-11 15:01:26',25),(95,NULL,40,2,'Dolores nostrum repudiandae omnis beatae commodi impedit.','1977-07-02 12:15:19',61),(96,NULL,70,1,'Odio tempore nesciunt voluptatem.','1997-09-06 02:00:14',26),(97,NULL,89,8,'Repellendus autem similique sint ullam ipsum consequatur est.','1972-01-10 09:07:43',92),(98,NULL,100,9,'Fugit praesentium quibusdam ducimus dolorem aut veniam nemo.','1998-06-13 08:02:23',69),(99,NULL,37,4,'Non rerum ut fugit aspernatur labore iure.','2019-03-01 20:28:21',3),(100,NULL,44,7,'Repellat voluptate ipsum necessitatibus voluptatem odio consectetur.','2011-10-21 16:08:44',78);
/*!40000 ALTER TABLE `posts` ENABLE KEYS */;
UNLOCK TABLES;

--
-- Table structure for table `profiles`
--

DROP TABLE IF EXISTS `profiles`;
/*!40101 SET @saved_cs_client     = @@character_set_client */;
/*!40101 SET character_set_client = utf8 */;
CREATE TABLE `profiles` (
  `users_id` int(10) unsigned NOT NULL,
  `firstname` varchar(245) COLLATE utf8mb4_unicode_ci NOT NULL,
  `lastname` varchar(245) COLLATE utf8mb4_unicode_ci NOT NULL,
  `gender` enum('m','f','x') COLLATE utf8mb4_unicode_ci NOT NULL,
  `birthday` date NOT NULL,
  `address` varchar(245) COLLATE utf8mb4_unicode_ci DEFAULT NULL,
  `status` varchar(45) COLLATE utf8mb4_unicode_ci DEFAULT NULL,
  `created_at` datetime NOT NULL DEFAULT current_timestamp(),
  `photo_id` int(10) unsigned NOT NULL AUTO_INCREMENT,
  `school` varchar(145) COLLATE utf8mb4_unicode_ci DEFAULT NULL,
  PRIMARY KEY (`users_id`),
  KEY `fk_profiles_media1_idx` (`photo_id`),
  KEY `firstname_lastname_idx` (`lastname`,`firstname`),
  CONSTRAINT `fk_profiles_media1` FOREIGN KEY (`photo_id`) REFERENCES `media` (`id`),
  CONSTRAINT `fk_profiles_users_users_id` FOREIGN KEY (`users_id`) REFERENCES `users` (`id`)
) ENGINE=InnoDB AUTO_INCREMENT=101 DEFAULT CHARSET=utf8mb4 COLLATE=utf8mb4_unicode_ci;
/*!40101 SET character_set_client = @saved_cs_client */;

--
-- Dumping data for table `profiles`
--

LOCK TABLES `profiles` WRITE;
/*!40000 ALTER TABLE `profiles` DISABLE KEYS */;
INSERT INTO `profiles` VALUES (1,'Jeanette','Hegmann','f','2003-08-21','486 Boehm Well Suite 611','Libero omnis maxime debitis eum porro adipisc','2016-02-03 17:31:38',56,NULL),(2,'Bettie','Hamill','m','2013-03-08','16622 McLaughlin Ville','Esse magni nobis et commodi ut ipsum temporib','2000-05-07 21:52:48',68,NULL),(3,'Alana','Cronin','f','1974-03-02','85127 Kilback Coves',NULL,'1981-08-06 16:11:50',33,NULL),(4,'Narciso','Harber','f','2010-04-16','541 Chyna Ferry',NULL,'1970-09-01 13:24:26',68,NULL),(5,'Dawn','Kunze','f','1985-09-30','53386 Eddie Shoal Suite 453',NULL,'1986-11-26 15:24:08',30,NULL),(6,'Oda','Tillman','f','1998-07-21','024 Ankunding Spur',NULL,'1974-09-08 16:28:38',63,NULL),(7,'Abner','Gislason','f','1990-07-24','4884 Delta Course Apt. 447','Repudiandae dolores quasi facere ex cum asper','1973-11-29 08:47:34',7,NULL),(8,'Catalina','Schmitt','m','2013-03-20','577 Loma Circles','Quia rerum architecto dolorum dolores vel.','1979-11-25 04:45:55',10,NULL),(9,'Bernardo','Hodkiewicz','f','1975-06-07','0547 Katarina Corner Apt. 163','Pariatur sit sunt doloribus asperiores tempor','1980-07-09 22:42:12',18,NULL),(10,'Margarett','Witting','f','2020-02-18','133 Kling Throughway Suite 372','Impedit aut eius impedit aliquid non adipisci','2007-03-29 23:32:07',10,NULL),(11,'Hyman','DuBuque','f','2002-06-13','21563 McKenzie Path Apt. 216',NULL,'2011-05-08 22:51:58',47,NULL),(12,'Maryam','Haag','f','1977-06-19','43099 Alden Dale',NULL,'1992-10-22 19:10:37',89,NULL),(13,'Julie','Boyle','f','1974-08-24','9458 Naomi Walks','Nemo optio placeat deleniti sint.','2003-10-29 11:13:44',45,NULL),(14,'Daisha','Herman','m','2016-03-05','504 Prohaska Plaza Apt. 336','Soluta nulla aut voluptatem qui.','2014-04-18 17:26:39',49,NULL),(15,'Melisa','Cremin','f','2008-07-16','713 Nicklaus Spur Apt. 657',NULL,'1983-09-02 15:43:48',41,NULL),(16,'Lura','Stroman','f','2018-04-04','23213 Blanda Spurs','Sit officia amet iusto voluptatem.','1994-03-21 13:18:11',2,NULL),(17,'Mateo','Kunze','f','1996-04-25','89776 Barrows Wells Apt. 044',NULL,'2008-02-25 08:20:29',83,NULL),(18,'Alejandrin','Moore','f','1994-06-29','387 Wisozk Alley',NULL,'1991-10-03 20:20:59',8,NULL),(19,'Rahsaan','Fay','m','1977-01-23','1918 Rolfson Walk','Quos sint dolor dolorum eligendi sed a.','1974-08-31 13:49:45',99,NULL),(20,'Bria','Collins','f','1980-01-12','75778 Reuben View','Impedit eveniet quasi rerum velit eos qui.','1998-12-04 17:19:58',7,NULL),(21,'Kendrick','Murray','m','1970-04-07','49882 Muller Plain Suite 405',NULL,'1999-08-14 22:36:17',61,NULL),(22,'Katrine','Ryan','f','2000-12-17','7394 Luettgen Lock Apt. 815','Natus voluptates molestias autem ut vitae qua','1973-01-21 11:41:42',100,NULL),(23,'Julianne','Reichel','m','1992-04-09','216 Stokes Throughway Suite 329','Assumenda nihil corrupti sint sint similique ','1970-01-16 04:55:09',36,NULL),(24,'Bella','Brakus','f','1981-12-03','8656 Ankunding Crescent',NULL,'1986-04-28 16:26:22',15,NULL),(25,'Alverta','Bahringer','f','2018-02-12','548 Kyla Crossroad Suite 148','Quis exercitationem nisi sit odit velit.','2015-08-28 03:19:56',66,NULL),(26,'Gus','Olson','f','2009-12-20','1468 Kari Plaza','Ut animi dolorem laborum illo suscipit.','2011-01-08 10:12:35',66,NULL),(27,'Hosea','Mante','m','2017-11-07','5530 Lila Creek','Nemo laudantium est a quia ut laboriosam offi','1976-09-04 02:10:45',86,NULL),(28,'Yasmeen','Macejkovic','f','2003-12-29','254 Douglas Prairie Apt. 502',NULL,'1997-09-25 18:37:32',4,NULL),(29,'Sheridan','Fisher','m','1971-03-09','02923 Ryan Circle','Excepturi sed sit ut animi est.','1994-04-15 12:07:03',85,NULL),(30,'Yasmine','Macejkovic','f','1973-02-09','1723 Beier Cliff',NULL,'2019-02-12 17:20:57',31,NULL),(31,'Jared','Lockman','m','2002-01-19','76622 Wintheiser Turnpike',NULL,'1990-11-01 00:48:57',53,NULL),(32,'Gudrun','Wunsch','m','1995-10-29','783 Parker Lodge',NULL,'1983-09-18 11:36:37',41,NULL),(33,'Roxane','Fadel','m','2005-02-12','263 Laura Turnpike Apt. 846',NULL,'1980-03-14 18:09:15',99,NULL),(34,'Vanessa','Schmidt','f','1975-08-21','943 Alec Brook Suite 172',NULL,'2004-06-07 02:18:48',86,NULL),(35,'Brandyn','Pacocha','m','1975-10-24','3916 DuBuque Glen','Nihil excepturi rem rerum esse vitae harum ma','1990-12-06 16:10:15',9,NULL),(36,'Theodore','Thiel','m','1983-10-05','3094 Hayes Key Suite 973','Tempore harum non sapiente.','2015-11-28 12:22:23',28,NULL),(37,'Aylin','Emard','m','1980-10-06','4270 Buck Skyway Suite 180','Error omnis molestias omnis sed odio est.','2012-07-02 18:51:11',48,NULL),(38,'Jada','Torp','f','1997-01-22','232 Willy Squares Suite 484','Rerum nobis odio temporibus aliquam et enim.','2020-02-11 14:37:33',15,NULL),(39,'Yolanda','Corkery','m','1975-10-18','14398 Gleichner Hills Suite 374',NULL,'1993-04-01 05:32:32',38,NULL),(40,'Austyn','Goodwin','f','2007-07-30','790 Pinkie Green Apt. 162','Aut quidem natus occaecati est facilis dolore','1971-10-29 08:58:45',65,NULL),(41,'Laney','Botsford','f','1971-01-22','8209 Rice Route','Adipisci ea nesciunt consequuntur nobis delen','2008-09-12 07:12:33',24,NULL),(42,'Mack','Krajcik','m','2007-12-27','785 Kautzer Centers',NULL,'1971-04-09 14:45:48',84,NULL),(43,'Chadrick','Grant','m','1985-02-09','2136 Myrtle Light Suite 216',NULL,'2018-10-09 22:28:58',54,NULL),(44,'Roscoe','Hudson','m','2019-06-06','67022 Cummings Via',NULL,'1975-07-28 11:12:33',68,NULL),(45,'Ethel','Nitzsche','m','1979-02-09','94730 Madison Ridge Suite 664',NULL,'2006-06-15 10:09:07',33,NULL),(46,'John','Runolfsdottir','m','1987-06-02','33009 Osborne Radial','Neque officia autem voluptatibus quisquam ut ','1997-09-28 08:51:31',94,NULL),(47,'Carole','Vandervort','m','1994-08-11','123 Lindgren Islands Suite 114',NULL,'2009-03-07 12:23:52',70,NULL),(48,'Micheal','Mraz','f','1994-01-19','598 Maude Mountain',NULL,'1992-01-10 10:45:28',16,NULL),(49,'Lemuel','Blick','m','1975-02-07','858 Kody Dale','Vel omnis quos est nostrum molestiae velit.','2012-02-05 18:53:04',2,NULL),(50,'Polly','Feeney','f','1975-05-28','107 Murazik Walk',NULL,'2001-03-04 01:16:04',69,NULL),(51,'Jackie','Lind','f','2011-01-03','0402 Margarete Radial',NULL,'2018-12-30 19:43:18',22,NULL),(52,'Mazie','Schowalter','f','1976-06-07','883 Perry Common Apt. 990','Adipisci ut quia consequatur dolorem porro.','1982-06-04 11:07:58',62,NULL),(53,'Narciso','Runolfsdottir','f','1999-10-21','042 Walter Heights',NULL,'2005-12-03 02:33:01',69,NULL),(54,'Cleo','Buckridge','m','2020-04-06','561 Shany Roads Suite 449','Ipsa tempore eos et.','1973-10-17 06:50:59',58,NULL),(55,'Aimee','Steuber','f','2014-03-28','55361 Jazmyne Mills','Natus ut aut doloribus soluta doloremque volu','1980-08-31 05:37:09',77,NULL),(56,'Novella','Johnson','f','1977-03-30','98078 Weissnat Island',NULL,'2011-01-25 23:15:03',34,NULL),(57,'Jaime','Steuber','m','2015-07-15','5073 Durgan Ford','Quos quod nulla asperiores aliquid rem.','2020-01-22 00:26:09',24,NULL),(58,'Terrance','Sanford','f','2004-04-13','45466 Lindgren Wells Suite 583','Et doloremque quia ea excepturi atque volupta','1999-04-16 22:14:25',62,NULL),(59,'Emilio','Wolf','f','1970-01-20','0674 Jerald Corners Apt. 292',NULL,'1994-12-06 04:14:05',37,NULL),(60,'Jannie','Roob','m','1979-06-06','8388 Maggie Hill','Dolor reprehenderit quisquam facere et deleni','2015-04-18 10:41:59',9,NULL),(61,'Jameson','Schumm','f','2009-11-06','68732 Anderson Dale Suite 831',NULL,'1986-12-10 20:15:53',93,NULL),(62,'Elvis','Koelpin','f','1977-04-30','8968 Bradford Crescent Suite 300',NULL,'1980-12-04 03:31:19',90,NULL),(63,'Raheem','Runolfsdottir','f','2017-11-10','49674 Marisol Drive',NULL,'1997-10-04 05:28:56',50,NULL),(64,'Isaias','Jacobs','f','2010-08-13','44908 Hermina Stravenue Apt. 243',NULL,'2004-03-02 17:02:03',91,NULL),(65,'Adele','Tillman','m','1971-08-07','6483 Mario Stream','Omnis blanditiis aliquam quia et aut occaecat','1979-11-15 22:42:36',76,NULL),(66,'Kenya','Rice','f','1988-08-14','0231 Feil Wall','Sit officia facilis temporibus dolores velit.','1980-07-14 03:15:16',58,NULL),(67,'Vincenza','Lesch','m','1988-01-22','627 Larson Tunnel','Voluptatibus qui accusamus vel quidem rerum q','2007-02-04 13:59:46',19,NULL),(68,'Julian','Wolff','f','2005-03-23','55490 Rau Creek Apt. 829',NULL,'1990-07-24 12:31:10',23,NULL),(69,'Lonnie','Ferry','f','1993-09-12','0213 Wade Ports','Omnis vel quia et amet.','2009-10-19 11:28:26',73,NULL),(70,'Selena','Cronin','f','1990-11-20','27818 Carissa Harbors Apt. 366','Quia qui ratione qui unde eum architecto.','2004-08-15 15:58:25',56,NULL),(71,'Jedidiah','Lindgren','m','1980-11-24','0265 Gorczany Ville',NULL,'1998-03-27 02:33:07',88,NULL),(72,'Jakayla','Gerhold','f','1976-01-17','49046 Dooley Field Apt. 593',NULL,'1976-03-24 07:33:48',97,NULL),(73,'Mellie','Tillman','m','1976-10-11','471 Dickinson Park Apt. 103','Qui voluptatem dolore fuga adipisci at.','1993-08-19 06:37:31',40,NULL),(74,'Shanel','Considine','f','1985-03-21','41533 Douglas Glens','Maiores omnis omnis error inventore non ullam','1974-11-22 05:27:54',41,NULL),(75,'Llewellyn','Koch','f','1999-09-28','5615 Kohler Spurs','Assumenda atque a in.','1983-03-23 12:47:37',65,NULL),(76,'Annetta','Kunde','f','1982-07-18','056 Carole Groves','Dolor quod voluptas qui aut.','2002-12-24 06:04:41',72,NULL),(77,'Kieran','Hoeger','f','1983-03-18','18930 Howell Flat','In cum facilis officia temporibus assumenda m','2018-02-14 15:35:29',35,NULL),(78,'Rogers','Upton','f','2007-01-22','2157 Collins Divide','Debitis impedit consequatur dolore molestiae ','1977-12-10 01:15:44',34,NULL),(79,'Asha','Dooley','f','1999-11-29','989 Jenkins Orchard Suite 716',NULL,'2007-10-07 13:17:08',87,NULL),(80,'Lucy','Thiel','f','1979-09-08','3863 Easter Cliffs',NULL,'1984-04-28 22:13:56',36,NULL),(81,'Suzanne','Rempel','f','2011-07-05','353 Ferry Island',NULL,'1989-08-28 07:24:07',3,NULL),(82,'Erling','Pagac','m','2002-11-25','57486 Loraine Brook',NULL,'1989-01-13 04:35:20',9,NULL),(83,'Freida','Funk','f','1978-09-11','4472 Cartwright Place',NULL,'2014-09-29 12:33:53',98,NULL),(84,'Sebastian','Weber','f','2011-04-13','796 Jast Falls','Blanditiis fugit minus iure omnis earum.','1989-09-29 20:55:23',71,NULL),(85,'Meda','Turner','m','2008-08-21','62540 Kristofer Shoals',NULL,'1986-08-11 13:29:10',67,NULL),(86,'Martine','Toy','m','2002-05-22','7630 Alexzander Forest Suite 340','Eveniet esse sit dicta.','1993-11-19 21:57:10',74,NULL),(87,'Gerardo','Shanahan','f','1986-06-22','3395 Breanna Gateway Suite 447',NULL,'1994-05-02 13:22:14',4,NULL),(88,'Toney','Cummerata','m','1986-10-19','494 Littel Spurs',NULL,'1979-12-31 20:42:54',90,NULL),(89,'Eudora','Pacocha','m','1999-01-24','6371 Macejkovic Passage Apt. 810','Sunt et nesciunt accusantium quod et et.','1995-03-25 01:04:20',36,NULL),(90,'Dannie','White','m','2003-04-11','9289 Dorris Plaza Suite 343',NULL,'2013-02-09 14:26:31',41,NULL),(91,'Jeanne','Mraz','f','2002-08-16','13467 Strosin Valleys',NULL,'2006-01-20 10:58:03',99,NULL),(92,'Alberta','Schinner','m','1976-08-16','60703 Schmidt Mews Apt. 302','Est excepturi voluptas odit consequatur qui.','2004-10-09 17:16:19',29,NULL),(93,'Rolando','Wolff','f','1987-05-17','5448 Beer Road','Est architecto earum reprehenderit omnis atqu','1990-11-29 08:43:38',31,NULL),(94,'Austen','Robel','m','1975-08-07','01926 Damaris Motorway Suite 425',NULL,'2012-10-22 13:00:39',48,NULL),(95,'Bernardo','Mohr','f','1993-04-15','56432 Nader Garden','Nulla voluptatum fuga natus soluta in.','1985-12-02 23:09:29',19,NULL),(96,'Tyra','Pacocha','f','1999-05-16','424 Jodie Mountains',NULL,'2003-09-23 19:41:15',6,NULL),(97,'Darius','Toy','m','2007-03-01','6027 Haley Hill','Quaerat aperiam et id molestiae numquam.','2006-12-22 21:30:52',6,NULL),(98,'Santa','Heaney','m','1978-12-19','848 Baron Cliffs',NULL,'1971-03-31 06:17:51',38,NULL),(99,'Nathen','Stokes','f','1979-02-03','90523 Kertzmann Way',NULL,'2010-01-09 22:29:24',28,NULL),(100,'Lucio','Sauer','m','1994-01-03','474 Hahn Walks','Corporis odit ut minima aut minus aut.','2000-04-10 03:55:05',78,NULL);
/*!40000 ALTER TABLE `profiles` ENABLE KEYS */;
UNLOCK TABLES;

--
-- Table structure for table `school_types`
--

DROP TABLE IF EXISTS `school_types`;
/*!40101 SET @saved_cs_client     = @@character_set_client */;
/*!40101 SET character_set_client = utf8 */;
CREATE TABLE `school_types` (
  `profiles_users_id` int(10) unsigned NOT NULL,
  `types` enum('h','c','u') COLLATE utf8mb4_unicode_ci DEFAULT NULL COMMENT 'h - high school\nc - college\nu - university',
  `name` varchar(145) COLLATE utf8mb4_unicode_ci DEFAULT NULL,
  PRIMARY KEY (`profiles_users_id`),
  KEY `fk_school_types_profiles1_idx` (`profiles_users_id`),
  CONSTRAINT `fk_school_types_profiles1` FOREIGN KEY (`profiles_users_id`) REFERENCES `profiles` (`users_id`)
) ENGINE=InnoDB DEFAULT CHARSET=utf8mb4 COLLATE=utf8mb4_unicode_ci;
/*!40101 SET character_set_client = @saved_cs_client */;

--
-- Dumping data for table `school_types`
--

LOCK TABLES `school_types` WRITE;
/*!40000 ALTER TABLE `school_types` DISABLE KEYS */;
INSERT INTO `school_types` VALUES (6,'h','Iusto facilis qui ipsam placeat neque expedita. Aperiam quis et tenetur veritatis. Soluta itaque adipisci id optio. Ut sit eaque voluptas dolorem'),(7,'h','Explicabo sed assumenda possimus inventore consequatur fuga. Qui delectus reprehenderit ipsum a aspernatur aut. Excepturi tempora est delectus ea'),(8,'u','Qui ipsa dolorum et placeat et voluptatum suscipit ipsa. Eveniet earum impedit eos atque.'),(10,'c','Soluta tempora accusantium pariatur adipisci. Non necessitatibus qui ex cum. Laboriosam animi dolorum vel labore.'),(11,'h','Ipsum dicta veniam quo minima. Nostrum qui esse at non veniam. Hic nemo velit excepturi qui rerum consequatur.'),(12,'c','Molestias laborum nulla recusandae unde repellat ab quis. Omnis quos similique explicabo et. Sapiente voluptas eum architecto.'),(13,'u','Fugit odio delectus vel nesciunt qui. Eligendi voluptas qui aliquam perspiciatis maxime. Ea iusto quas quos numquam rerum. Quisquam recusandae ea'),(14,'c','Incidunt id est quidem suscipit. Maiores sint voluptatem odio accusantium doloribus enim animi. Numquam incidunt et sint sequi ipsum.'),(16,'c','Omnis corporis alias aliquid quisquam ipsum enim adipisci. Ut fugiat voluptatem consequatur. Ut alias et tempora ad quidem omnis.'),(17,'u','Id enim sapiente culpa alias. Similique et hic illo ut aliquam delectus. Aut et ut minus sed. Voluptatem cupiditate modi nesciunt. Qui natus cum '),(19,'u','Aut ea dolorem unde sed cum velit. Inventore sit ab qui tenetur suscipit voluptas molestias.'),(21,'h','Consectetur molestiae voluptatem praesentium modi fugiat numquam accusantium ut. Voluptatum totam eius dolor tempore. Eos maiores voluptate at si'),(22,'u','Atque sunt voluptatum eos eius. Non corporis fugit aut enim. Qui illum expedita ab deserunt. Quisquam dolor quas beatae vel enim qui nostrum ex.'),(23,'u','Ipsa in vel voluptate incidunt. Alias consectetur nisi sed vel voluptatem. Quam ab praesentium saepe sed omnis. Quia praesentium culpa corporis a'),(25,'u','Maiores non molestiae assumenda aliquam aliquam. Esse voluptatem est dolores. Aliquid sit esse quod est. Cum esse aut ipsam inventore.'),(26,'c','Accusantium reprehenderit placeat voluptatum unde. Veritatis accusantium in consectetur quia quia. Nemo quo totam expedita est a quasi aut. Sed q'),(27,'c','Quae est dolores omnis et. Nostrum praesentium est natus ut et. Occaecati tempora quia vitae eaque. Sit eos ipsam aut quis occaecati.'),(28,'u','Maxime consequatur tempora illum dolor harum. Quibusdam voluptas eligendi fugiat et distinctio. Impedit deleniti pariatur corporis.'),(30,'h','Ex porro aut ut mollitia autem aut magni. Itaque in non fuga necessitatibus ipsa quod dolor et.'),(33,'h','Ut optio excepturi numquam maiores. Similique sint id quaerat consequatur aut tempora et. Nam ea at id illo. Qui ut nihil ut eligendi aliquid ea '),(34,'u','Voluptatem pariatur expedita iusto. Id aut eum excepturi quidem minus ab numquam. Voluptas et earum et ea. Id vel et consequatur incidunt quidem '),(36,'c','Non quia id quis non commodi ullam nihil. Rerum nihil ullam tempore sed atque consequatur ut. Id dolore deserunt est minima.'),(37,'c','Qui dolor est libero. Aspernatur a sapiente dolore expedita quis perspiciatis id. Veniam animi quis placeat voluptates.'),(40,'c','Ipsa porro iure cumque enim. Soluta dolorem praesentium sunt ullam illo eum. Voluptas et qui non veniam ab aut quod.'),(43,'u','Eos hic provident voluptatem laudantium omnis optio. Odit laudantium sit quo aut. Provident sit aperiam eveniet tempora architecto.'),(46,'u','Est voluptas ab culpa sed magnam libero commodi. Odio nisi esse placeat necessitatibus.'),(47,'h','Expedita quaerat corporis ullam omnis exercitationem rem voluptatem. Harum minima qui nostrum. Ipsam esse sapiente enim quasi aspernatur dicta. U'),(49,'u','Ut omnis autem molestiae suscipit a ut qui. Optio veniam quia voluptates adipisci explicabo. Culpa et molestias blanditiis iusto cupiditate.'),(50,'u','Nostrum non reiciendis aut dolorem quas tenetur eligendi. Alias incidunt et est et ea nesciunt officiis. Aperiam recusandae tempore sit voluptate'),(52,'c','Corrupti ut sit ipsa repellat a fugiat esse. Id tenetur numquam perferendis doloribus ab tenetur beatae. Nisi est dicta hic voluptates nisi. Iust'),(54,'u','Accusamus ipsum inventore deserunt dolores. Veniam repudiandae aut nihil voluptates. Velit suscipit explicabo saepe aut qui sed ipsum non. Quasi '),(56,'c','Quasi cupiditate suscipit modi esse omnis dolore. Rerum et neque voluptate eveniet soluta. Impedit corporis voluptatem modi quae.'),(57,'u','Ut voluptatum deleniti officiis praesentium sint officiis. Ipsum eos amet inventore ea soluta ab ut. Autem quisquam sint animi cum quas id repudi'),(58,'c','Non voluptate alias pariatur dolores molestiae. Ratione ad et ut commodi neque natus. Occaecati magni tempore distinctio minima. Sed quasi repell'),(60,'h','Est laudantium excepturi eos quia quas rem. Modi libero qui eaque dicta temporibus velit. Cupiditate reprehenderit incidunt saepe cupiditate quos'),(61,'h','Sapiente ducimus error et qui. Provident at sunt culpa quas. Doloremque et sit consequatur natus qui est nisi.'),(62,'c','Sunt voluptatem quia ut voluptatem et. Dolorem cum est ut quasi. Tempore est omnis quam culpa ut nesciunt. Magni et occaecati illum alias vel et '),(63,'u','Nemo quis quis quia culpa. Aspernatur consequuntur explicabo et quia. Aspernatur rem cumque hic in praesentium quia harum. Et earum ipsam cupidit'),(64,'u','Minima sit excepturi eius voluptatum enim iusto ullam. Labore et odit laborum accusantium laudantium neque eos. Dolor modi rerum perspiciatis vel'),(65,'u','Ullam ab ipsam fuga nesciunt sit reprehenderit et hic. Eius officiis nisi aut tempore. At ut distinctio possimus distinctio itaque. Alias volupta'),(66,'h','Id est doloremque possimus numquam. Non quae fugit libero libero. Totam enim non inventore veritatis accusamus.'),(69,'c','Error perspiciatis dignissimos excepturi iusto deserunt in temporibus sit. Quidem quis aut sit enim dolor. Sed nesciunt vel quae fugit recusandae'),(70,'c','Voluptas culpa magnam sit dolor saepe error similique quis. Nulla facere ducimus facere accusantium cupiditate consequuntur molestias. Debitis ea'),(72,'h','Et quia ut et ipsum ratione autem. Maxime error occaecati tempora aut. Impedit non est necessitatibus a blanditiis voluptates.'),(74,'h','Labore enim ea praesentium sunt et doloremque dignissimos. Soluta ut et fugit. Qui modi fugiat non fugit distinctio odit ab. Eum sed libero quibu'),(76,'c','Aut voluptates sit impedit consectetur eum vel. Et corporis omnis laborum ea nihil. Qui et rerum sint quod aut nulla. Incidunt eius architecto al'),(77,'h','Adipisci quo omnis qui neque esse ullam. Minus optio voluptate cupiditate placeat possimus qui commodi.'),(79,'u','Aliquid et et sit non. Quam ea ut eos ex possimus. Rem totam est odit laborum. Reiciendis repellat doloremque eaque.'),(83,'h','Esse ipsam excepturi dignissimos laudantium officiis a. Occaecati sit enim dolores inventore non dolore ratione. Atque dolorum consequuntur cupid'),(86,'h','Id eos sed delectus recusandae. Consequatur debitis eum voluptatum ipsam. Nisi rerum aperiam tempore non. Ipsa accusantium alias qui est explicab'),(87,'u','Sit voluptatem quidem et delectus ducimus labore. Animi veniam fugit aspernatur eius tenetur delectus. Nulla est iusto ut culpa expedita sequi fa'),(88,'c','Eum quia consequatur incidunt aut porro officiis repellat. Ex et nihil iste ullam. Quam natus consequatur id in doloremque.\nFuga eligendi sit ven'),(89,'h','Aut ex qui in pariatur sit et. Qui similique ut eaque ipsa enim hic facere. Sit quibusdam eos necessitatibus voluptatem dolorum consequatur.'),(91,'c','Esse quisquam nulla velit voluptatem at fugit. Sunt delectus eum et quia facilis ad. Non minus consequatur nesciunt rerum accusantium. Exercitati'),(92,'c','Ipsam eum vel earum reprehenderit repellat qui sint. Est amet reiciendis labore ullam assumenda. Sed asperiores error similique rerum eum delectu'),(93,'h','Aut omnis est quasi sed harum odio cupiditate nisi. Fugit facere dolorum quidem dolorem tenetur fugiat maiores aperiam. Error qui et aliquid est '),(94,'h','Et corporis et est dolore. Aut in et et numquam. Et quis fuga eaque ullam qui quisquam. Eaque quas qui occaecati. Culpa rerum vitae eveniet vel m'),(95,'u','Quo non amet aut sed cum non quae. Veritatis iste est et dolor. Vitae quaerat exercitationem reiciendis et odit. Itaque sapiente vitae omnis omni'),(96,'u','Facere ullam illum ut. Totam reiciendis qui aut est dolorem est tempore. Quaerat qui qui iure.\nSint magnam dicta quia esse quod illum est autem. '),(98,'c','Aliquam cum aliquam nisi est. Aliquid doloremque cumque facilis cumque nisi. Sequi commodi illo assumenda nesciunt incidunt.'),(99,'u','Et eum et non et harum. Voluptatem qui delectus qui aut omnis impedit. Voluptatem qui fugit magni magni officiis odit. Enim minus ipsum unde quia');
/*!40000 ALTER TABLE `school_types` ENABLE KEYS */;
UNLOCK TABLES;

--
-- Table structure for table `users`
--

DROP TABLE IF EXISTS `users`;
/*!40101 SET @saved_cs_client     = @@character_set_client */;
/*!40101 SET character_set_client = utf8 */;
CREATE TABLE `users` (
  `id` int(10) unsigned NOT NULL AUTO_INCREMENT,
  `email` varchar(245) COLLATE utf8mb4_unicode_ci NOT NULL,
  `phone` bigint(20) NOT NULL,
  `password_hash` char(64) COLLATE utf8mb4_unicode_ci DEFAULT NULL,
  PRIMARY KEY (`id`),
  UNIQUE KEY `email_UNIQUE` (`email`),
  UNIQUE KEY `phone_UNIQUE` (`phone`)
) ENGINE=InnoDB AUTO_INCREMENT=101 DEFAULT CHARSET=utf8mb4 COLLATE=utf8mb4_unicode_ci;
/*!40101 SET character_set_client = @saved_cs_client */;

--
-- Dumping data for table `users`
--

LOCK TABLES `users` WRITE;
/*!40000 ALTER TABLE `users` DISABLE KEYS */;
INSERT INTO `users` VALUES (1,'ggreen@example.org',79015543946,'86ea4aa87ef464ec19f577f1e5b3ac1e0a35e2fb'),(2,'hattie25@example.net',79319776296,'96115ae17b37624280df090673de5d2ef7854754'),(3,'harris.jack@example.com',79522586375,'f0bb2cb06d9cfc6e8b0ff529f13a79c9d4221390'),(4,'ward.albin@example.com',79204160740,'db541b7c528a22b75d58c4e948a74b6d86f2a7cc'),(5,'hipolito69@example.org',79213020747,'04d46a417b37069697be1978faced2fdd790c203'),(6,'dgreen@example.com',79646389765,'1f86c0c0a7f83921b51567df3f8dbb489b68ee02'),(7,'kreynolds@example.org',79905548760,'f3660dfe4d640e1a2aacd1e59ba642dbd4ce4087'),(8,'boyer.elian@example.org',79336697976,'e5c79cc64d13594bc616fb55eb5ed826eb4236f3'),(9,'ruecker.lexus@example.com',79431111753,'d170fbbfc15aa34c90bc7ffecc0615de0e44d110'),(10,'stark.d\'angelo@example.com',79001230795,'2e02428f6712156bf40bf50d75fa27620ce419f7'),(11,'clarissa.reilly@example.net',79089194708,'611293bbe480a2fc7e588230e038fe2007eace43'),(12,'macey68@example.com',79592075267,'db8bdf151e865e7b31e3cdcb9ffe44c4f6cd42fd'),(13,'walker.blaise@example.net',79209741374,'0afdbb3e76cc552963e4caac8969eaef65e300a2'),(14,'goodwin.daphney@example.net',79295836775,'684fb1f6a5ca6bd786ae18e1bb01f2cddaf6b22a'),(15,'xcronin@example.com',79030484095,'047f615f6fddb5a3d04605de76dde29199e4673b'),(16,'newton.conroy@example.net',79707167729,'f603ee7c444330c5d3f9365bffade88786669659'),(17,'schuster.felicia@example.net',79547714863,'0163f54915175e5841b1d1cbd9f54b288bd39b9b'),(18,'kyler52@example.net',79799477747,'bbf291b306e86abd8e3d11b2d43fe992ee08be90'),(19,'eldora.block@example.org',79766311776,'02abe6b0a3182efbe51fedb5c59c40970f55fcb1'),(20,'qsawayn@example.com',79650691795,'7b7854941542dce1832224c576f5d029e95c2302'),(21,'sconn@example.net',79927742065,'b97cc7c21f0dcac9a7dbca087c165bd652d2d103'),(22,'hane.amiya@example.com',79106635620,'aca56e697eadd4016a427a90bc320c2398c35be7'),(23,'raquel16@example.net',79543417965,'3548377aad7bf092e50027e060f62340fdc318ac'),(24,'braun.jaden@example.com',79083577245,'500819c77017f5ed270235f4cf2ab1bc92ec89c7'),(25,'jlockman@example.com',79944321746,'ccdfb0f7140c597cf1f8ab6322d15e71effdde0c'),(26,'enrico11@example.net',79610070979,'ce4a3d8b2c13d7a36c785d10a7b0fd7fe06a9c43'),(27,'jaida.schneider@example.com',79685970714,'1610deb3fdc23ed6b515353712a340224a0e2772'),(28,'cora60@example.com',79870609956,'533fc939f097ef4790db1d2ab5d8225884fa0edf'),(29,'kailee.stokes@example.net',79800809954,'dfab6b38fc0ecb463c24a66760c057aeac078109'),(30,'quinn.herman@example.org',79149728136,'a611abed64d2d4434de0a2bfb07c5c085bfd8c9d'),(31,'hhintz@example.org',79078219026,'06bdd8cd92df72c5f7a26175f787792930ea1401'),(32,'alyson.rippin@example.org',79436837244,'31b2d7d2d563ec521580ec3dd78f3624e2ea8bfe'),(33,'barrows.tito@example.org',79293678161,'cd970a168805e1aac7127e07a0c22abef67a3ee7'),(34,'beichmann@example.org',79024336697,'91bd20521b140da383c9202431c341a8a9bb0253'),(35,'ferne26@example.net',79327879192,'9476132a0a396e20dbf217eb2acdb699ff3dac89'),(36,'vmorissette@example.net',79172946658,'a3987e36db5f354a20ecf2c584a8098eab6c2e32'),(37,'janice.okuneva@example.com',79201968420,'7aa174145f9447177bfa5bc19f3e6ba0ba11597f'),(38,'lauren.stokes@example.net',79712034943,'97cdca5d84b68a97417c329c54f30f0a39d16cf6'),(39,'sean.lindgren@example.org',79627429687,'a85faf9812e3224527bca0085ea61fdc09472360'),(40,'timothy.bednar@example.com',79863136148,'68ef5e136becfc1de7a9fb3ccf79d3d06d3f3d4a'),(41,'garrison86@example.net',79214226302,'738d4f90b3e130a9e84d7d8053d17d795abdbd63'),(42,'oondricka@example.org',79541921988,'6c8aa637966b8e01a2cd88c7b0bf45c542cdc39e'),(43,'lorenz93@example.net',79481172116,'ff97ae5e30c762dc984a0bb6f96ce82ebb6013a2'),(44,'beatty.jillian@example.org',79064142057,'81989a4ec6a825ad6415f13d5dd6e8bdc39fb5a9'),(45,'zrosenbaum@example.com',79284049815,'7f8f944285b3016b543b0ce75266bbf6197c963c'),(46,'murazik.bud@example.com',79564015922,'7467ba99d69382b3409509e766acc65e51ed49e1'),(47,'david.hauck@example.org',79829052442,'1f659df180590c09b0b5681e86410488fdf81019'),(48,'thea.zboncak@example.org',79528370460,'89ae82e3c71806ac8168b2a25fa1232e88b28666'),(49,'itzel51@example.org',79915689883,'71d81a6516f8e3b76869290ff3bb2e28e1c78c24'),(50,'barton.nichole@example.net',79980635948,'d330bbb7e22e59d73cfce1a485990a3a24db1eac'),(51,'kunde.kevin@example.com',79361257012,'1644f41fa54f4e8274137eccd7f427a24764e918'),(52,'wilhelm.rippin@example.com',79571863404,'c480fb97bdb2af47aeda17fcff0e2b6c48b41f25'),(53,'raymundo25@example.net',79408904982,'9a5087d7e4f6a6a82a154face7fbab2069c180f9'),(54,'aurelio06@example.com',79174684564,'dd227bd376139d12bf46837815a5875ca1da7a80'),(55,'cristal89@example.com',79443769156,'647bb003c95b2c3b972782c754bb7de7eafb11ba'),(56,'heaney.dallas@example.com',79072634523,'53d7406bbc94165bac6d69ac212aed7b4167488b'),(57,'tquigley@example.com',79088740149,'44ed35c47aa51729cbf2dae4b3b5799f753a1c69'),(58,'harvey.jevon@example.org',79709009037,'d9aa120ae2f924cbe994a91240fe4d84e99d1be5'),(59,'yschuppe@example.org',79337429911,'f47d2c1ac72287f26ee7a8303d2581eb849b72e6'),(60,'renner.leora@example.org',79231099876,'07f1d8fc0df196c1d0055f558111822464b87ece'),(61,'schmidt.ike@example.org',79836953912,'f1f3b8142a1749bad657003e120c178b837ddc74'),(62,'windler.mazie@example.org',79983281142,'9901f3ee64fe4b9bec448714e7cb578376c73d36'),(63,'allison53@example.net',79016359155,'2f318f8e160b57fb3387ba537aa60dbcad04dc2a'),(64,'dhansen@example.org',79255710721,'b27a60f3eaf02714f9147baff025da465d7c95f4'),(65,'consuelo.ankunding@example.org',79312098209,'21801ac297dc197979f4e52eb8b2683a265c2550'),(66,'medhurst.timmy@example.com',79723739295,'e658a79652067851d4541b1d2e24d379837be9d4'),(67,'wquitzon@example.org',79421459607,'dbad0217348c8f370e4b87dd95b034754da37818'),(68,'emmanuelle02@example.com',79619847853,'9ef5ac2571cf5e69418b1e1f3f6f83a06f559b7f'),(69,'cbayer@example.com',79017892690,'873ed65508f3452c3293e3544392b4cf2c0fad04'),(70,'ynolan@example.net',79418316471,'14553f430ddf1505831df35b1b4a5cebfca43bed'),(71,'keeling.flavio@example.net',79926118866,'8b9d356c0809581e73ca8c046b64d269deb25c87'),(72,'plangworth@example.net',79353797652,'4bb9fd1b4bd0c3396a4a957b8e21baf838c9c8eb'),(73,'katlynn49@example.com',79682731579,'bf96c9e6bd8f599180af43247d970ed57f237eb5'),(74,'adaniel@example.org',79386164284,'44f4cd08fd6c9f88a593e1ca657c47b65283b2b5'),(75,'elsie.schuppe@example.com',79543394612,'9ee6db2129c233675c6edc3dce888fd9df3cc6fb'),(76,'dherman@example.org',79305154429,'b739cef753222d18d03ffe0380fd82fb6bc86e78'),(77,'monahan.walker@example.org',79128611142,'dddddcb601526ba528184786f5c53e6c02e019a2'),(78,'vwalter@example.org',79040633226,'3794cf3c77048df1fef878ac325db71c995396c8'),(79,'selmer70@example.com',79592203593,'9fcb5841e554b43be1200f3b3cc61950ea7c103e'),(80,'wwintheiser@example.org',79081312903,'45f1f2da0774817e8ef7c4444b210d29f21ef86c'),(81,'watsica.tressa@example.org',79398853304,'f6abc7746f8bb3374afb8d5ab313cf748f9a2c27'),(82,'amanda.stamm@example.org',79100282373,'7898ea6fb8dc42a942887b72702bf1c926bd7f61'),(83,'robel.kailey@example.com',79704107886,'ab076230587cf8a1d722d1e6f293af6ec5b1b698'),(84,'zbartell@example.org',79815367143,'c4d22d6be0e12d03766683bc2660f022c3e5d574'),(85,'moore.candida@example.net',79169311955,'1b7829fa4730f6a21895232c5cb4d92bc767711a'),(86,'lubowitz.claire@example.net',79726061788,'1527dff54c342454d49b95ceeb1189ed44bca27d'),(87,'dale68@example.org',79838299088,'689ef072bd5c523f05361b6cebb69f819fac13c6'),(88,'nlangworth@example.org',79716824394,'d61295b54f52ba57f693d5682f594cb2354909d5'),(89,'rbreitenberg@example.org',79804723296,'4de90014cb580a7653fad3a7188115fc7b2f6bcb'),(90,'valerie33@example.net',79815027979,'0517484f6b37a439a153019a0e1ff21a8bce3411'),(91,'elfrieda09@example.org',79678337767,'597867cfe416f7f548e69e2ebb2c1d49c203d6ac'),(92,'white.miguel@example.net',79719933441,'ca64f1c9dfb819dcd10103c4ea8160713b3b5e4f'),(93,'demarco21@example.org',79268543211,'fe327b0c71f14579af399fb7f99da85feb0757af'),(94,'macejkovic.david@example.com',79931059390,'0c7c7d01f53bff2c04c3b0bc6c4c6376a6854a7b'),(95,'marcus73@example.com',79739473263,'7c1aa51f5cf3e67edea0f068c55395dcca107c14'),(96,'bernhard.pagac@example.com',79311785935,'d0647f84926c9dd9bea8d03548c4f3fa2a86d99e'),(97,'mosciski.dereck@example.net',79960963578,'cdecdc3369cccd7076973e20528d0c12148367fc'),(98,'blanca17@example.com',79633155421,'3f6feeeb25b1634ebcc188cd465e844f0c101c45'),(99,'turcotte.travis@example.com',79864777937,'0a90152e014b87454b23dc2fa8e9a594c540728f'),(100,'tyra.von@example.com',79264749388,'a681510edd6ba8bc7131b8b834ebaf3c482a5a6d');
/*!40000 ALTER TABLE `users` ENABLE KEYS */;
UNLOCK TABLES;

--
-- Table structure for table `users_communities`
--

DROP TABLE IF EXISTS `users_communities`;
/*!40101 SET @saved_cs_client     = @@character_set_client */;
/*!40101 SET character_set_client = utf8 */;
CREATE TABLE `users_communities` (
  `communities_id` int(10) unsigned NOT NULL,
  `users_id` int(10) unsigned NOT NULL,
  PRIMARY KEY (`communities_id`,`users_id`),
  KEY `fk_users_communities_communities1_idx` (`communities_id`),
  KEY `fk_users_communities_users1_idx` (`users_id`),
  CONSTRAINT `fk_users_communities_communities1` FOREIGN KEY (`communities_id`) REFERENCES `communities` (`id`),
  CONSTRAINT `fk_users_communities_users1` FOREIGN KEY (`users_id`) REFERENCES `users` (`id`)
) ENGINE=InnoDB DEFAULT CHARSET=utf8mb4 COLLATE=utf8mb4_unicode_ci;
/*!40101 SET character_set_client = @saved_cs_client */;

--
-- Dumping data for table `users_communities`
--

LOCK TABLES `users_communities` WRITE;
/*!40000 ALTER TABLE `users_communities` DISABLE KEYS */;
INSERT INTO `users_communities` VALUES (1,13),(1,17),(1,25),(1,35),(1,39),(1,98),(2,6),(2,7),(2,8),(2,26),(2,27),(2,62),(2,64),(2,81),(3,1),(3,8),(3,19),(3,23),(3,39),(3,49),(3,53),(3,54),(3,55),(3,58),(3,59),(3,70),(3,74),(3,76),(3,94),(3,95),(4,10),(4,12),(4,20),(4,23),(4,48),(4,70),(4,71),(4,76),(4,77),(4,85),(4,87),(4,88),(4,95),(4,99),(5,23),(5,29),(5,33),(5,35),(5,55),(5,62),(5,77),(5,93),(6,10),(6,13),(6,14),(6,20),(6,26),(6,48),(6,53),(6,66),(6,78),(7,2),(7,3),(7,15),(7,28),(7,29),(7,53),(7,55),(7,67),(7,69),(8,9),(8,13),(8,15),(8,20),(8,48),(8,49),(8,75),(8,77),(9,10),(9,13),(9,24),(9,26),(9,30),(9,39),(9,62),(9,77),(9,84),(9,88),(9,90),(9,93),(10,4),(10,8),(10,62),(10,67),(10,89),(10,97);
/*!40000 ALTER TABLE `users_communities` ENABLE KEYS */;
UNLOCK TABLES;
/*!40103 SET TIME_ZONE=@OLD_TIME_ZONE */;

/*!40101 SET SQL_MODE=@OLD_SQL_MODE */;
/*!40014 SET FOREIGN_KEY_CHECKS=@OLD_FOREIGN_KEY_CHECKS */;
/*!40014 SET UNIQUE_CHECKS=@OLD_UNIQUE_CHECKS */;
/*!40101 SET CHARACTER_SET_CLIENT=@OLD_CHARACTER_SET_CLIENT */;
/*!40101 SET CHARACTER_SET_RESULTS=@OLD_CHARACTER_SET_RESULTS */;
/*!40101 SET COLLATION_CONNECTION=@OLD_COLLATION_CONNECTION */;
/*!40111 SET SQL_NOTES=@OLD_SQL_NOTES */;

-- Dump completed on 2021-02-12  3:24:42
